day,FR,IT,CH,DE,BE,UK,ES,NL,IE,PT
2040-01-01,9.292,0,0,0,0,0,0,0,0,0
2040-01-02,9.292,0,0,0,0,0,0,0,0,0
2040-01-03,9.292,0,0,0,0,0,0,0,0,0
2040-01-04,9.292,0,0,0,0,0,0,0,0,0
2040-01-05,9.292,0,0,0,0,0,0,0,0,0
2040-01-06,9.292,0,0,0,0,0,0,0,0,0
2040-01-07,9.292,0,0,0,0,0,0,0,0,0
2040-01-08,9.292,0,0,0,0,0,0,0,0,0
2040-01-09,9.292,0,0,0,0,0,0,0,0,0
2040-01-10,9.292,0,0,0,0,0,0,0,0,0
2040-01-11,9.292,0,0,0,0,0,0,0,0,0
2040-01-12,9.292,0,0,0,0,0,0,0,0,0
2040-01-13,9.292,0,0,0,0,0,0,0,0,0
2040-01-14,9.292,0,0,0,0,0,0,0,0,0
2040-01-15,9.292,0,0,0,0,0,0,0,0,0
2040-01-16,9.292,0,0,0,0,0,0,0,0,0
2040-01-17,9.292,0,0,0,0,0,0,0,0,0
2040-01-18,9.292,0,0,0,0,0,0,0,0,0
2040-01-19,9.292,0,0,0,0,0,0,0,0,0
2040-01-20,9.292,0,0,0,0,0,0,0,0,0
2040-01-21,9.292,0,0,0,0,0,0,0,0,0
2040-01-22,9.292,0,0,0,0,0,0,0,0,0
2040-01-23,9.292,0,0,0,0,0,0,0,0,0
2040-01-24,9.292,0,0,0,0,0,0,0,0,0
2040-01-25,9.292,0,0,0,0,0,0,0,0,0
2040-01-26,9.292,0,0,0,0,0,0,0,0,0
2040-01-27,9.292,0,0,0,0,0,0,0,0,0
2040-01-28,9.292,0,0,0,0,0,0,0,0,0
2040-01-29,9.292,0,0,0,0,0,0,0,0,0
2040-01-30,9.292,0,0,0,0,0,0,0,0,0
2040-01-31,9.292,0,0,0,0,0,0,0,0,0
2040-02-01,5.627,0,0,0,0,0,0,0,0,0
2040-02-02,5.627,0,0,0,0,0,0,0,0,0
2040-02-03,5.627,0,0,0,0,0,0,0,0,0
2040-02-04,5.627,0,0,0,0,0,0,0,0,0
2040-02-05,5.627,0,0,0,0,0,0,0,0,0
2040-02-06,5.627,0,0,0,0,0,0,0,0,0
2040-02-07,5.627,0,0,0,0,0,0,0,0,0
2040-02-08,5.627,0,0,0,0,0,0,0,0,0
2040-02-09,5.627,0,0,0,0,0,0,0,0,0
2040-02-10,5.627,0,0,0,0,0,0,0,0,0
2040-02-11,5.627,0,0,0,0,0,0,0,0,0
2040-02-12,5.627,0,0,0,0,0,0,0,0,0
2040-02-13,5.627,0,0,0,0,0,0,0,0,0
2040-02-14,5.627,0,0,0,0,0,0,0,0,0
2040-02-15,5.627,0,0,0,0,0,0,0,0,0
2040-02-16,5.627,0,0,0,0,0,0,0,0,0
2040-02-17,5.627,0,0,0,0,0,0,0,0,0
2040-02-18,5.627,0,0,0,0,0,0,0,0,0
2040-02-19,5.627,0,0,0,0,0,0,0,0,0
2040-02-20,5.627,0,0,0,0,0,0,0,0,0
2040-02-21,5.627,0,0,0,0,0,0,0,0,0
2040-02-22,5.627,0,0,0,0,0,0,0,0,0
2040-02-23,5.627,0,0,0,0,0,0,0,0,0
2040-02-24,5.627,0,0,0,0,0,0,0,0,0
2040-02-25,5.627,0,0,0,0,0,0,0,0,0
2040-02-26,5.627,0,0,0,0,0,0,0,0,0
2040-02-27,5.627,0,0,0,0,0,0,0,0,0
2040-02-28,5.627,0,0,0,0,0,0,0,0,0
2040-03-01,9.947,0,0,0,0,0,0,0,0,0
2040-03-02,9.947,0,0,0,0,0,0,0,0,0
2040-03-03,9.947,0,0,0,0,0,0,0,0,0
2040-03-04,9.947,0,0,0,0,0,0,0,0,0
2040-03-05,9.947,0,0,0,0,0,0,0,0,0
2040-03-06,9.947,0,0,0,0,0,0,0,0,0
2040-03-07,9.947,0,0,0,0,0,0,0,0,0
2040-03-08,9.947,0,0,0,0,0,0,0,0,0
2040-03-09,9.947,0,0,0,0,0,0,0,0,0
2040-03-10,9.947,0,0,0,0,0,0,0,0,0
2040-03-11,9.947,0,0,0,0,0,0,0,0,0
2040-03-12,9.947,0,0,0,0,0,0,0,0,0
2040-03-13,9.947,0,0,0,0,0,0,0,0,0
2040-03-14,9.947,0,0,0,0,0,0,0,0,0
2040-03-15,9.947,0,0,0,0,0,0,0,0,0
2040-03-16,9.947,0,0,0,0,0,0,0,0,0
2040-03-17,9.947,0,0,0,0,0,0,0,0,0
2040-03-18,9.947,0,0,0,0,0,0,0,0,0
2040-03-19,9.947,0,0,0,0,0,0,0,0,0
2040-03-20,9.947,0,0,0,0,0,0,0,0,0
2040-03-21,9.947,0,0,0,0,0,0,0,0,0
2040-03-22,9.947,0,0,0,0,0,0,0,0,0
2040-03-23,9.947,0,0,0,0,0,0,0,0,0
2040-03-24,9.947,0,0,0,0,0,0,0,0,0
2040-03-25,9.947,0,0,0,0,0,0,0,0,0
2040-03-26,9.947,0,0,0,0,0,0,0,0,0
2040-03-27,9.947,0,0,0,0,0,0,0,0,0
2040-03-28,9.947,0,0,0,0,0,0,0,0,0
2040-03-29,9.947,0,0,0,0,0,0,0,0,0
2040-03-30,9.947,0,0,0,0,0,0,0,0,0
2040-03-31,9.947,0,0,0,0,0,0,0,0,0
2040-04-01,4.226,0,0,0,0,0,0,0,0,0
2040-04-02,4.226,0,0,0,0,0,0,0,0,0
2040-04-03,4.226,0,0,0,0,0,0,0,0,0
2040-04-04,4.226,0,0,0,0,0,0,0,0,0
2040-04-05,4.226,0,0,0,0,0,0,0,0,0
2040-04-06,4.226,0,0,0,0,0,0,0,0,0
2040-04-07,4.226,0,0,0,0,0,0,0,0,0
2040-04-08,4.226,0,0,0,0,0,0,0,0,0
2040-04-09,4.226,0,0,0,0,0,0,0,0,0
2040-04-10,4.226,0,0,0,0,0,0,0,0,0
2040-04-11,4.226,0,0,0,0,0,0,0,0,0
2040-04-12,4.226,0,0,0,0,0,0,0,0,0
2040-04-13,4.226,0,0,0,0,0,0,0,0,0
2040-04-14,4.226,0,0,0,0,0,0,0,0,0
2040-04-15,4.226,0,0,0,0,0,0,0,0,0
2040-04-16,4.226,0,0,0,0,0,0,0,0,0
2040-04-17,4.226,0,0,0,0,0,0,0,0,0
2040-04-18,4.226,0,0,0,0,0,0,0,0,0
2040-04-19,4.226,0,0,0,0,0,0,0,0,0
2040-04-20,4.226,0,0,0,0,0,0,0,0,0
2040-04-21,4.226,0,0,0,0,0,0,0,0,0
2040-04-22,4.226,0,0,0,0,0,0,0,0,0
2040-04-23,4.226,0,0,0,0,0,0,0,0,0
2040-04-24,4.226,0,0,0,0,0,0,0,0,0
2040-04-25,4.226,0,0,0,0,0,0,0,0,0
2040-04-26,4.226,0,0,0,0,0,0,0,0,0
2040-04-27,4.226,0,0,0,0,0,0,0,0,0
2040-04-28,4.226,0,0,0,0,0,0,0,0,0
2040-04-29,4.226,0,0,0,0,0,0,0,0,0
2040-04-30,4.226,0,0,0,0,0,0,0,0,0
2040-05-01,8.973,0,0,0,0,0,0,0,0,0
2040-05-02,8.973,0,0,0,0,0,0,0,0,0
2040-05-03,8.973,0,0,0,0,0,0,0,0,0
2040-05-04,8.973,0,0,0,0,0,0,0,0,0
2040-05-05,8.973,0,0,0,0,0,0,0,0,0
2040-05-06,8.973,0,0,0,0,0,0,0,0,0
2040-05-07,8.973,0,0,0,0,0,0,0,0,0
2040-05-08,8.973,0,0,0,0,0,0,0,0,0
2040-05-09,8.973,0,0,0,0,0,0,0,0,0
2040-05-10,8.973,0,0,0,0,0,0,0,0,0
2040-05-11,8.973,0,0,0,0,0,0,0,0,0
2040-05-12,8.973,0,0,0,0,0,0,0,0,0
2040-05-13,8.973,0,0,0,0,0,0,0,0,0
2040-05-14,8.973,0,0,0,0,0,0,0,0,0
2040-05-15,8.973,0,0,0,0,0,0,0,0,0
2040-05-16,8.973,0,0,0,0,0,0,0,0,0
2040-05-17,8.973,0,0,0,0,0,0,0,0,0
2040-05-18,8.973,0,0,0,0,0,0,0,0,0
2040-05-19,8.973,0,0,0,0,0,0,0,0,0
2040-05-20,8.973,0,0,0,0,0,0,0,0,0
2040-05-21,8.973,0,0,0,0,0,0,0,0,0
2040-05-22,8.973,0,0,0,0,0,0,0,0,0
2040-05-23,8.973,0,0,0,0,0,0,0,0,0
2040-05-24,8.973,0,0,0,0,0,0,0,0,0
2040-05-25,8.973,0,0,0,0,0,0,0,0,0
2040-05-26,8.973,0,0,0,0,0,0,0,0,0
2040-05-27,8.973,0,0,0,0,0,0,0,0,0
2040-05-28,8.973,0,0,0,0,0,0,0,0,0
2040-05-29,8.973,0,0,0,0,0,0,0,0,0
2040-05-30,8.973,0,0,0,0,0,0,0,0,0
2040-05-31,8.973,0,0,0,0,0,0,0,0,0
2040-06-01,17.951,0,0,0,0,0,0,0,0,0
2040-06-02,17.951,0,0,0,0,0,0,0,0,0
2040-06-03,17.951,0,0,0,0,0,0,0,0,0
2040-06-04,17.951,0,0,0,0,0,0,0,0,0
2040-06-05,17.951,0,0,0,0,0,0,0,0,0
2040-06-06,17.951,0,0,0,0,0,0,0,0,0
2040-06-07,17.951,0,0,0,0,0,0,0,0,0
2040-06-08,17.951,0,0,0,0,0,0,0,0,0
2040-06-09,17.951,0,0,0,0,0,0,0,0,0
2040-06-10,17.951,0,0,0,0,0,0,0,0,0
2040-06-11,17.951,0,0,0,0,0,0,0,0,0
2040-06-12,17.951,0,0,0,0,0,0,0,0,0
2040-06-13,17.951,0,0,0,0,0,0,0,0,0
2040-06-14,17.951,0,0,0,0,0,0,0,0,0
2040-06-15,17.951,0,0,0,0,0,0,0,0,0
2040-06-16,17.951,0,0,0,0,0,0,0,0,0
2040-06-17,17.951,0,0,0,0,0,0,0,0,0
2040-06-18,17.951,0,0,0,0,0,0,0,0,0
2040-06-19,17.951,0,0,0,0,0,0,0,0,0
2040-06-20,17.951,0,0,0,0,0,0,0,0,0
2040-06-21,17.951,0,0,0,0,0,0,0,0,0
2040-06-22,17.951,0,0,0,0,0,0,0,0,0
2040-06-23,17.951,0,0,0,0,0,0,0,0,0
2040-06-24,17.951,0,0,0,0,0,0,0,0,0
2040-06-25,17.951,0,0,0,0,0,0,0,0,0
2040-06-26,17.951,0,0,0,0,0,0,0,0,0
2040-06-27,17.951,0,0,0,0,0,0,0,0,0
2040-06-28,17.951,0,0,0,0,0,0,0,0,0
2040-06-29,17.951,0,0,0,0,0,0,0,0,0
2040-06-30,17.951,0,0,0,0,0,0,0,0,0
2040-07-01,16.268,0,0,0,0,0,0,0,0,0
2040-07-02,16.268,0,0,0,0,0,0,0,0,0
2040-07-03,16.268,0,0,0,0,0,0,0,0,0
2040-07-04,16.268,0,0,0,0,0,0,0,0,0
2040-07-05,16.268,0,0,0,0,0,0,0,0,0
2040-07-06,16.268,0,0,0,0,0,0,0,0,0
2040-07-07,16.268,0,0,0,0,0,0,0,0,0
2040-07-08,16.268,0,0,0,0,0,0,0,0,0
2040-07-09,16.268,0,0,0,0,0,0,0,0,0
2040-07-10,16.268,0,0,0,0,0,0,0,0,0
2040-07-11,16.268,0,0,0,0,0,0,0,0,0
2040-07-12,16.268,0,0,0,0,0,0,0,0,0
2040-07-13,16.268,0,0,0,0,0,0,0,0,0
2040-07-14,16.268,0,0,0,0,0,0,0,0,0
2040-07-15,16.268,0,0,0,0,0,0,0,0,0
2040-07-16,16.268,0,0,0,0,0,0,0,0,0
2040-07-17,16.268,0,0,0,0,0,0,0,0,0
2040-07-18,16.268,0,0,0,0,0,0,0,0,0
2040-07-19,16.268,0,0,0,0,0,0,0,0,0
2040-07-20,16.268,0,0,0,0,0,0,0,0,0
2040-07-21,16.268,0,0,0,0,0,0,0,0,0
2040-07-22,16.268,0,0,0,0,0,0,0,0,0
2040-07-23,16.268,0,0,0,0,0,0,0,0,0
2040-07-24,16.268,0,0,0,0,0,0,0,0,0
2040-07-25,16.268,0,0,0,0,0,0,0,0,0
2040-07-26,16.268,0,0,0,0,0,0,0,0,0
2040-07-27,16.268,0,0,0,0,0,0,0,0,0
2040-07-28,16.268,0,0,0,0,0,0,0,0,0
2040-07-29,16.268,0,0,0,0,0,0,0,0,0
2040-07-30,16.268,0,0,0,0,0,0,0,0,0
2040-07-31,16.268,0,0,0,0,0,0,0,0,0
2040-08-01,8.273,0,0,0,0,0,0,0,0,0
2040-08-02,8.273,0,0,0,0,0,0,0,0,0
2040-08-03,8.273,0,0,0,0,0,0,0,0,0
2040-08-04,8.273,0,0,0,0,0,0,0,0,0
2040-08-05,8.273,0,0,0,0,0,0,0,0,0
2040-08-06,8.273,0,0,0,0,0,0,0,0,0
2040-08-07,8.273,0,0,0,0,0,0,0,0,0
2040-08-08,8.273,0,0,0,0,0,0,0,0,0
2040-08-09,8.273,0,0,0,0,0,0,0,0,0
2040-08-10,8.273,0,0,0,0,0,0,0,0,0
2040-08-11,8.273,0,0,0,0,0,0,0,0,0
2040-08-12,8.273,0,0,0,0,0,0,0,0,0
2040-08-13,8.273,0,0,0,0,0,0,0,0,0
2040-08-14,8.273,0,0,0,0,0,0,0,0,0
2040-08-15,8.273,0,0,0,0,0,0,0,0,0
2040-08-16,8.273,0,0,0,0,0,0,0,0,0
2040-08-17,8.273,0,0,0,0,0,0,0,0,0
2040-08-18,8.273,0,0,0,0,0,0,0,0,0
2040-08-19,8.273,0,0,0,0,0,0,0,0,0
2040-08-20,8.273,0,0,0,0,0,0,0,0,0
2040-08-21,8.273,0,0,0,0,0,0,0,0,0
2040-08-22,8.273,0,0,0,0,0,0,0,0,0
2040-08-23,8.273,0,0,0,0,0,0,0,0,0
2040-08-24,8.273,0,0,0,0,0,0,0,0,0
2040-08-25,8.273,0,0,0,0,0,0,0,0,0
2040-08-26,8.273,0,0,0,0,0,0,0,0,0
2040-08-27,8.273,0,0,0,0,0,0,0,0,0
2040-08-28,8.273,0,0,0,0,0,0,0,0,0
2040-08-29,8.273,0,0,0,0,0,0,0,0,0
2040-08-30,8.273,0,0,0,0,0,0,0,0,0
2040-08-31,8.273,0,0,0,0,0,0,0,0,0
2040-09-01,9.838,0,0,0,0,0,0,0,0,0
2040-09-02,9.838,0,0,0,0,0,0,0,0,0
2040-09-03,9.838,0,0,0,0,0,0,0,0,0
2040-09-04,9.838,0,0,0,0,0,0,0,0,0
2040-09-05,9.838,0,0,0,0,0,0,0,0,0
2040-09-06,9.838,0,0,0,0,0,0,0,0,0
2040-09-07,9.838,0,0,0,0,0,0,0,0,0
2040-09-08,9.838,0,0,0,0,0,0,0,0,0
2040-09-09,9.838,0,0,0,0,0,0,0,0,0
2040-09-10,9.838,0,0,0,0,0,0,0,0,0
2040-09-11,9.838,0,0,0,0,0,0,0,0,0
2040-09-12,9.838,0,0,0,0,0,0,0,0,0
2040-09-13,9.838,0,0,0,0,0,0,0,0,0
2040-09-14,9.838,0,0,0,0,0,0,0,0,0
2040-09-15,9.838,0,0,0,0,0,0,0,0,0
2040-09-16,9.838,0,0,0,0,0,0,0,0,0
2040-09-17,9.838,0,0,0,0,0,0,0,0,0
2040-09-18,9.838,0,0,0,0,0,0,0,0,0
2040-09-19,9.838,0,0,0,0,0,0,0,0,0
2040-09-20,9.838,0,0,0,0,0,0,0,0,0
2040-09-21,9.838,0,0,0,0,0,0,0,0,0
2040-09-22,9.838,0,0,0,0,0,0,0,0,0
2040-09-23,9.838,0,0,0,0,0,0,0,0,0
2040-09-24,9.838,0,0,0,0,0,0,0,0,0
2040-09-25,9.838,0,0,0,0,0,0,0,0,0
2040-09-26,9.838,0,0,0,0,0,0,0,0,0
2040-09-27,9.838,0,0,0,0,0,0,0,0,0
2040-09-28,9.838,0,0,0,0,0,0,0,0,0
2040-09-29,9.838,0,0,0,0,0,0,0,0,0
2040-09-30,9.838,0,0,0,0,0,0,0,0,0
2040-10-01,3.806,0,0,0,0,0,0,0,0,0
2040-10-02,3.806,0,0,0,0,0,0,0,0,0
2040-10-03,3.806,0,0,0,0,0,0,0,0,0
2040-10-04,3.806,0,0,0,0,0,0,0,0,0
2040-10-05,3.806,0,0,0,0,0,0,0,0,0
2040-10-06,3.806,0,0,0,0,0,0,0,0,0
2040-10-07,3.806,0,0,0,0,0,0,0,0,0
2040-10-08,3.806,0,0,0,0,0,0,0,0,0
2040-10-09,3.806,0,0,0,0,0,0,0,0,0
2040-10-10,3.806,0,0,0,0,0,0,0,0,0
2040-10-11,3.806,0,0,0,0,0,0,0,0,0
2040-10-12,3.806,0,0,0,0,0,0,0,0,0
2040-10-13,3.806,0,0,0,0,0,0,0,0,0
2040-10-14,3.806,0,0,0,0,0,0,0,0,0
2040-10-15,3.806,0,0,0,0,0,0,0,0,0
2040-10-16,3.806,0,0,0,0,0,0,0,0,0
2040-10-17,3.806,0,0,0,0,0,0,0,0,0
2040-10-18,3.806,0,0,0,0,0,0,0,0,0
2040-10-19,3.806,0,0,0,0,0,0,0,0,0
2040-10-20,3.806,0,0,0,0,0,0,0,0,0
2040-10-21,3.806,0,0,0,0,0,0,0,0,0
2040-10-22,3.806,0,0,0,0,0,0,0,0,0
2040-10-23,3.806,0,0,0,0,0,0,0,0,0
2040-10-24,3.806,0,0,0,0,0,0,0,0,0
2040-10-25,3.806,0,0,0,0,0,0,0,0,0
2040-10-26,3.806,0,0,0,0,0,0,0,0,0
2040-10-27,3.806,0,0,0,0,0,0,0,0,0
2040-10-28,3.806,0,0,0,0,0,0,0,0,0
2040-10-29,3.806,0,0,0,0,0,0,0,0,0
2040-10-30,3.806,0,0,0,0,0,0,0,0,0
2040-10-31,3.806,0,0,0,0,0,0,0,0,0
2040-11-01,6.803,0,0,0,0,0,0,0,0,0
2040-11-02,6.803,0,0,0,0,0,0,0,0,0
2040-11-03,6.803,0,0,0,0,0,0,0,0,0
2040-11-04,6.803,0,0,0,0,0,0,0,0,0
2040-11-05,6.803,0,0,0,0,0,0,0,0,0
2040-11-06,6.803,0,0,0,0,0,0,0,0,0
2040-11-07,6.803,0,0,0,0,0,0,0,0,0
2040-11-08,6.803,0,0,0,0,0,0,0,0,0
2040-11-09,6.803,0,0,0,0,0,0,0,0,0
2040-11-10,6.803,0,0,0,0,0,0,0,0,0
2040-11-11,6.803,0,0,0,0,0,0,0,0,0
2040-11-12,6.803,0,0,0,0,0,0,0,0,0
2040-11-13,6.803,0,0,0,0,0,0,0,0,0
2040-11-14,6.803,0,0,0,0,0,0,0,0,0
2040-11-15,6.803,0,0,0,0,0,0,0,0,0
2040-11-16,6.803,0,0,0,0,0,0,0,0,0
2040-11-17,6.803,0,0,0,0,0,0,0,0,0
2040-11-18,6.803,0,0,0,0,0,0,0,0,0
2040-11-19,6.803,0,0,0,0,0,0,0,0,0
2040-11-20,6.803,0,0,0,0,0,0,0,0,0
2040-11-21,6.803,0,0,0,0,0,0,0,0,0
2040-11-22,6.803,0,0,0,0,0,0,0,0,0
2040-11-23,6.803,0,0,0,0,0,0,0,0,0
2040-11-24,6.803,0,0,0,0,0,0,0,0,0
2040-11-25,6.803,0,0,0,0,0,0,0,0,0
2040-11-26,6.803,0,0,0,0,0,0,0,0,0
2040-11-27,6.803,0,0,0,0,0,0,0,0,0
2040-11-28,6.803,0,0,0,0,0,0,0,0,0
2040-11-29,6.803,0,0,0,0,0,0,0,0,0
2040-11-30,6.803,0,0,0,0,0,0,0,0,0
2040-12-01,6.249,0,0,0,0,0,0,0,0,0
2040-12-02,6.249,0,0,0,0,0,0,0,0,0
2040-12-03,6.249,0,0,0,0,0,0,0,0,0
2040-12-04,6.249,0,0,0,0,0,0,0,0,0
2040-12-05,6.249,0,0,0,0,0,0,0,0,0
2040-12-06,6.249,0,0,0,0,0,0,0,0,0
2040-12-07,6.249,0,0,0,0,0,0,0,0,0
2040-12-08,6.249,0,0,0,0,0,0,0,0,0
2040-12-09,6.249,0,0,0,0,0,0,0,0,0
2040-12-10,6.249,0,0,0,0,0,0,0,0,0
2040-12-11,6.249,0,0,0,0,0,0,0,0,0
2040-12-12,6.249,0,0,0,0,0,0,0,0,0
2040-12-13,6.249,0,0,0,0,0,0,0,0,0
2040-12-14,6.249,0,0,0,0,0,0,0,0,0
2040-12-15,6.249,0,0,0,0,0,0,0,0,0
2040-12-16,6.249,0,0,0,0,0,0,0,0,0
2040-12-17,6.249,0,0,0,0,0,0,0,0,0
2040-12-18,6.249,0,0,0,0,0,0,0,0,0
2040-12-19,6.249,0,0,0,0,0,0,0,0,0
2040-12-20,6.249,0,0,0,0,0,0,0,0,0
2040-12-21,6.249,0,0,0,0,0,0,0,0,0
2040-12-22,6.249,0,0,0,0,0,0,0,0,0
2040-12-23,6.249,0,0,0,0,0,0,0,0,0
2040-12-24,6.249,0,0,0,0,0,0,0,0,0
2040-12-25,6.249,0,0,0,0,0,0,0,0,0
2040-12-26,6.249,0,0,0,0,0,0,0,0,0
2040-12-27,6.249,0,0,0,0,0,0,0,0,0
2040-12-28,6.249,0,0,0,0,0,0,0,0,0
2040-12-29,6.249,0,0,0,0,0,0,0,0,0
2040-12-30,6.249,0,0,0,0,0,0,0,0,0
2040-12-31,6.249,0,0,0,0,0,0,0,0,0
2041-01-01,9.292,0,0,0,0,0,0,0,0,0
2041-01-02,9.292,0,0,0,0,0,0,0,0,0
2041-01-03,9.292,0,0,0,0,0,0,0,0,0
2041-01-04,9.292,0,0,0,0,0,0,0,0,0
2041-01-05,9.292,0,0,0,0,0,0,0,0,0
2041-01-06,9.292,0,0,0,0,0,0,0,0,0
2041-01-07,9.292,0,0,0,0,0,0,0,0,0
2041-01-08,9.292,0,0,0,0,0,0,0,0,0
2041-01-09,9.292,0,0,0,0,0,0,0,0,0
2041-01-10,9.292,0,0,0,0,0,0,0,0,0
2041-01-11,9.292,0,0,0,0,0,0,0,0,0
2041-01-12,9.292,0,0,0,0,0,0,0,0,0
2041-01-13,9.292,0,0,0,0,0,0,0,0,0
2041-01-14,9.292,0,0,0,0,0,0,0,0,0
2041-01-15,9.292,0,0,0,0,0,0,0,0,0
2041-01-16,9.292,0,0,0,0,0,0,0,0,0
2041-01-17,9.292,0,0,0,0,0,0,0,0,0
2041-01-18,9.292,0,0,0,0,0,0,0,0,0
2041-01-19,9.292,0,0,0,0,0,0,0,0,0
2041-01-20,9.292,0,0,0,0,0,0,0,0,0
2041-01-21,9.292,0,0,0,0,0,0,0,0,0
2041-01-22,9.292,0,0,0,0,0,0,0,0,0
2041-01-23,9.292,0,0,0,0,0,0,0,0,0
2041-01-24,9.292,0,0,0,0,0,0,0,0,0
2041-01-25,9.292,0,0,0,0,0,0,0,0,0
2041-01-26,9.292,0,0,0,0,0,0,0,0,0
2041-01-27,9.292,0,0,0,0,0,0,0,0,0
2041-01-28,9.292,0,0,0,0,0,0,0,0,0
2041-01-29,9.292,0,0,0,0,0,0,0,0,0
2041-01-30,9.292,0,0,0,0,0,0,0,0,0
2041-01-31,9.292,0,0,0,0,0,0,0,0,0
2041-02-01,5.627,0,0,0,0,0,0,0,0,0
2041-02-02,5.627,0,0,0,0,0,0,0,0,0
2041-02-03,5.627,0,0,0,0,0,0,0,0,0
2041-02-04,5.627,0,0,0,0,0,0,0,0,0
2041-02-05,5.627,0,0,0,0,0,0,0,0,0
2041-02-06,5.627,0,0,0,0,0,0,0,0,0
2041-02-07,5.627,0,0,0,0,0,0,0,0,0
2041-02-08,5.627,0,0,0,0,0,0,0,0,0
2041-02-09,5.627,0,0,0,0,0,0,0,0,0
2041-02-10,5.627,0,0,0,0,0,0,0,0,0
2041-02-11,5.627,0,0,0,0,0,0,0,0,0
2041-02-12,5.627,0,0,0,0,0,0,0,0,0
2041-02-13,5.627,0,0,0,0,0,0,0,0,0
2041-02-14,5.627,0,0,0,0,0,0,0,0,0
2041-02-15,5.627,0,0,0,0,0,0,0,0,0
2041-02-16,5.627,0,0,0,0,0,0,0,0,0
2041-02-17,5.627,0,0,0,0,0,0,0,0,0
2041-02-18,5.627,0,0,0,0,0,0,0,0,0
2041-02-19,5.627,0,0,0,0,0,0,0,0,0
2041-02-20,5.627,0,0,0,0,0,0,0,0,0
2041-02-21,5.627,0,0,0,0,0,0,0,0,0
2041-02-22,5.627,0,0,0,0,0,0,0,0,0
2041-02-23,5.627,0,0,0,0,0,0,0,0,0
2041-02-24,5.627,0,0,0,0,0,0,0,0,0
2041-02-25,5.627,0,0,0,0,0,0,0,0,0
2041-02-26,5.627,0,0,0,0,0,0,0,0,0
2041-02-27,5.627,0,0,0,0,0,0,0,0,0
2041-02-28,5.627,0,0,0,0,0,0,0,0,0
2041-03-01,9.947,0,0,0,0,0,0,0,0,0
2041-03-02,9.947,0,0,0,0,0,0,0,0,0
2041-03-03,9.947,0,0,0,0,0,0,0,0,0
2041-03-04,9.947,0,0,0,0,0,0,0,0,0
2041-03-05,9.947,0,0,0,0,0,0,0,0,0
2041-03-06,9.947,0,0,0,0,0,0,0,0,0
2041-03-07,9.947,0,0,0,0,0,0,0,0,0
2041-03-08,9.947,0,0,0,0,0,0,0,0,0
2041-03-09,9.947,0,0,0,0,0,0,0,0,0
2041-03-10,9.947,0,0,0,0,0,0,0,0,0
2041-03-11,9.947,0,0,0,0,0,0,0,0,0
2041-03-12,9.947,0,0,0,0,0,0,0,0,0
2041-03-13,9.947,0,0,0,0,0,0,0,0,0
2041-03-14,9.947,0,0,0,0,0,0,0,0,0
2041-03-15,9.947,0,0,0,0,0,0,0,0,0
2041-03-16,9.947,0,0,0,0,0,0,0,0,0
2041-03-17,9.947,0,0,0,0,0,0,0,0,0
2041-03-18,9.947,0,0,0,0,0,0,0,0,0
2041-03-19,9.947,0,0,0,0,0,0,0,0,0
2041-03-20,9.947,0,0,0,0,0,0,0,0,0
2041-03-21,9.947,0,0,0,0,0,0,0,0,0
2041-03-22,9.947,0,0,0,0,0,0,0,0,0
2041-03-23,9.947,0,0,0,0,0,0,0,0,0
2041-03-24,9.947,0,0,0,0,0,0,0,0,0
2041-03-25,9.947,0,0,0,0,0,0,0,0,0
2041-03-26,9.947,0,0,0,0,0,0,0,0,0
2041-03-27,9.947,0,0,0,0,0,0,0,0,0
2041-03-28,9.947,0,0,0,0,0,0,0,0,0
2041-03-29,9.947,0,0,0,0,0,0,0,0,0
2041-03-30,9.947,0,0,0,0,0,0,0,0,0
2041-03-31,9.947,0,0,0,0,0,0,0,0,0
2041-04-01,4.226,0,0,0,0,0,0,0,0,0
2041-04-02,4.226,0,0,0,0,0,0,0,0,0
2041-04-03,4.226,0,0,0,0,0,0,0,0,0
2041-04-04,4.226,0,0,0,0,0,0,0,0,0
2041-04-05,4.226,0,0,0,0,0,0,0,0,0
2041-04-06,4.226,0,0,0,0,0,0,0,0,0
2041-04-07,4.226,0,0,0,0,0,0,0,0,0
2041-04-08,4.226,0,0,0,0,0,0,0,0,0
2041-04-09,4.226,0,0,0,0,0,0,0,0,0
2041-04-10,4.226,0,0,0,0,0,0,0,0,0
2041-04-11,4.226,0,0,0,0,0,0,0,0,0
2041-04-12,4.226,0,0,0,0,0,0,0,0,0
2041-04-13,4.226,0,0,0,0,0,0,0,0,0
2041-04-14,4.226,0,0,0,0,0,0,0,0,0
2041-04-15,4.226,0,0,0,0,0,0,0,0,0
2041-04-16,4.226,0,0,0,0,0,0,0,0,0
2041-04-17,4.226,0,0,0,0,0,0,0,0,0
2041-04-18,4.226,0,0,0,0,0,0,0,0,0
2041-04-19,4.226,0,0,0,0,0,0,0,0,0
2041-04-20,4.226,0,0,0,0,0,0,0,0,0
2041-04-21,4.226,0,0,0,0,0,0,0,0,0
2041-04-22,4.226,0,0,0,0,0,0,0,0,0
2041-04-23,4.226,0,0,0,0,0,0,0,0,0
2041-04-24,4.226,0,0,0,0,0,0,0,0,0
2041-04-25,4.226,0,0,0,0,0,0,0,0,0
2041-04-26,4.226,0,0,0,0,0,0,0,0,0
2041-04-27,4.226,0,0,0,0,0,0,0,0,0
2041-04-28,4.226,0,0,0,0,0,0,0,0,0
2041-04-29,4.226,0,0,0,0,0,0,0,0,0
2041-04-30,4.226,0,0,0,0,0,0,0,0,0
2041-05-01,8.973,0,0,0,0,0,0,0,0,0
2041-05-02,8.973,0,0,0,0,0,0,0,0,0
2041-05-03,8.973,0,0,0,0,0,0,0,0,0
2041-05-04,8.973,0,0,0,0,0,0,0,0,0
2041-05-05,8.973,0,0,0,0,0,0,0,0,0
2041-05-06,8.973,0,0,0,0,0,0,0,0,0
2041-05-07,8.973,0,0,0,0,0,0,0,0,0
2041-05-08,8.973,0,0,0,0,0,0,0,0,0
2041-05-09,8.973,0,0,0,0,0,0,0,0,0
2041-05-10,8.973,0,0,0,0,0,0,0,0,0
2041-05-11,8.973,0,0,0,0,0,0,0,0,0
2041-05-12,8.973,0,0,0,0,0,0,0,0,0
2041-05-13,8.973,0,0,0,0,0,0,0,0,0
2041-05-14,8.973,0,0,0,0,0,0,0,0,0
2041-05-15,8.973,0,0,0,0,0,0,0,0,0
2041-05-16,8.973,0,0,0,0,0,0,0,0,0
2041-05-17,8.973,0,0,0,0,0,0,0,0,0
2041-05-18,8.973,0,0,0,0,0,0,0,0,0
2041-05-19,8.973,0,0,0,0,0,0,0,0,0
2041-05-20,8.973,0,0,0,0,0,0,0,0,0
2041-05-21,8.973,0,0,0,0,0,0,0,0,0
2041-05-22,8.973,0,0,0,0,0,0,0,0,0
2041-05-23,8.973,0,0,0,0,0,0,0,0,0
2041-05-24,8.973,0,0,0,0,0,0,0,0,0
2041-05-25,8.973,0,0,0,0,0,0,0,0,0
2041-05-26,8.973,0,0,0,0,0,0,0,0,0
2041-05-27,8.973,0,0,0,0,0,0,0,0,0
2041-05-28,8.973,0,0,0,0,0,0,0,0,0
2041-05-29,8.973,0,0,0,0,0,0,0,0,0
2041-05-30,8.973,0,0,0,0,0,0,0,0,0
2041-05-31,8.973,0,0,0,0,0,0,0,0,0
2041-06-01,17.951,0,0,0,0,0,0,0,0,0
2041-06-02,17.951,0,0,0,0,0,0,0,0,0
2041-06-03,17.951,0,0,0,0,0,0,0,0,0
2041-06-04,17.951,0,0,0,0,0,0,0,0,0
2041-06-05,17.951,0,0,0,0,0,0,0,0,0
2041-06-06,17.951,0,0,0,0,0,0,0,0,0
2041-06-07,17.951,0,0,0,0,0,0,0,0,0
2041-06-08,17.951,0,0,0,0,0,0,0,0,0
2041-06-09,17.951,0,0,0,0,0,0,0,0,0
2041-06-10,17.951,0,0,0,0,0,0,0,0,0
2041-06-11,17.951,0,0,0,0,0,0,0,0,0
2041-06-12,17.951,0,0,0,0,0,0,0,0,0
2041-06-13,17.951,0,0,0,0,0,0,0,0,0
2041-06-14,17.951,0,0,0,0,0,0,0,0,0
2041-06-15,17.951,0,0,0,0,0,0,0,0,0
2041-06-16,17.951,0,0,0,0,0,0,0,0,0
2041-06-17,17.951,0,0,0,0,0,0,0,0,0
2041-06-18,17.951,0,0,0,0,0,0,0,0,0
2041-06-19,17.951,0,0,0,0,0,0,0,0,0
2041-06-20,17.951,0,0,0,0,0,0,0,0,0
2041-06-21,17.951,0,0,0,0,0,0,0,0,0
2041-06-22,17.951,0,0,0,0,0,0,0,0,0
2041-06-23,17.951,0,0,0,0,0,0,0,0,0
2041-06-24,17.951,0,0,0,0,0,0,0,0,0
2041-06-25,17.951,0,0,0,0,0,0,0,0,0
2041-06-26,17.951,0,0,0,0,0,0,0,0,0
2041-06-27,17.951,0,0,0,0,0,0,0,0,0
2041-06-28,17.951,0,0,0,0,0,0,0,0,0
2041-06-29,17.951,0,0,0,0,0,0,0,0,0
2041-06-30,17.951,0,0,0,0,0,0,0,0,0
2041-07-01,16.268,0,0,0,0,0,0,0,0,0
2041-07-02,16.268,0,0,0,0,0,0,0,0,0
2041-07-03,16.268,0,0,0,0,0,0,0,0,0
2041-07-04,16.268,0,0,0,0,0,0,0,0,0
2041-07-05,16.268,0,0,0,0,0,0,0,0,0
2041-07-06,16.268,0,0,0,0,0,0,0,0,0
2041-07-07,16.268,0,0,0,0,0,0,0,0,0
2041-07-08,16.268,0,0,0,0,0,0,0,0,0
2041-07-09,16.268,0,0,0,0,0,0,0,0,0
2041-07-10,16.268,0,0,0,0,0,0,0,0,0
2041-07-11,16.268,0,0,0,0,0,0,0,0,0
2041-07-12,16.268,0,0,0,0,0,0,0,0,0
2041-07-13,16.268,0,0,0,0,0,0,0,0,0
2041-07-14,16.268,0,0,0,0,0,0,0,0,0
2041-07-15,16.268,0,0,0,0,0,0,0,0,0
2041-07-16,16.268,0,0,0,0,0,0,0,0,0
2041-07-17,16.268,0,0,0,0,0,0,0,0,0
2041-07-18,16.268,0,0,0,0,0,0,0,0,0
2041-07-19,16.268,0,0,0,0,0,0,0,0,0
2041-07-20,16.268,0,0,0,0,0,0,0,0,0
2041-07-21,16.268,0,0,0,0,0,0,0,0,0
2041-07-22,16.268,0,0,0,0,0,0,0,0,0
2041-07-23,16.268,0,0,0,0,0,0,0,0,0
2041-07-24,16.268,0,0,0,0,0,0,0,0,0
2041-07-25,16.268,0,0,0,0,0,0,0,0,0
2041-07-26,16.268,0,0,0,0,0,0,0,0,0
2041-07-27,16.268,0,0,0,0,0,0,0,0,0
2041-07-28,16.268,0,0,0,0,0,0,0,0,0
2041-07-29,16.268,0,0,0,0,0,0,0,0,0
2041-07-30,16.268,0,0,0,0,0,0,0,0,0
2041-07-31,16.268,0,0,0,0,0,0,0,0,0
2041-08-01,8.273,0,0,0,0,0,0,0,0,0
2041-08-02,8.273,0,0,0,0,0,0,0,0,0
2041-08-03,8.273,0,0,0,0,0,0,0,0,0
2041-08-04,8.273,0,0,0,0,0,0,0,0,0
2041-08-05,8.273,0,0,0,0,0,0,0,0,0
2041-08-06,8.273,0,0,0,0,0,0,0,0,0
2041-08-07,8.273,0,0,0,0,0,0,0,0,0
2041-08-08,8.273,0,0,0,0,0,0,0,0,0
2041-08-09,8.273,0,0,0,0,0,0,0,0,0
2041-08-10,8.273,0,0,0,0,0,0,0,0,0
2041-08-11,8.273,0,0,0,0,0,0,0,0,0
2041-08-12,8.273,0,0,0,0,0,0,0,0,0
2041-08-13,8.273,0,0,0,0,0,0,0,0,0
2041-08-14,8.273,0,0,0,0,0,0,0,0,0
2041-08-15,8.273,0,0,0,0,0,0,0,0,0
2041-08-16,8.273,0,0,0,0,0,0,0,0,0
2041-08-17,8.273,0,0,0,0,0,0,0,0,0
2041-08-18,8.273,0,0,0,0,0,0,0,0,0
2041-08-19,8.273,0,0,0,0,0,0,0,0,0
2041-08-20,8.273,0,0,0,0,0,0,0,0,0
2041-08-21,8.273,0,0,0,0,0,0,0,0,0
2041-08-22,8.273,0,0,0,0,0,0,0,0,0
2041-08-23,8.273,0,0,0,0,0,0,0,0,0
2041-08-24,8.273,0,0,0,0,0,0,0,0,0
2041-08-25,8.273,0,0,0,0,0,0,0,0,0
2041-08-26,8.273,0,0,0,0,0,0,0,0,0
2041-08-27,8.273,0,0,0,0,0,0,0,0,0
2041-08-28,8.273,0,0,0,0,0,0,0,0,0
2041-08-29,8.273,0,0,0,0,0,0,0,0,0
2041-08-30,8.273,0,0,0,0,0,0,0,0,0
2041-08-31,8.273,0,0,0,0,0,0,0,0,0
2041-09-01,9.838,0,0,0,0,0,0,0,0,0
2041-09-02,9.838,0,0,0,0,0,0,0,0,0
2041-09-03,9.838,0,0,0,0,0,0,0,0,0
2041-09-04,9.838,0,0,0,0,0,0,0,0,0
2041-09-05,9.838,0,0,0,0,0,0,0,0,0
2041-09-06,9.838,0,0,0,0,0,0,0,0,0
2041-09-07,9.838,0,0,0,0,0,0,0,0,0
2041-09-08,9.838,0,0,0,0,0,0,0,0,0
2041-09-09,9.838,0,0,0,0,0,0,0,0,0
2041-09-10,9.838,0,0,0,0,0,0,0,0,0
2041-09-11,9.838,0,0,0,0,0,0,0,0,0
2041-09-12,9.838,0,0,0,0,0,0,0,0,0
2041-09-13,9.838,0,0,0,0,0,0,0,0,0
2041-09-14,9.838,0,0,0,0,0,0,0,0,0
2041-09-15,9.838,0,0,0,0,0,0,0,0,0
2041-09-16,9.838,0,0,0,0,0,0,0,0,0
2041-09-17,9.838,0,0,0,0,0,0,0,0,0
2041-09-18,9.838,0,0,0,0,0,0,0,0,0
2041-09-19,9.838,0,0,0,0,0,0,0,0,0
2041-09-20,9.838,0,0,0,0,0,0,0,0,0
2041-09-21,9.838,0,0,0,0,0,0,0,0,0
2041-09-22,9.838,0,0,0,0,0,0,0,0,0
2041-09-23,9.838,0,0,0,0,0,0,0,0,0
2041-09-24,9.838,0,0,0,0,0,0,0,0,0
2041-09-25,9.838,0,0,0,0,0,0,0,0,0
2041-09-26,9.838,0,0,0,0,0,0,0,0,0
2041-09-27,9.838,0,0,0,0,0,0,0,0,0
2041-09-28,9.838,0,0,0,0,0,0,0,0,0
2041-09-29,9.838,0,0,0,0,0,0,0,0,0
2041-09-30,9.838,0,0,0,0,0,0,0,0,0
2041-10-01,3.806,0,0,0,0,0,0,0,0,0
2041-10-02,3.806,0,0,0,0,0,0,0,0,0
2041-10-03,3.806,0,0,0,0,0,0,0,0,0
2041-10-04,3.806,0,0,0,0,0,0,0,0,0
2041-10-05,3.806,0,0,0,0,0,0,0,0,0
2041-10-06,3.806,0,0,0,0,0,0,0,0,0
2041-10-07,3.806,0,0,0,0,0,0,0,0,0
2041-10-08,3.806,0,0,0,0,0,0,0,0,0
2041-10-09,3.806,0,0,0,0,0,0,0,0,0
2041-10-10,3.806,0,0,0,0,0,0,0,0,0
2041-10-11,3.806,0,0,0,0,0,0,0,0,0
2041-10-12,3.806,0,0,0,0,0,0,0,0,0
2041-10-13,3.806,0,0,0,0,0,0,0,0,0
2041-10-14,3.806,0,0,0,0,0,0,0,0,0
2041-10-15,3.806,0,0,0,0,0,0,0,0,0
2041-10-16,3.806,0,0,0,0,0,0,0,0,0
2041-10-17,3.806,0,0,0,0,0,0,0,0,0
2041-10-18,3.806,0,0,0,0,0,0,0,0,0
2041-10-19,3.806,0,0,0,0,0,0,0,0,0
2041-10-20,3.806,0,0,0,0,0,0,0,0,0
2041-10-21,3.806,0,0,0,0,0,0,0,0,0
2041-10-22,3.806,0,0,0,0,0,0,0,0,0
2041-10-23,3.806,0,0,0,0,0,0,0,0,0
2041-10-24,3.806,0,0,0,0,0,0,0,0,0
2041-10-25,3.806,0,0,0,0,0,0,0,0,0
2041-10-26,3.806,0,0,0,0,0,0,0,0,0
2041-10-27,3.806,0,0,0,0,0,0,0,0,0
2041-10-28,3.806,0,0,0,0,0,0,0,0,0
2041-10-29,3.806,0,0,0,0,0,0,0,0,0
2041-10-30,3.806,0,0,0,0,0,0,0,0,0
2041-10-31,3.806,0,0,0,0,0,0,0,0,0
2041-11-01,6.803,0,0,0,0,0,0,0,0,0
2041-11-02,6.803,0,0,0,0,0,0,0,0,0
2041-11-03,6.803,0,0,0,0,0,0,0,0,0
2041-11-04,6.803,0,0,0,0,0,0,0,0,0
2041-11-05,6.803,0,0,0,0,0,0,0,0,0
2041-11-06,6.803,0,0,0,0,0,0,0,0,0
2041-11-07,6.803,0,0,0,0,0,0,0,0,0
2041-11-08,6.803,0,0,0,0,0,0,0,0,0
2041-11-09,6.803,0,0,0,0,0,0,0,0,0
2041-11-10,6.803,0,0,0,0,0,0,0,0,0
2041-11-11,6.803,0,0,0,0,0,0,0,0,0
2041-11-12,6.803,0,0,0,0,0,0,0,0,0
2041-11-13,6.803,0,0,0,0,0,0,0,0,0
2041-11-14,6.803,0,0,0,0,0,0,0,0,0
2041-11-15,6.803,0,0,0,0,0,0,0,0,0
2041-11-16,6.803,0,0,0,0,0,0,0,0,0
2041-11-17,6.803,0,0,0,0,0,0,0,0,0
2041-11-18,6.803,0,0,0,0,0,0,0,0,0
2041-11-19,6.803,0,0,0,0,0,0,0,0,0
2041-11-20,6.803,0,0,0,0,0,0,0,0,0
2041-11-21,6.803,0,0,0,0,0,0,0,0,0
2041-11-22,6.803,0,0,0,0,0,0,0,0,0
2041-11-23,6.803,0,0,0,0,0,0,0,0,0
2041-11-24,6.803,0,0,0,0,0,0,0,0,0
2041-11-25,6.803,0,0,0,0,0,0,0,0,0
2041-11-26,6.803,0,0,0,0,0,0,0,0,0
2041-11-27,6.803,0,0,0,0,0,0,0,0,0
2041-11-28,6.803,0,0,0,0,0,0,0,0,0
2041-11-29,6.803,0,0,0,0,0,0,0,0,0
2041-11-30,6.803,0,0,0,0,0,0,0,0,0
2041-12-01,6.249,0,0,0,0,0,0,0,0,0
2041-12-02,6.249,0,0,0,0,0,0,0,0,0
2041-12-03,6.249,0,0,0,0,0,0,0,0,0
2041-12-04,6.249,0,0,0,0,0,0,0,0,0
2041-12-05,6.249,0,0,0,0,0,0,0,0,0
2041-12-06,6.249,0,0,0,0,0,0,0,0,0
2041-12-07,6.249,0,0,0,0,0,0,0,0,0
2041-12-08,6.249,0,0,0,0,0,0,0,0,0
2041-12-09,6.249,0,0,0,0,0,0,0,0,0
2041-12-10,6.249,0,0,0,0,0,0,0,0,0
2041-12-11,6.249,0,0,0,0,0,0,0,0,0
2041-12-12,6.249,0,0,0,0,0,0,0,0,0
2041-12-13,6.249,0,0,0,0,0,0,0,0,0
2041-12-14,6.249,0,0,0,0,0,0,0,0,0
2041-12-15,6.249,0,0,0,0,0,0,0,0,0
2041-12-16,6.249,0,0,0,0,0,0,0,0,0
2041-12-17,6.249,0,0,0,0,0,0,0,0,0
2041-12-18,6.249,0,0,0,0,0,0,0,0,0
2041-12-19,6.249,0,0,0,0,0,0,0,0,0
2041-12-20,6.249,0,0,0,0,0,0,0,0,0
2041-12-21,6.249,0,0,0,0,0,0,0,0,0
2041-12-22,6.249,0,0,0,0,0,0,0,0,0
2041-12-23,6.249,0,0,0,0,0,0,0,0,0
2041-12-24,6.249,0,0,0,0,0,0,0,0,0
2041-12-25,6.249,0,0,0,0,0,0,0,0,0
2041-12-26,6.249,0,0,0,0,0,0,0,0,0
2041-12-27,6.249,0,0,0,0,0,0,0,0,0
2041-12-28,6.249,0,0,0,0,0,0,0,0,0
2041-12-29,6.249,0,0,0,0,0,0,0,0,0
2041-12-30,6.249,0,0,0,0,0,0,0,0,0
2041-12-31,6.249,0,0,0,0,0,0,0,0,0
2042-01-01,9.292,0,0,0,0,0,0,0,0,0
2042-01-02,9.292,0,0,0,0,0,0,0,0,0
2042-01-03,9.292,0,0,0,0,0,0,0,0,0
2042-01-04,9.292,0,0,0,0,0,0,0,0,0
2042-01-05,9.292,0,0,0,0,0,0,0,0,0
2042-01-06,9.292,0,0,0,0,0,0,0,0,0
2042-01-07,9.292,0,0,0,0,0,0,0,0,0
2042-01-08,9.292,0,0,0,0,0,0,0,0,0
2042-01-09,9.292,0,0,0,0,0,0,0,0,0
2042-01-10,9.292,0,0,0,0,0,0,0,0,0
2042-01-11,9.292,0,0,0,0,0,0,0,0,0
2042-01-12,9.292,0,0,0,0,0,0,0,0,0
2042-01-13,9.292,0,0,0,0,0,0,0,0,0
2042-01-14,9.292,0,0,0,0,0,0,0,0,0
2042-01-15,9.292,0,0,0,0,0,0,0,0,0
2042-01-16,9.292,0,0,0,0,0,0,0,0,0
2042-01-17,9.292,0,0,0,0,0,0,0,0,0
2042-01-18,9.292,0,0,0,0,0,0,0,0,0
2042-01-19,9.292,0,0,0,0,0,0,0,0,0
2042-01-20,9.292,0,0,0,0,0,0,0,0,0
2042-01-21,9.292,0,0,0,0,0,0,0,0,0
2042-01-22,9.292,0,0,0,0,0,0,0,0,0
2042-01-23,9.292,0,0,0,0,0,0,0,0,0
2042-01-24,9.292,0,0,0,0,0,0,0,0,0
2042-01-25,9.292,0,0,0,0,0,0,0,0,0
2042-01-26,9.292,0,0,0,0,0,0,0,0,0
2042-01-27,9.292,0,0,0,0,0,0,0,0,0
2042-01-28,9.292,0,0,0,0,0,0,0,0,0
2042-01-29,9.292,0,0,0,0,0,0,0,0,0
2042-01-30,9.292,0,0,0,0,0,0,0,0,0
2042-01-31,9.292,0,0,0,0,0,0,0,0,0
2042-02-01,5.627,0,0,0,0,0,0,0,0,0
2042-02-02,5.627,0,0,0,0,0,0,0,0,0
2042-02-03,5.627,0,0,0,0,0,0,0,0,0
2042-02-04,5.627,0,0,0,0,0,0,0,0,0
2042-02-05,5.627,0,0,0,0,0,0,0,0,0
2042-02-06,5.627,0,0,0,0,0,0,0,0,0
2042-02-07,5.627,0,0,0,0,0,0,0,0,0
2042-02-08,5.627,0,0,0,0,0,0,0,0,0
2042-02-09,5.627,0,0,0,0,0,0,0,0,0
2042-02-10,5.627,0,0,0,0,0,0,0,0,0
2042-02-11,5.627,0,0,0,0,0,0,0,0,0
2042-02-12,5.627,0,0,0,0,0,0,0,0,0
2042-02-13,5.627,0,0,0,0,0,0,0,0,0
2042-02-14,5.627,0,0,0,0,0,0,0,0,0
2042-02-15,5.627,0,0,0,0,0,0,0,0,0
2042-02-16,5.627,0,0,0,0,0,0,0,0,0
2042-02-17,5.627,0,0,0,0,0,0,0,0,0
2042-02-18,5.627,0,0,0,0,0,0,0,0,0
2042-02-19,5.627,0,0,0,0,0,0,0,0,0
2042-02-20,5.627,0,0,0,0,0,0,0,0,0
2042-02-21,5.627,0,0,0,0,0,0,0,0,0
2042-02-22,5.627,0,0,0,0,0,0,0,0,0
2042-02-23,5.627,0,0,0,0,0,0,0,0,0
2042-02-24,5.627,0,0,0,0,0,0,0,0,0
2042-02-25,5.627,0,0,0,0,0,0,0,0,0
2042-02-26,5.627,0,0,0,0,0,0,0,0,0
2042-02-27,5.627,0,0,0,0,0,0,0,0,0
2042-02-28,5.627,0,0,0,0,0,0,0,0,0
2042-03-01,9.947,0,0,0,0,0,0,0,0,0
2042-03-02,9.947,0,0,0,0,0,0,0,0,0
2042-03-03,9.947,0,0,0,0,0,0,0,0,0
2042-03-04,9.947,0,0,0,0,0,0,0,0,0
2042-03-05,9.947,0,0,0,0,0,0,0,0,0
2042-03-06,9.947,0,0,0,0,0,0,0,0,0
2042-03-07,9.947,0,0,0,0,0,0,0,0,0
2042-03-08,9.947,0,0,0,0,0,0,0,0,0
2042-03-09,9.947,0,0,0,0,0,0,0,0,0
2042-03-10,9.947,0,0,0,0,0,0,0,0,0
2042-03-11,9.947,0,0,0,0,0,0,0,0,0
2042-03-12,9.947,0,0,0,0,0,0,0,0,0
2042-03-13,9.947,0,0,0,0,0,0,0,0,0
2042-03-14,9.947,0,0,0,0,0,0,0,0,0
2042-03-15,9.947,0,0,0,0,0,0,0,0,0
2042-03-16,9.947,0,0,0,0,0,0,0,0,0
2042-03-17,9.947,0,0,0,0,0,0,0,0,0
2042-03-18,9.947,0,0,0,0,0,0,0,0,0
2042-03-19,9.947,0,0,0,0,0,0,0,0,0
2042-03-20,9.947,0,0,0,0,0,0,0,0,0
2042-03-21,9.947,0,0,0,0,0,0,0,0,0
2042-03-22,9.947,0,0,0,0,0,0,0,0,0
2042-03-23,9.947,0,0,0,0,0,0,0,0,0
2042-03-24,9.947,0,0,0,0,0,0,0,0,0
2042-03-25,9.947,0,0,0,0,0,0,0,0,0
2042-03-26,9.947,0,0,0,0,0,0,0,0,0
2042-03-27,9.947,0,0,0,0,0,0,0,0,0
2042-03-28,9.947,0,0,0,0,0,0,0,0,0
2042-03-29,9.947,0,0,0,0,0,0,0,0,0
2042-03-30,9.947,0,0,0,0,0,0,0,0,0
2042-03-31,9.947,0,0,0,0,0,0,0,0,0
2042-04-01,4.226,0,0,0,0,0,0,0,0,0
2042-04-02,4.226,0,0,0,0,0,0,0,0,0
2042-04-03,4.226,0,0,0,0,0,0,0,0,0
2042-04-04,4.226,0,0,0,0,0,0,0,0,0
2042-04-05,4.226,0,0,0,0,0,0,0,0,0
2042-04-06,4.226,0,0,0,0,0,0,0,0,0
2042-04-07,4.226,0,0,0,0,0,0,0,0,0
2042-04-08,4.226,0,0,0,0,0,0,0,0,0
2042-04-09,4.226,0,0,0,0,0,0,0,0,0
2042-04-10,4.226,0,0,0,0,0,0,0,0,0
2042-04-11,4.226,0,0,0,0,0,0,0,0,0
2042-04-12,4.226,0,0,0,0,0,0,0,0,0
2042-04-13,4.226,0,0,0,0,0,0,0,0,0
2042-04-14,4.226,0,0,0,0,0,0,0,0,0
2042-04-15,4.226,0,0,0,0,0,0,0,0,0
2042-04-16,4.226,0,0,0,0,0,0,0,0,0
2042-04-17,4.226,0,0,0,0,0,0,0,0,0
2042-04-18,4.226,0,0,0,0,0,0,0,0,0
2042-04-19,4.226,0,0,0,0,0,0,0,0,0
2042-04-20,4.226,0,0,0,0,0,0,0,0,0
2042-04-21,4.226,0,0,0,0,0,0,0,0,0
2042-04-22,4.226,0,0,0,0,0,0,0,0,0
2042-04-23,4.226,0,0,0,0,0,0,0,0,0
2042-04-24,4.226,0,0,0,0,0,0,0,0,0
2042-04-25,4.226,0,0,0,0,0,0,0,0,0
2042-04-26,4.226,0,0,0,0,0,0,0,0,0
2042-04-27,4.226,0,0,0,0,0,0,0,0,0
2042-04-28,4.226,0,0,0,0,0,0,0,0,0
2042-04-29,4.226,0,0,0,0,0,0,0,0,0
2042-04-30,4.226,0,0,0,0,0,0,0,0,0
2042-05-01,8.973,0,0,0,0,0,0,0,0,0
2042-05-02,8.973,0,0,0,0,0,0,0,0,0
2042-05-03,8.973,0,0,0,0,0,0,0,0,0
2042-05-04,8.973,0,0,0,0,0,0,0,0,0
2042-05-05,8.973,0,0,0,0,0,0,0,0,0
2042-05-06,8.973,0,0,0,0,0,0,0,0,0
2042-05-07,8.973,0,0,0,0,0,0,0,0,0
2042-05-08,8.973,0,0,0,0,0,0,0,0,0
2042-05-09,8.973,0,0,0,0,0,0,0,0,0
2042-05-10,8.973,0,0,0,0,0,0,0,0,0
2042-05-11,8.973,0,0,0,0,0,0,0,0,0
2042-05-12,8.973,0,0,0,0,0,0,0,0,0
2042-05-13,8.973,0,0,0,0,0,0,0,0,0
2042-05-14,8.973,0,0,0,0,0,0,0,0,0
2042-05-15,8.973,0,0,0,0,0,0,0,0,0
2042-05-16,8.973,0,0,0,0,0,0,0,0,0
2042-05-17,8.973,0,0,0,0,0,0,0,0,0
2042-05-18,8.973,0,0,0,0,0,0,0,0,0
2042-05-19,8.973,0,0,0,0,0,0,0,0,0
2042-05-20,8.973,0,0,0,0,0,0,0,0,0
2042-05-21,8.973,0,0,0,0,0,0,0,0,0
2042-05-22,8.973,0,0,0,0,0,0,0,0,0
2042-05-23,8.973,0,0,0,0,0,0,0,0,0
2042-05-24,8.973,0,0,0,0,0,0,0,0,0
2042-05-25,8.973,0,0,0,0,0,0,0,0,0
2042-05-26,8.973,0,0,0,0,0,0,0,0,0
2042-05-27,8.973,0,0,0,0,0,0,0,0,0
2042-05-28,8.973,0,0,0,0,0,0,0,0,0
2042-05-29,8.973,0,0,0,0,0,0,0,0,0
2042-05-30,8.973,0,0,0,0,0,0,0,0,0
2042-05-31,8.973,0,0,0,0,0,0,0,0,0
2042-06-01,17.951,0,0,0,0,0,0,0,0,0
2042-06-02,17.951,0,0,0,0,0,0,0,0,0
2042-06-03,17.951,0,0,0,0,0,0,0,0,0
2042-06-04,17.951,0,0,0,0,0,0,0,0,0
2042-06-05,17.951,0,0,0,0,0,0,0,0,0
2042-06-06,17.951,0,0,0,0,0,0,0,0,0
2042-06-07,17.951,0,0,0,0,0,0,0,0,0
2042-06-08,17.951,0,0,0,0,0,0,0,0,0
2042-06-09,17.951,0,0,0,0,0,0,0,0,0
2042-06-10,17.951,0,0,0,0,0,0,0,0,0
2042-06-11,17.951,0,0,0,0,0,0,0,0,0
2042-06-12,17.951,0,0,0,0,0,0,0,0,0
2042-06-13,17.951,0,0,0,0,0,0,0,0,0
2042-06-14,17.951,0,0,0,0,0,0,0,0,0
2042-06-15,17.951,0,0,0,0,0,0,0,0,0
2042-06-16,17.951,0,0,0,0,0,0,0,0,0
2042-06-17,17.951,0,0,0,0,0,0,0,0,0
2042-06-18,17.951,0,0,0,0,0,0,0,0,0
2042-06-19,17.951,0,0,0,0,0,0,0,0,0
2042-06-20,17.951,0,0,0,0,0,0,0,0,0
2042-06-21,17.951,0,0,0,0,0,0,0,0,0
2042-06-22,17.951,0,0,0,0,0,0,0,0,0
2042-06-23,17.951,0,0,0,0,0,0,0,0,0
2042-06-24,17.951,0,0,0,0,0,0,0,0,0
2042-06-25,17.951,0,0,0,0,0,0,0,0,0
2042-06-26,17.951,0,0,0,0,0,0,0,0,0
2042-06-27,17.951,0,0,0,0,0,0,0,0,0
2042-06-28,17.951,0,0,0,0,0,0,0,0,0
2042-06-29,17.951,0,0,0,0,0,0,0,0,0
2042-06-30,17.951,0,0,0,0,0,0,0,0,0
2042-07-01,16.268,0,0,0,0,0,0,0,0,0
2042-07-02,16.268,0,0,0,0,0,0,0,0,0
2042-07-03,16.268,0,0,0,0,0,0,0,0,0
2042-07-04,16.268,0,0,0,0,0,0,0,0,0
2042-07-05,16.268,0,0,0,0,0,0,0,0,0
2042-07-06,16.268,0,0,0,0,0,0,0,0,0
2042-07-07,16.268,0,0,0,0,0,0,0,0,0
2042-07-08,16.268,0,0,0,0,0,0,0,0,0
2042-07-09,16.268,0,0,0,0,0,0,0,0,0
2042-07-10,16.268,0,0,0,0,0,0,0,0,0
2042-07-11,16.268,0,0,0,0,0,0,0,0,0
2042-07-12,16.268,0,0,0,0,0,0,0,0,0
2042-07-13,16.268,0,0,0,0,0,0,0,0,0
2042-07-14,16.268,0,0,0,0,0,0,0,0,0
2042-07-15,16.268,0,0,0,0,0,0,0,0,0
2042-07-16,16.268,0,0,0,0,0,0,0,0,0
2042-07-17,16.268,0,0,0,0,0,0,0,0,0
2042-07-18,16.268,0,0,0,0,0,0,0,0,0
2042-07-19,16.268,0,0,0,0,0,0,0,0,0
2042-07-20,16.268,0,0,0,0,0,0,0,0,0
2042-07-21,16.268,0,0,0,0,0,0,0,0,0
2042-07-22,16.268,0,0,0,0,0,0,0,0,0
2042-07-23,16.268,0,0,0,0,0,0,0,0,0
2042-07-24,16.268,0,0,0,0,0,0,0,0,0
2042-07-25,16.268,0,0,0,0,0,0,0,0,0
2042-07-26,16.268,0,0,0,0,0,0,0,0,0
2042-07-27,16.268,0,0,0,0,0,0,0,0,0
2042-07-28,16.268,0,0,0,0,0,0,0,0,0
2042-07-29,16.268,0,0,0,0,0,0,0,0,0
2042-07-30,16.268,0,0,0,0,0,0,0,0,0
2042-07-31,16.268,0,0,0,0,0,0,0,0,0
2042-08-01,8.273,0,0,0,0,0,0,0,0,0
2042-08-02,8.273,0,0,0,0,0,0,0,0,0
2042-08-03,8.273,0,0,0,0,0,0,0,0,0
2042-08-04,8.273,0,0,0,0,0,0,0,0,0
2042-08-05,8.273,0,0,0,0,0,0,0,0,0
2042-08-06,8.273,0,0,0,0,0,0,0,0,0
2042-08-07,8.273,0,0,0,0,0,0,0,0,0
2042-08-08,8.273,0,0,0,0,0,0,0,0,0
2042-08-09,8.273,0,0,0,0,0,0,0,0,0
2042-08-10,8.273,0,0,0,0,0,0,0,0,0
2042-08-11,8.273,0,0,0,0,0,0,0,0,0
2042-08-12,8.273,0,0,0,0,0,0,0,0,0
2042-08-13,8.273,0,0,0,0,0,0,0,0,0
2042-08-14,8.273,0,0,0,0,0,0,0,0,0
2042-08-15,8.273,0,0,0,0,0,0,0,0,0
2042-08-16,8.273,0,0,0,0,0,0,0,0,0
2042-08-17,8.273,0,0,0,0,0,0,0,0,0
2042-08-18,8.273,0,0,0,0,0,0,0,0,0
2042-08-19,8.273,0,0,0,0,0,0,0,0,0
2042-08-20,8.273,0,0,0,0,0,0,0,0,0
2042-08-21,8.273,0,0,0,0,0,0,0,0,0
2042-08-22,8.273,0,0,0,0,0,0,0,0,0
2042-08-23,8.273,0,0,0,0,0,0,0,0,0
2042-08-24,8.273,0,0,0,0,0,0,0,0,0
2042-08-25,8.273,0,0,0,0,0,0,0,0,0
2042-08-26,8.273,0,0,0,0,0,0,0,0,0
2042-08-27,8.273,0,0,0,0,0,0,0,0,0
2042-08-28,8.273,0,0,0,0,0,0,0,0,0
2042-08-29,8.273,0,0,0,0,0,0,0,0,0
2042-08-30,8.273,0,0,0,0,0,0,0,0,0
2042-08-31,8.273,0,0,0,0,0,0,0,0,0
2042-09-01,9.838,0,0,0,0,0,0,0,0,0
2042-09-02,9.838,0,0,0,0,0,0,0,0,0
2042-09-03,9.838,0,0,0,0,0,0,0,0,0
2042-09-04,9.838,0,0,0,0,0,0,0,0,0
2042-09-05,9.838,0,0,0,0,0,0,0,0,0
2042-09-06,9.838,0,0,0,0,0,0,0,0,0
2042-09-07,9.838,0,0,0,0,0,0,0,0,0
2042-09-08,9.838,0,0,0,0,0,0,0,0,0
2042-09-09,9.838,0,0,0,0,0,0,0,0,0
2042-09-10,9.838,0,0,0,0,0,0,0,0,0
2042-09-11,9.838,0,0,0,0,0,0,0,0,0
2042-09-12,9.838,0,0,0,0,0,0,0,0,0
2042-09-13,9.838,0,0,0,0,0,0,0,0,0
2042-09-14,9.838,0,0,0,0,0,0,0,0,0
2042-09-15,9.838,0,0,0,0,0,0,0,0,0
2042-09-16,9.838,0,0,0,0,0,0,0,0,0
2042-09-17,9.838,0,0,0,0,0,0,0,0,0
2042-09-18,9.838,0,0,0,0,0,0,0,0,0
2042-09-19,9.838,0,0,0,0,0,0,0,0,0
2042-09-20,9.838,0,0,0,0,0,0,0,0,0
2042-09-21,9.838,0,0,0,0,0,0,0,0,0
2042-09-22,9.838,0,0,0,0,0,0,0,0,0
2042-09-23,9.838,0,0,0,0,0,0,0,0,0
2042-09-24,9.838,0,0,0,0,0,0,0,0,0
2042-09-25,9.838,0,0,0,0,0,0,0,0,0
2042-09-26,9.838,0,0,0,0,0,0,0,0,0
2042-09-27,9.838,0,0,0,0,0,0,0,0,0
2042-09-28,9.838,0,0,0,0,0,0,0,0,0
2042-09-29,9.838,0,0,0,0,0,0,0,0,0
2042-09-30,9.838,0,0,0,0,0,0,0,0,0
2042-10-01,3.806,0,0,0,0,0,0,0,0,0
2042-10-02,3.806,0,0,0,0,0,0,0,0,0
2042-10-03,3.806,0,0,0,0,0,0,0,0,0
2042-10-04,3.806,0,0,0,0,0,0,0,0,0
2042-10-05,3.806,0,0,0,0,0,0,0,0,0
2042-10-06,3.806,0,0,0,0,0,0,0,0,0
2042-10-07,3.806,0,0,0,0,0,0,0,0,0
2042-10-08,3.806,0,0,0,0,0,0,0,0,0
2042-10-09,3.806,0,0,0,0,0,0,0,0,0
2042-10-10,3.806,0,0,0,0,0,0,0,0,0
2042-10-11,3.806,0,0,0,0,0,0,0,0,0
2042-10-12,3.806,0,0,0,0,0,0,0,0,0
2042-10-13,3.806,0,0,0,0,0,0,0,0,0
2042-10-14,3.806,0,0,0,0,0,0,0,0,0
2042-10-15,3.806,0,0,0,0,0,0,0,0,0
2042-10-16,3.806,0,0,0,0,0,0,0,0,0
2042-10-17,3.806,0,0,0,0,0,0,0,0,0
2042-10-18,3.806,0,0,0,0,0,0,0,0,0
2042-10-19,3.806,0,0,0,0,0,0,0,0,0
2042-10-20,3.806,0,0,0,0,0,0,0,0,0
2042-10-21,3.806,0,0,0,0,0,0,0,0,0
2042-10-22,3.806,0,0,0,0,0,0,0,0,0
2042-10-23,3.806,0,0,0,0,0,0,0,0,0
2042-10-24,3.806,0,0,0,0,0,0,0,0,0
2042-10-25,3.806,0,0,0,0,0,0,0,0,0
2042-10-26,3.806,0,0,0,0,0,0,0,0,0
2042-10-27,3.806,0,0,0,0,0,0,0,0,0
2042-10-28,3.806,0,0,0,0,0,0,0,0,0
2042-10-29,3.806,0,0,0,0,0,0,0,0,0
2042-10-30,3.806,0,0,0,0,0,0,0,0,0
2042-10-31,3.806,0,0,0,0,0,0,0,0,0
2042-11-01,6.803,0,0,0,0,0,0,0,0,0
2042-11-02,6.803,0,0,0,0,0,0,0,0,0
2042-11-03,6.803,0,0,0,0,0,0,0,0,0
2042-11-04,6.803,0,0,0,0,0,0,0,0,0
2042-11-05,6.803,0,0,0,0,0,0,0,0,0
2042-11-06,6.803,0,0,0,0,0,0,0,0,0
2042-11-07,6.803,0,0,0,0,0,0,0,0,0
2042-11-08,6.803,0,0,0,0,0,0,0,0,0
2042-11-09,6.803,0,0,0,0,0,0,0,0,0
2042-11-10,6.803,0,0,0,0,0,0,0,0,0
2042-11-11,6.803,0,0,0,0,0,0,0,0,0
2042-11-12,6.803,0,0,0,0,0,0,0,0,0
2042-11-13,6.803,0,0,0,0,0,0,0,0,0
2042-11-14,6.803,0,0,0,0,0,0,0,0,0
2042-11-15,6.803,0,0,0,0,0,0,0,0,0
2042-11-16,6.803,0,0,0,0,0,0,0,0,0
2042-11-17,6.803,0,0,0,0,0,0,0,0,0
2042-11-18,6.803,0,0,0,0,0,0,0,0,0
2042-11-19,6.803,0,0,0,0,0,0,0,0,0
2042-11-20,6.803,0,0,0,0,0,0,0,0,0
2042-11-21,6.803,0,0,0,0,0,0,0,0,0
2042-11-22,6.803,0,0,0,0,0,0,0,0,0
2042-11-23,6.803,0,0,0,0,0,0,0,0,0
2042-11-24,6.803,0,0,0,0,0,0,0,0,0
2042-11-25,6.803,0,0,0,0,0,0,0,0,0
2042-11-26,6.803,0,0,0,0,0,0,0,0,0
2042-11-27,6.803,0,0,0,0,0,0,0,0,0
2042-11-28,6.803,0,0,0,0,0,0,0,0,0
2042-11-29,6.803,0,0,0,0,0,0,0,0,0
2042-11-30,6.803,0,0,0,0,0,0,0,0,0
2042-12-01,6.249,0,0,0,0,0,0,0,0,0
2042-12-02,6.249,0,0,0,0,0,0,0,0,0
2042-12-03,6.249,0,0,0,0,0,0,0,0,0
2042-12-04,6.249,0,0,0,0,0,0,0,0,0
2042-12-05,6.249,0,0,0,0,0,0,0,0,0
2042-12-06,6.249,0,0,0,0,0,0,0,0,0
2042-12-07,6.249,0,0,0,0,0,0,0,0,0
2042-12-08,6.249,0,0,0,0,0,0,0,0,0
2042-12-09,6.249,0,0,0,0,0,0,0,0,0
2042-12-10,6.249,0,0,0,0,0,0,0,0,0
2042-12-11,6.249,0,0,0,0,0,0,0,0,0
2042-12-12,6.249,0,0,0,0,0,0,0,0,0
2042-12-13,6.249,0,0,0,0,0,0,0,0,0
2042-12-14,6.249,0,0,0,0,0,0,0,0,0
2042-12-15,6.249,0,0,0,0,0,0,0,0,0
2042-12-16,6.249,0,0,0,0,0,0,0,0,0
2042-12-17,6.249,0,0,0,0,0,0,0,0,0
2042-12-18,6.249,0,0,0,0,0,0,0,0,0
2042-12-19,6.249,0,0,0,0,0,0,0,0,0
2042-12-20,6.249,0,0,0,0,0,0,0,0,0
2042-12-21,6.249,0,0,0,0,0,0,0,0,0
2042-12-22,6.249,0,0,0,0,0,0,0,0,0
2042-12-23,6.249,0,0,0,0,0,0,0,0,0
2042-12-24,6.249,0,0,0,0,0,0,0,0,0
2042-12-25,6.249,0,0,0,0,0,0,0,0,0
2042-12-26,6.249,0,0,0,0,0,0,0,0,0
2042-12-27,6.249,0,0,0,0,0,0,0,0,0
2042-12-28,6.249,0,0,0,0,0,0,0,0,0
2042-12-29,6.249,0,0,0,0,0,0,0,0,0
2042-12-30,6.249,0,0,0,0,0,0,0,0,0
2042-12-31,6.249,0,0,0,0,0,0,0,0,0
2043-01-01,9.292,0,0,0,0,0,0,0,0,0
2043-01-02,9.292,0,0,0,0,0,0,0,0,0
2043-01-03,9.292,0,0,0,0,0,0,0,0,0
2043-01-04,9.292,0,0,0,0,0,0,0,0,0
2043-01-05,9.292,0,0,0,0,0,0,0,0,0
2043-01-06,9.292,0,0,0,0,0,0,0,0,0
2043-01-07,9.292,0,0,0,0,0,0,0,0,0
2043-01-08,9.292,0,0,0,0,0,0,0,0,0
2043-01-09,9.292,0,0,0,0,0,0,0,0,0
2043-01-10,9.292,0,0,0,0,0,0,0,0,0
2043-01-11,9.292,0,0,0,0,0,0,0,0,0
2043-01-12,9.292,0,0,0,0,0,0,0,0,0
2043-01-13,9.292,0,0,0,0,0,0,0,0,0
2043-01-14,9.292,0,0,0,0,0,0,0,0,0
2043-01-15,9.292,0,0,0,0,0,0,0,0,0
2043-01-16,9.292,0,0,0,0,0,0,0,0,0
2043-01-17,9.292,0,0,0,0,0,0,0,0,0
2043-01-18,9.292,0,0,0,0,0,0,0,0,0
2043-01-19,9.292,0,0,0,0,0,0,0,0,0
2043-01-20,9.292,0,0,0,0,0,0,0,0,0
2043-01-21,9.292,0,0,0,0,0,0,0,0,0
2043-01-22,9.292,0,0,0,0,0,0,0,0,0
2043-01-23,9.292,0,0,0,0,0,0,0,0,0
2043-01-24,9.292,0,0,0,0,0,0,0,0,0
2043-01-25,9.292,0,0,0,0,0,0,0,0,0
2043-01-26,9.292,0,0,0,0,0,0,0,0,0
2043-01-27,9.292,0,0,0,0,0,0,0,0,0
2043-01-28,9.292,0,0,0,0,0,0,0,0,0
2043-01-29,9.292,0,0,0,0,0,0,0,0,0
2043-01-30,9.292,0,0,0,0,0,0,0,0,0
2043-01-31,9.292,0,0,0,0,0,0,0,0,0
2043-02-01,5.627,0,0,0,0,0,0,0,0,0
2043-02-02,5.627,0,0,0,0,0,0,0,0,0
2043-02-03,5.627,0,0,0,0,0,0,0,0,0
2043-02-04,5.627,0,0,0,0,0,0,0,0,0
2043-02-05,5.627,0,0,0,0,0,0,0,0,0
2043-02-06,5.627,0,0,0,0,0,0,0,0,0
2043-02-07,5.627,0,0,0,0,0,0,0,0,0
2043-02-08,5.627,0,0,0,0,0,0,0,0,0
2043-02-09,5.627,0,0,0,0,0,0,0,0,0
2043-02-10,5.627,0,0,0,0,0,0,0,0,0
2043-02-11,5.627,0,0,0,0,0,0,0,0,0
2043-02-12,5.627,0,0,0,0,0,0,0,0,0
2043-02-13,5.627,0,0,0,0,0,0,0,0,0
2043-02-14,5.627,0,0,0,0,0,0,0,0,0
2043-02-15,5.627,0,0,0,0,0,0,0,0,0
2043-02-16,5.627,0,0,0,0,0,0,0,0,0
2043-02-17,5.627,0,0,0,0,0,0,0,0,0
2043-02-18,5.627,0,0,0,0,0,0,0,0,0
2043-02-19,5.627,0,0,0,0,0,0,0,0,0
2043-02-20,5.627,0,0,0,0,0,0,0,0,0
2043-02-21,5.627,0,0,0,0,0,0,0,0,0
2043-02-22,5.627,0,0,0,0,0,0,0,0,0
2043-02-23,5.627,0,0,0,0,0,0,0,0,0
2043-02-24,5.627,0,0,0,0,0,0,0,0,0
2043-02-25,5.627,0,0,0,0,0,0,0,0,0
2043-02-26,5.627,0,0,0,0,0,0,0,0,0
2043-02-27,5.627,0,0,0,0,0,0,0,0,0
2043-02-28,5.627,0,0,0,0,0,0,0,0,0
2043-03-01,9.947,0,0,0,0,0,0,0,0,0
2043-03-02,9.947,0,0,0,0,0,0,0,0,0
2043-03-03,9.947,0,0,0,0,0,0,0,0,0
2043-03-04,9.947,0,0,0,0,0,0,0,0,0
2043-03-05,9.947,0,0,0,0,0,0,0,0,0
2043-03-06,9.947,0,0,0,0,0,0,0,0,0
2043-03-07,9.947,0,0,0,0,0,0,0,0,0
2043-03-08,9.947,0,0,0,0,0,0,0,0,0
2043-03-09,9.947,0,0,0,0,0,0,0,0,0
2043-03-10,9.947,0,0,0,0,0,0,0,0,0
2043-03-11,9.947,0,0,0,0,0,0,0,0,0
2043-03-12,9.947,0,0,0,0,0,0,0,0,0
2043-03-13,9.947,0,0,0,0,0,0,0,0,0
2043-03-14,9.947,0,0,0,0,0,0,0,0,0
2043-03-15,9.947,0,0,0,0,0,0,0,0,0
2043-03-16,9.947,0,0,0,0,0,0,0,0,0
2043-03-17,9.947,0,0,0,0,0,0,0,0,0
2043-03-18,9.947,0,0,0,0,0,0,0,0,0
2043-03-19,9.947,0,0,0,0,0,0,0,0,0
2043-03-20,9.947,0,0,0,0,0,0,0,0,0
2043-03-21,9.947,0,0,0,0,0,0,0,0,0
2043-03-22,9.947,0,0,0,0,0,0,0,0,0
2043-03-23,9.947,0,0,0,0,0,0,0,0,0
2043-03-24,9.947,0,0,0,0,0,0,0,0,0
2043-03-25,9.947,0,0,0,0,0,0,0,0,0
2043-03-26,9.947,0,0,0,0,0,0,0,0,0
2043-03-27,9.947,0,0,0,0,0,0,0,0,0
2043-03-28,9.947,0,0,0,0,0,0,0,0,0
2043-03-29,9.947,0,0,0,0,0,0,0,0,0
2043-03-30,9.947,0,0,0,0,0,0,0,0,0
2043-03-31,9.947,0,0,0,0,0,0,0,0,0
2043-04-01,4.226,0,0,0,0,0,0,0,0,0
2043-04-02,4.226,0,0,0,0,0,0,0,0,0
2043-04-03,4.226,0,0,0,0,0,0,0,0,0
2043-04-04,4.226,0,0,0,0,0,0,0,0,0
2043-04-05,4.226,0,0,0,0,0,0,0,0,0
2043-04-06,4.226,0,0,0,0,0,0,0,0,0
2043-04-07,4.226,0,0,0,0,0,0,0,0,0
2043-04-08,4.226,0,0,0,0,0,0,0,0,0
2043-04-09,4.226,0,0,0,0,0,0,0,0,0
2043-04-10,4.226,0,0,0,0,0,0,0,0,0
2043-04-11,4.226,0,0,0,0,0,0,0,0,0
2043-04-12,4.226,0,0,0,0,0,0,0,0,0
2043-04-13,4.226,0,0,0,0,0,0,0,0,0
2043-04-14,4.226,0,0,0,0,0,0,0,0,0
2043-04-15,4.226,0,0,0,0,0,0,0,0,0
2043-04-16,4.226,0,0,0,0,0,0,0,0,0
2043-04-17,4.226,0,0,0,0,0,0,0,0,0
2043-04-18,4.226,0,0,0,0,0,0,0,0,0
2043-04-19,4.226,0,0,0,0,0,0,0,0,0
2043-04-20,4.226,0,0,0,0,0,0,0,0,0
2043-04-21,4.226,0,0,0,0,0,0,0,0,0
2043-04-22,4.226,0,0,0,0,0,0,0,0,0
2043-04-23,4.226,0,0,0,0,0,0,0,0,0
2043-04-24,4.226,0,0,0,0,0,0,0,0,0
2043-04-25,4.226,0,0,0,0,0,0,0,0,0
2043-04-26,4.226,0,0,0,0,0,0,0,0,0
2043-04-27,4.226,0,0,0,0,0,0,0,0,0
2043-04-28,4.226,0,0,0,0,0,0,0,0,0
2043-04-29,4.226,0,0,0,0,0,0,0,0,0
2043-04-30,4.226,0,0,0,0,0,0,0,0,0
2043-05-01,8.973,0,0,0,0,0,0,0,0,0
2043-05-02,8.973,0,0,0,0,0,0,0,0,0
2043-05-03,8.973,0,0,0,0,0,0,0,0,0
2043-05-04,8.973,0,0,0,0,0,0,0,0,0
2043-05-05,8.973,0,0,0,0,0,0,0,0,0
2043-05-06,8.973,0,0,0,0,0,0,0,0,0
2043-05-07,8.973,0,0,0,0,0,0,0,0,0
2043-05-08,8.973,0,0,0,0,0,0,0,0,0
2043-05-09,8.973,0,0,0,0,0,0,0,0,0
2043-05-10,8.973,0,0,0,0,0,0,0,0,0
2043-05-11,8.973,0,0,0,0,0,0,0,0,0
2043-05-12,8.973,0,0,0,0,0,0,0,0,0
2043-05-13,8.973,0,0,0,0,0,0,0,0,0
2043-05-14,8.973,0,0,0,0,0,0,0,0,0
2043-05-15,8.973,0,0,0,0,0,0,0,0,0
2043-05-16,8.973,0,0,0,0,0,0,0,0,0
2043-05-17,8.973,0,0,0,0,0,0,0,0,0
2043-05-18,8.973,0,0,0,0,0,0,0,0,0
2043-05-19,8.973,0,0,0,0,0,0,0,0,0
2043-05-20,8.973,0,0,0,0,0,0,0,0,0
2043-05-21,8.973,0,0,0,0,0,0,0,0,0
2043-05-22,8.973,0,0,0,0,0,0,0,0,0
2043-05-23,8.973,0,0,0,0,0,0,0,0,0
2043-05-24,8.973,0,0,0,0,0,0,0,0,0
2043-05-25,8.973,0,0,0,0,0,0,0,0,0
2043-05-26,8.973,0,0,0,0,0,0,0,0,0
2043-05-27,8.973,0,0,0,0,0,0,0,0,0
2043-05-28,8.973,0,0,0,0,0,0,0,0,0
2043-05-29,8.973,0,0,0,0,0,0,0,0,0
2043-05-30,8.973,0,0,0,0,0,0,0,0,0
2043-05-31,8.973,0,0,0,0,0,0,0,0,0
2043-06-01,17.951,0,0,0,0,0,0,0,0,0
2043-06-02,17.951,0,0,0,0,0,0,0,0,0
2043-06-03,17.951,0,0,0,0,0,0,0,0,0
2043-06-04,17.951,0,0,0,0,0,0,0,0,0
2043-06-05,17.951,0,0,0,0,0,0,0,0,0
2043-06-06,17.951,0,0,0,0,0,0,0,0,0
2043-06-07,17.951,0,0,0,0,0,0,0,0,0
2043-06-08,17.951,0,0,0,0,0,0,0,0,0
2043-06-09,17.951,0,0,0,0,0,0,0,0,0
2043-06-10,17.951,0,0,0,0,0,0,0,0,0
2043-06-11,17.951,0,0,0,0,0,0,0,0,0
2043-06-12,17.951,0,0,0,0,0,0,0,0,0
2043-06-13,17.951,0,0,0,0,0,0,0,0,0
2043-06-14,17.951,0,0,0,0,0,0,0,0,0
2043-06-15,17.951,0,0,0,0,0,0,0,0,0
2043-06-16,17.951,0,0,0,0,0,0,0,0,0
2043-06-17,17.951,0,0,0,0,0,0,0,0,0
2043-06-18,17.951,0,0,0,0,0,0,0,0,0
2043-06-19,17.951,0,0,0,0,0,0,0,0,0
2043-06-20,17.951,0,0,0,0,0,0,0,0,0
2043-06-21,17.951,0,0,0,0,0,0,0,0,0
2043-06-22,17.951,0,0,0,0,0,0,0,0,0
2043-06-23,17.951,0,0,0,0,0,0,0,0,0
2043-06-24,17.951,0,0,0,0,0,0,0,0,0
2043-06-25,17.951,0,0,0,0,0,0,0,0,0
2043-06-26,17.951,0,0,0,0,0,0,0,0,0
2043-06-27,17.951,0,0,0,0,0,0,0,0,0
2043-06-28,17.951,0,0,0,0,0,0,0,0,0
2043-06-29,17.951,0,0,0,0,0,0,0,0,0
2043-06-30,17.951,0,0,0,0,0,0,0,0,0
2043-07-01,16.268,0,0,0,0,0,0,0,0,0
2043-07-02,16.268,0,0,0,0,0,0,0,0,0
2043-07-03,16.268,0,0,0,0,0,0,0,0,0
2043-07-04,16.268,0,0,0,0,0,0,0,0,0
2043-07-05,16.268,0,0,0,0,0,0,0,0,0
2043-07-06,16.268,0,0,0,0,0,0,0,0,0
2043-07-07,16.268,0,0,0,0,0,0,0,0,0
2043-07-08,16.268,0,0,0,0,0,0,0,0,0
2043-07-09,16.268,0,0,0,0,0,0,0,0,0
2043-07-10,16.268,0,0,0,0,0,0,0,0,0
2043-07-11,16.268,0,0,0,0,0,0,0,0,0
2043-07-12,16.268,0,0,0,0,0,0,0,0,0
2043-07-13,16.268,0,0,0,0,0,0,0,0,0
2043-07-14,16.268,0,0,0,0,0,0,0,0,0
2043-07-15,16.268,0,0,0,0,0,0,0,0,0
2043-07-16,16.268,0,0,0,0,0,0,0,0,0
2043-07-17,16.268,0,0,0,0,0,0,0,0,0
2043-07-18,16.268,0,0,0,0,0,0,0,0,0
2043-07-19,16.268,0,0,0,0,0,0,0,0,0
2043-07-20,16.268,0,0,0,0,0,0,0,0,0
2043-07-21,16.268,0,0,0,0,0,0,0,0,0
2043-07-22,16.268,0,0,0,0,0,0,0,0,0
2043-07-23,16.268,0,0,0,0,0,0,0,0,0
2043-07-24,16.268,0,0,0,0,0,0,0,0,0
2043-07-25,16.268,0,0,0,0,0,0,0,0,0
2043-07-26,16.268,0,0,0,0,0,0,0,0,0
2043-07-27,16.268,0,0,0,0,0,0,0,0,0
2043-07-28,16.268,0,0,0,0,0,0,0,0,0
2043-07-29,16.268,0,0,0,0,0,0,0,0,0
2043-07-30,16.268,0,0,0,0,0,0,0,0,0
2043-07-31,16.268,0,0,0,0,0,0,0,0,0
2043-08-01,8.273,0,0,0,0,0,0,0,0,0
2043-08-02,8.273,0,0,0,0,0,0,0,0,0
2043-08-03,8.273,0,0,0,0,0,0,0,0,0
2043-08-04,8.273,0,0,0,0,0,0,0,0,0
2043-08-05,8.273,0,0,0,0,0,0,0,0,0
2043-08-06,8.273,0,0,0,0,0,0,0,0,0
2043-08-07,8.273,0,0,0,0,0,0,0,0,0
2043-08-08,8.273,0,0,0,0,0,0,0,0,0
2043-08-09,8.273,0,0,0,0,0,0,0,0,0
2043-08-10,8.273,0,0,0,0,0,0,0,0,0
2043-08-11,8.273,0,0,0,0,0,0,0,0,0
2043-08-12,8.273,0,0,0,0,0,0,0,0,0
2043-08-13,8.273,0,0,0,0,0,0,0,0,0
2043-08-14,8.273,0,0,0,0,0,0,0,0,0
2043-08-15,8.273,0,0,0,0,0,0,0,0,0
2043-08-16,8.273,0,0,0,0,0,0,0,0,0
2043-08-17,8.273,0,0,0,0,0,0,0,0,0
2043-08-18,8.273,0,0,0,0,0,0,0,0,0
2043-08-19,8.273,0,0,0,0,0,0,0,0,0
2043-08-20,8.273,0,0,0,0,0,0,0,0,0
2043-08-21,8.273,0,0,0,0,0,0,0,0,0
2043-08-22,8.273,0,0,0,0,0,0,0,0,0
2043-08-23,8.273,0,0,0,0,0,0,0,0,0
2043-08-24,8.273,0,0,0,0,0,0,0,0,0
2043-08-25,8.273,0,0,0,0,0,0,0,0,0
2043-08-26,8.273,0,0,0,0,0,0,0,0,0
2043-08-27,8.273,0,0,0,0,0,0,0,0,0
2043-08-28,8.273,0,0,0,0,0,0,0,0,0
2043-08-29,8.273,0,0,0,0,0,0,0,0,0
2043-08-30,8.273,0,0,0,0,0,0,0,0,0
2043-08-31,8.273,0,0,0,0,0,0,0,0,0
2043-09-01,9.838,0,0,0,0,0,0,0,0,0
2043-09-02,9.838,0,0,0,0,0,0,0,0,0
2043-09-03,9.838,0,0,0,0,0,0,0,0,0
2043-09-04,9.838,0,0,0,0,0,0,0,0,0
2043-09-05,9.838,0,0,0,0,0,0,0,0,0
2043-09-06,9.838,0,0,0,0,0,0,0,0,0
2043-09-07,9.838,0,0,0,0,0,0,0,0,0
2043-09-08,9.838,0,0,0,0,0,0,0,0,0
2043-09-09,9.838,0,0,0,0,0,0,0,0,0
2043-09-10,9.838,0,0,0,0,0,0,0,0,0
2043-09-11,9.838,0,0,0,0,0,0,0,0,0
2043-09-12,9.838,0,0,0,0,0,0,0,0,0
2043-09-13,9.838,0,0,0,0,0,0,0,0,0
2043-09-14,9.838,0,0,0,0,0,0,0,0,0
2043-09-15,9.838,0,0,0,0,0,0,0,0,0
2043-09-16,9.838,0,0,0,0,0,0,0,0,0
2043-09-17,9.838,0,0,0,0,0,0,0,0,0
2043-09-18,9.838,0,0,0,0,0,0,0,0,0
2043-09-19,9.838,0,0,0,0,0,0,0,0,0
2043-09-20,9.838,0,0,0,0,0,0,0,0,0
2043-09-21,9.838,0,0,0,0,0,0,0,0,0
2043-09-22,9.838,0,0,0,0,0,0,0,0,0
2043-09-23,9.838,0,0,0,0,0,0,0,0,0
2043-09-24,9.838,0,0,0,0,0,0,0,0,0
2043-09-25,9.838,0,0,0,0,0,0,0,0,0
2043-09-26,9.838,0,0,0,0,0,0,0,0,0
2043-09-27,9.838,0,0,0,0,0,0,0,0,0
2043-09-28,9.838,0,0,0,0,0,0,0,0,0
2043-09-29,9.838,0,0,0,0,0,0,0,0,0
2043-09-30,9.838,0,0,0,0,0,0,0,0,0
2043-10-01,3.806,0,0,0,0,0,0,0,0,0
2043-10-02,3.806,0,0,0,0,0,0,0,0,0
2043-10-03,3.806,0,0,0,0,0,0,0,0,0
2043-10-04,3.806,0,0,0,0,0,0,0,0,0
2043-10-05,3.806,0,0,0,0,0,0,0,0,0
2043-10-06,3.806,0,0,0,0,0,0,0,0,0
2043-10-07,3.806,0,0,0,0,0,0,0,0,0
2043-10-08,3.806,0,0,0,0,0,0,0,0,0
2043-10-09,3.806,0,0,0,0,0,0,0,0,0
2043-10-10,3.806,0,0,0,0,0,0,0,0,0
2043-10-11,3.806,0,0,0,0,0,0,0,0,0
2043-10-12,3.806,0,0,0,0,0,0,0,0,0
2043-10-13,3.806,0,0,0,0,0,0,0,0,0
2043-10-14,3.806,0,0,0,0,0,0,0,0,0
2043-10-15,3.806,0,0,0,0,0,0,0,0,0
2043-10-16,3.806,0,0,0,0,0,0,0,0,0
2043-10-17,3.806,0,0,0,0,0,0,0,0,0
2043-10-18,3.806,0,0,0,0,0,0,0,0,0
2043-10-19,3.806,0,0,0,0,0,0,0,0,0
2043-10-20,3.806,0,0,0,0,0,0,0,0,0
2043-10-21,3.806,0,0,0,0,0,0,0,0,0
2043-10-22,3.806,0,0,0,0,0,0,0,0,0
2043-10-23,3.806,0,0,0,0,0,0,0,0,0
2043-10-24,3.806,0,0,0,0,0,0,0,0,0
2043-10-25,3.806,0,0,0,0,0,0,0,0,0
2043-10-26,3.806,0,0,0,0,0,0,0,0,0
2043-10-27,3.806,0,0,0,0,0,0,0,0,0
2043-10-28,3.806,0,0,0,0,0,0,0,0,0
2043-10-29,3.806,0,0,0,0,0,0,0,0,0
2043-10-30,3.806,0,0,0,0,0,0,0,0,0
2043-10-31,3.806,0,0,0,0,0,0,0,0,0
2043-11-01,6.803,0,0,0,0,0,0,0,0,0
2043-11-02,6.803,0,0,0,0,0,0,0,0,0
2043-11-03,6.803,0,0,0,0,0,0,0,0,0
2043-11-04,6.803,0,0,0,0,0,0,0,0,0
2043-11-05,6.803,0,0,0,0,0,0,0,0,0
2043-11-06,6.803,0,0,0,0,0,0,0,0,0
2043-11-07,6.803,0,0,0,0,0,0,0,0,0
2043-11-08,6.803,0,0,0,0,0,0,0,0,0
2043-11-09,6.803,0,0,0,0,0,0,0,0,0
2043-11-10,6.803,0,0,0,0,0,0,0,0,0
2043-11-11,6.803,0,0,0,0,0,0,0,0,0
2043-11-12,6.803,0,0,0,0,0,0,0,0,0
2043-11-13,6.803,0,0,0,0,0,0,0,0,0
2043-11-14,6.803,0,0,0,0,0,0,0,0,0
2043-11-15,6.803,0,0,0,0,0,0,0,0,0
2043-11-16,6.803,0,0,0,0,0,0,0,0,0
2043-11-17,6.803,0,0,0,0,0,0,0,0,0
2043-11-18,6.803,0,0,0,0,0,0,0,0,0
2043-11-19,6.803,0,0,0,0,0,0,0,0,0
2043-11-20,6.803,0,0,0,0,0,0,0,0,0
2043-11-21,6.803,0,0,0,0,0,0,0,0,0
2043-11-22,6.803,0,0,0,0,0,0,0,0,0
2043-11-23,6.803,0,0,0,0,0,0,0,0,0
2043-11-24,6.803,0,0,0,0,0,0,0,0,0
2043-11-25,6.803,0,0,0,0,0,0,0,0,0
2043-11-26,6.803,0,0,0,0,0,0,0,0,0
2043-11-27,6.803,0,0,0,0,0,0,0,0,0
2043-11-28,6.803,0,0,0,0,0,0,0,0,0
2043-11-29,6.803,0,0,0,0,0,0,0,0,0
2043-11-30,6.803,0,0,0,0,0,0,0,0,0
2043-12-01,6.249,0,0,0,0,0,0,0,0,0
2043-12-02,6.249,0,0,0,0,0,0,0,0,0
2043-12-03,6.249,0,0,0,0,0,0,0,0,0
2043-12-04,6.249,0,0,0,0,0,0,0,0,0
2043-12-05,6.249,0,0,0,0,0,0,0,0,0
2043-12-06,6.249,0,0,0,0,0,0,0,0,0
2043-12-07,6.249,0,0,0,0,0,0,0,0,0
2043-12-08,6.249,0,0,0,0,0,0,0,0,0
2043-12-09,6.249,0,0,0,0,0,0,0,0,0
2043-12-10,6.249,0,0,0,0,0,0,0,0,0
2043-12-11,6.249,0,0,0,0,0,0,0,0,0
2043-12-12,6.249,0,0,0,0,0,0,0,0,0
2043-12-13,6.249,0,0,0,0,0,0,0,0,0
2043-12-14,6.249,0,0,0,0,0,0,0,0,0
2043-12-15,6.249,0,0,0,0,0,0,0,0,0
2043-12-16,6.249,0,0,0,0,0,0,0,0,0
2043-12-17,6.249,0,0,0,0,0,0,0,0,0
2043-12-18,6.249,0,0,0,0,0,0,0,0,0
2043-12-19,6.249,0,0,0,0,0,0,0,0,0
2043-12-20,6.249,0,0,0,0,0,0,0,0,0
2043-12-21,6.249,0,0,0,0,0,0,0,0,0
2043-12-22,6.249,0,0,0,0,0,0,0,0,0
2043-12-23,6.249,0,0,0,0,0,0,0,0,0
2043-12-24,6.249,0,0,0,0,0,0,0,0,0
2043-12-25,6.249,0,0,0,0,0,0,0,0,0
2043-12-26,6.249,0,0,0,0,0,0,0,0,0
2043-12-27,6.249,0,0,0,0,0,0,0,0,0
2043-12-28,6.249,0,0,0,0,0,0,0,0,0
2043-12-29,6.249,0,0,0,0,0,0,0,0,0
2043-12-30,6.249,0,0,0,0,0,0,0,0,0
2043-12-31,6.249,0,0,0,0,0,0,0,0,0
2044-01-01,9.292,0,0,0,0,0,0,0,0,0
2044-01-02,9.292,0,0,0,0,0,0,0,0,0
2044-01-03,9.292,0,0,0,0,0,0,0,0,0
2044-01-04,9.292,0,0,0,0,0,0,0,0,0
2044-01-05,9.292,0,0,0,0,0,0,0,0,0
2044-01-06,9.292,0,0,0,0,0,0,0,0,0
2044-01-07,9.292,0,0,0,0,0,0,0,0,0
2044-01-08,9.292,0,0,0,0,0,0,0,0,0
2044-01-09,9.292,0,0,0,0,0,0,0,0,0
2044-01-10,9.292,0,0,0,0,0,0,0,0,0
2044-01-11,9.292,0,0,0,0,0,0,0,0,0
2044-01-12,9.292,0,0,0,0,0,0,0,0,0
2044-01-13,9.292,0,0,0,0,0,0,0,0,0
2044-01-14,9.292,0,0,0,0,0,0,0,0,0
2044-01-15,9.292,0,0,0,0,0,0,0,0,0
2044-01-16,9.292,0,0,0,0,0,0,0,0,0
2044-01-17,9.292,0,0,0,0,0,0,0,0,0
2044-01-18,9.292,0,0,0,0,0,0,0,0,0
2044-01-19,9.292,0,0,0,0,0,0,0,0,0
2044-01-20,9.292,0,0,0,0,0,0,0,0,0
2044-01-21,9.292,0,0,0,0,0,0,0,0,0
2044-01-22,9.292,0,0,0,0,0,0,0,0,0
2044-01-23,9.292,0,0,0,0,0,0,0,0,0
2044-01-24,9.292,0,0,0,0,0,0,0,0,0
2044-01-25,9.292,0,0,0,0,0,0,0,0,0
2044-01-26,9.292,0,0,0,0,0,0,0,0,0
2044-01-27,9.292,0,0,0,0,0,0,0,0,0
2044-01-28,9.292,0,0,0,0,0,0,0,0,0
2044-01-29,9.292,0,0,0,0,0,0,0,0,0
2044-01-30,9.292,0,0,0,0,0,0,0,0,0
2044-01-31,9.292,0,0,0,0,0,0,0,0,0
2044-02-01,5.627,0,0,0,0,0,0,0,0,0
2044-02-02,5.627,0,0,0,0,0,0,0,0,0
2044-02-03,5.627,0,0,0,0,0,0,0,0,0
2044-02-04,5.627,0,0,0,0,0,0,0,0,0
2044-02-05,5.627,0,0,0,0,0,0,0,0,0
2044-02-06,5.627,0,0,0,0,0,0,0,0,0
2044-02-07,5.627,0,0,0,0,0,0,0,0,0
2044-02-08,5.627,0,0,0,0,0,0,0,0,0
2044-02-09,5.627,0,0,0,0,0,0,0,0,0
2044-02-10,5.627,0,0,0,0,0,0,0,0,0
2044-02-11,5.627,0,0,0,0,0,0,0,0,0
2044-02-12,5.627,0,0,0,0,0,0,0,0,0
2044-02-13,5.627,0,0,0,0,0,0,0,0,0
2044-02-14,5.627,0,0,0,0,0,0,0,0,0
2044-02-15,5.627,0,0,0,0,0,0,0,0,0
2044-02-16,5.627,0,0,0,0,0,0,0,0,0
2044-02-17,5.627,0,0,0,0,0,0,0,0,0
2044-02-18,5.627,0,0,0,0,0,0,0,0,0
2044-02-19,5.627,0,0,0,0,0,0,0,0,0
2044-02-20,5.627,0,0,0,0,0,0,0,0,0
2044-02-21,5.627,0,0,0,0,0,0,0,0,0
2044-02-22,5.627,0,0,0,0,0,0,0,0,0
2044-02-23,5.627,0,0,0,0,0,0,0,0,0
2044-02-24,5.627,0,0,0,0,0,0,0,0,0
2044-02-25,5.627,0,0,0,0,0,0,0,0,0
2044-02-26,5.627,0,0,0,0,0,0,0,0,0
2044-02-27,5.627,0,0,0,0,0,0,0,0,0
2044-02-28,5.627,0,0,0,0,0,0,0,0,0
2044-03-01,9.947,0,0,0,0,0,0,0,0,0
2044-03-02,9.947,0,0,0,0,0,0,0,0,0
2044-03-03,9.947,0,0,0,0,0,0,0,0,0
2044-03-04,9.947,0,0,0,0,0,0,0,0,0
2044-03-05,9.947,0,0,0,0,0,0,0,0,0
2044-03-06,9.947,0,0,0,0,0,0,0,0,0
2044-03-07,9.947,0,0,0,0,0,0,0,0,0
2044-03-08,9.947,0,0,0,0,0,0,0,0,0
2044-03-09,9.947,0,0,0,0,0,0,0,0,0
2044-03-10,9.947,0,0,0,0,0,0,0,0,0
2044-03-11,9.947,0,0,0,0,0,0,0,0,0
2044-03-12,9.947,0,0,0,0,0,0,0,0,0
2044-03-13,9.947,0,0,0,0,0,0,0,0,0
2044-03-14,9.947,0,0,0,0,0,0,0,0,0
2044-03-15,9.947,0,0,0,0,0,0,0,0,0
2044-03-16,9.947,0,0,0,0,0,0,0,0,0
2044-03-17,9.947,0,0,0,0,0,0,0,0,0
2044-03-18,9.947,0,0,0,0,0,0,0,0,0
2044-03-19,9.947,0,0,0,0,0,0,0,0,0
2044-03-20,9.947,0,0,0,0,0,0,0,0,0
2044-03-21,9.947,0,0,0,0,0,0,0,0,0
2044-03-22,9.947,0,0,0,0,0,0,0,0,0
2044-03-23,9.947,0,0,0,0,0,0,0,0,0
2044-03-24,9.947,0,0,0,0,0,0,0,0,0
2044-03-25,9.947,0,0,0,0,0,0,0,0,0
2044-03-26,9.947,0,0,0,0,0,0,0,0,0
2044-03-27,9.947,0,0,0,0,0,0,0,0,0
2044-03-28,9.947,0,0,0,0,0,0,0,0,0
2044-03-29,9.947,0,0,0,0,0,0,0,0,0
2044-03-30,9.947,0,0,0,0,0,0,0,0,0
2044-03-31,9.947,0,0,0,0,0,0,0,0,0
2044-04-01,4.226,0,0,0,0,0,0,0,0,0
2044-04-02,4.226,0,0,0,0,0,0,0,0,0
2044-04-03,4.226,0,0,0,0,0,0,0,0,0
2044-04-04,4.226,0,0,0,0,0,0,0,0,0
2044-04-05,4.226,0,0,0,0,0,0,0,0,0
2044-04-06,4.226,0,0,0,0,0,0,0,0,0
2044-04-07,4.226,0,0,0,0,0,0,0,0,0
2044-04-08,4.226,0,0,0,0,0,0,0,0,0
2044-04-09,4.226,0,0,0,0,0,0,0,0,0
2044-04-10,4.226,0,0,0,0,0,0,0,0,0
2044-04-11,4.226,0,0,0,0,0,0,0,0,0
2044-04-12,4.226,0,0,0,0,0,0,0,0,0
2044-04-13,4.226,0,0,0,0,0,0,0,0,0
2044-04-14,4.226,0,0,0,0,0,0,0,0,0
2044-04-15,4.226,0,0,0,0,0,0,0,0,0
2044-04-16,4.226,0,0,0,0,0,0,0,0,0
2044-04-17,4.226,0,0,0,0,0,0,0,0,0
2044-04-18,4.226,0,0,0,0,0,0,0,0,0
2044-04-19,4.226,0,0,0,0,0,0,0,0,0
2044-04-20,4.226,0,0,0,0,0,0,0,0,0
2044-04-21,4.226,0,0,0,0,0,0,0,0,0
2044-04-22,4.226,0,0,0,0,0,0,0,0,0
2044-04-23,4.226,0,0,0,0,0,0,0,0,0
2044-04-24,4.226,0,0,0,0,0,0,0,0,0
2044-04-25,4.226,0,0,0,0,0,0,0,0,0
2044-04-26,4.226,0,0,0,0,0,0,0,0,0
2044-04-27,4.226,0,0,0,0,0,0,0,0,0
2044-04-28,4.226,0,0,0,0,0,0,0,0,0
2044-04-29,4.226,0,0,0,0,0,0,0,0,0
2044-04-30,4.226,0,0,0,0,0,0,0,0,0
2044-05-01,8.973,0,0,0,0,0,0,0,0,0
2044-05-02,8.973,0,0,0,0,0,0,0,0,0
2044-05-03,8.973,0,0,0,0,0,0,0,0,0
2044-05-04,8.973,0,0,0,0,0,0,0,0,0
2044-05-05,8.973,0,0,0,0,0,0,0,0,0
2044-05-06,8.973,0,0,0,0,0,0,0,0,0
2044-05-07,8.973,0,0,0,0,0,0,0,0,0
2044-05-08,8.973,0,0,0,0,0,0,0,0,0
2044-05-09,8.973,0,0,0,0,0,0,0,0,0
2044-05-10,8.973,0,0,0,0,0,0,0,0,0
2044-05-11,8.973,0,0,0,0,0,0,0,0,0
2044-05-12,8.973,0,0,0,0,0,0,0,0,0
2044-05-13,8.973,0,0,0,0,0,0,0,0,0
2044-05-14,8.973,0,0,0,0,0,0,0,0,0
2044-05-15,8.973,0,0,0,0,0,0,0,0,0
2044-05-16,8.973,0,0,0,0,0,0,0,0,0
2044-05-17,8.973,0,0,0,0,0,0,0,0,0
2044-05-18,8.973,0,0,0,0,0,0,0,0,0
2044-05-19,8.973,0,0,0,0,0,0,0,0,0
2044-05-20,8.973,0,0,0,0,0,0,0,0,0
2044-05-21,8.973,0,0,0,0,0,0,0,0,0
2044-05-22,8.973,0,0,0,0,0,0,0,0,0
2044-05-23,8.973,0,0,0,0,0,0,0,0,0
2044-05-24,8.973,0,0,0,0,0,0,0,0,0
2044-05-25,8.973,0,0,0,0,0,0,0,0,0
2044-05-26,8.973,0,0,0,0,0,0,0,0,0
2044-05-27,8.973,0,0,0,0,0,0,0,0,0
2044-05-28,8.973,0,0,0,0,0,0,0,0,0
2044-05-29,8.973,0,0,0,0,0,0,0,0,0
2044-05-30,8.973,0,0,0,0,0,0,0,0,0
2044-05-31,8.973,0,0,0,0,0,0,0,0,0
2044-06-01,17.951,0,0,0,0,0,0,0,0,0
2044-06-02,17.951,0,0,0,0,0,0,0,0,0
2044-06-03,17.951,0,0,0,0,0,0,0,0,0
2044-06-04,17.951,0,0,0,0,0,0,0,0,0
2044-06-05,17.951,0,0,0,0,0,0,0,0,0
2044-06-06,17.951,0,0,0,0,0,0,0,0,0
2044-06-07,17.951,0,0,0,0,0,0,0,0,0
2044-06-08,17.951,0,0,0,0,0,0,0,0,0
2044-06-09,17.951,0,0,0,0,0,0,0,0,0
2044-06-10,17.951,0,0,0,0,0,0,0,0,0
2044-06-11,17.951,0,0,0,0,0,0,0,0,0
2044-06-12,17.951,0,0,0,0,0,0,0,0,0
2044-06-13,17.951,0,0,0,0,0,0,0,0,0
2044-06-14,17.951,0,0,0,0,0,0,0,0,0
2044-06-15,17.951,0,0,0,0,0,0,0,0,0
2044-06-16,17.951,0,0,0,0,0,0,0,0,0
2044-06-17,17.951,0,0,0,0,0,0,0,0,0
2044-06-18,17.951,0,0,0,0,0,0,0,0,0
2044-06-19,17.951,0,0,0,0,0,0,0,0,0
2044-06-20,17.951,0,0,0,0,0,0,0,0,0
2044-06-21,17.951,0,0,0,0,0,0,0,0,0
2044-06-22,17.951,0,0,0,0,0,0,0,0,0
2044-06-23,17.951,0,0,0,0,0,0,0,0,0
2044-06-24,17.951,0,0,0,0,0,0,0,0,0
2044-06-25,17.951,0,0,0,0,0,0,0,0,0
2044-06-26,17.951,0,0,0,0,0,0,0,0,0
2044-06-27,17.951,0,0,0,0,0,0,0,0,0
2044-06-28,17.951,0,0,0,0,0,0,0,0,0
2044-06-29,17.951,0,0,0,0,0,0,0,0,0
2044-06-30,17.951,0,0,0,0,0,0,0,0,0
2044-07-01,16.268,0,0,0,0,0,0,0,0,0
2044-07-02,16.268,0,0,0,0,0,0,0,0,0
2044-07-03,16.268,0,0,0,0,0,0,0,0,0
2044-07-04,16.268,0,0,0,0,0,0,0,0,0
2044-07-05,16.268,0,0,0,0,0,0,0,0,0
2044-07-06,16.268,0,0,0,0,0,0,0,0,0
2044-07-07,16.268,0,0,0,0,0,0,0,0,0
2044-07-08,16.268,0,0,0,0,0,0,0,0,0
2044-07-09,16.268,0,0,0,0,0,0,0,0,0
2044-07-10,16.268,0,0,0,0,0,0,0,0,0
2044-07-11,16.268,0,0,0,0,0,0,0,0,0
2044-07-12,16.268,0,0,0,0,0,0,0,0,0
2044-07-13,16.268,0,0,0,0,0,0,0,0,0
2044-07-14,16.268,0,0,0,0,0,0,0,0,0
2044-07-15,16.268,0,0,0,0,0,0,0,0,0
2044-07-16,16.268,0,0,0,0,0,0,0,0,0
2044-07-17,16.268,0,0,0,0,0,0,0,0,0
2044-07-18,16.268,0,0,0,0,0,0,0,0,0
2044-07-19,16.268,0,0,0,0,0,0,0,0,0
2044-07-20,16.268,0,0,0,0,0,0,0,0,0
2044-07-21,16.268,0,0,0,0,0,0,0,0,0
2044-07-22,16.268,0,0,0,0,0,0,0,0,0
2044-07-23,16.268,0,0,0,0,0,0,0,0,0
2044-07-24,16.268,0,0,0,0,0,0,0,0,0
2044-07-25,16.268,0,0,0,0,0,0,0,0,0
2044-07-26,16.268,0,0,0,0,0,0,0,0,0
2044-07-27,16.268,0,0,0,0,0,0,0,0,0
2044-07-28,16.268,0,0,0,0,0,0,0,0,0
2044-07-29,16.268,0,0,0,0,0,0,0,0,0
2044-07-30,16.268,0,0,0,0,0,0,0,0,0
2044-07-31,16.268,0,0,0,0,0,0,0,0,0
2044-08-01,8.273,0,0,0,0,0,0,0,0,0
2044-08-02,8.273,0,0,0,0,0,0,0,0,0
2044-08-03,8.273,0,0,0,0,0,0,0,0,0
2044-08-04,8.273,0,0,0,0,0,0,0,0,0
2044-08-05,8.273,0,0,0,0,0,0,0,0,0
2044-08-06,8.273,0,0,0,0,0,0,0,0,0
2044-08-07,8.273,0,0,0,0,0,0,0,0,0
2044-08-08,8.273,0,0,0,0,0,0,0,0,0
2044-08-09,8.273,0,0,0,0,0,0,0,0,0
2044-08-10,8.273,0,0,0,0,0,0,0,0,0
2044-08-11,8.273,0,0,0,0,0,0,0,0,0
2044-08-12,8.273,0,0,0,0,0,0,0,0,0
2044-08-13,8.273,0,0,0,0,0,0,0,0,0
2044-08-14,8.273,0,0,0,0,0,0,0,0,0
2044-08-15,8.273,0,0,0,0,0,0,0,0,0
2044-08-16,8.273,0,0,0,0,0,0,0,0,0
2044-08-17,8.273,0,0,0,0,0,0,0,0,0
2044-08-18,8.273,0,0,0,0,0,0,0,0,0
2044-08-19,8.273,0,0,0,0,0,0,0,0,0
2044-08-20,8.273,0,0,0,0,0,0,0,0,0
2044-08-21,8.273,0,0,0,0,0,0,0,0,0
2044-08-22,8.273,0,0,0,0,0,0,0,0,0
2044-08-23,8.273,0,0,0,0,0,0,0,0,0
2044-08-24,8.273,0,0,0,0,0,0,0,0,0
2044-08-25,8.273,0,0,0,0,0,0,0,0,0
2044-08-26,8.273,0,0,0,0,0,0,0,0,0
2044-08-27,8.273,0,0,0,0,0,0,0,0,0
2044-08-28,8.273,0,0,0,0,0,0,0,0,0
2044-08-29,8.273,0,0,0,0,0,0,0,0,0
2044-08-30,8.273,0,0,0,0,0,0,0,0,0
2044-08-31,8.273,0,0,0,0,0,0,0,0,0
2044-09-01,9.838,0,0,0,0,0,0,0,0,0
2044-09-02,9.838,0,0,0,0,0,0,0,0,0
2044-09-03,9.838,0,0,0,0,0,0,0,0,0
2044-09-04,9.838,0,0,0,0,0,0,0,0,0
2044-09-05,9.838,0,0,0,0,0,0,0,0,0
2044-09-06,9.838,0,0,0,0,0,0,0,0,0
2044-09-07,9.838,0,0,0,0,0,0,0,0,0
2044-09-08,9.838,0,0,0,0,0,0,0,0,0
2044-09-09,9.838,0,0,0,0,0,0,0,0,0
2044-09-10,9.838,0,0,0,0,0,0,0,0,0
2044-09-11,9.838,0,0,0,0,0,0,0,0,0
2044-09-12,9.838,0,0,0,0,0,0,0,0,0
2044-09-13,9.838,0,0,0,0,0,0,0,0,0
2044-09-14,9.838,0,0,0,0,0,0,0,0,0
2044-09-15,9.838,0,0,0,0,0,0,0,0,0
2044-09-16,9.838,0,0,0,0,0,0,0,0,0
2044-09-17,9.838,0,0,0,0,0,0,0,0,0
2044-09-18,9.838,0,0,0,0,0,0,0,0,0
2044-09-19,9.838,0,0,0,0,0,0,0,0,0
2044-09-20,9.838,0,0,0,0,0,0,0,0,0
2044-09-21,9.838,0,0,0,0,0,0,0,0,0
2044-09-22,9.838,0,0,0,0,0,0,0,0,0
2044-09-23,9.838,0,0,0,0,0,0,0,0,0
2044-09-24,9.838,0,0,0,0,0,0,0,0,0
2044-09-25,9.838,0,0,0,0,0,0,0,0,0
2044-09-26,9.838,0,0,0,0,0,0,0,0,0
2044-09-27,9.838,0,0,0,0,0,0,0,0,0
2044-09-28,9.838,0,0,0,0,0,0,0,0,0
2044-09-29,9.838,0,0,0,0,0,0,0,0,0
2044-09-30,9.838,0,0,0,0,0,0,0,0,0
2044-10-01,3.806,0,0,0,0,0,0,0,0,0
2044-10-02,3.806,0,0,0,0,0,0,0,0,0
2044-10-03,3.806,0,0,0,0,0,0,0,0,0
2044-10-04,3.806,0,0,0,0,0,0,0,0,0
2044-10-05,3.806,0,0,0,0,0,0,0,0,0
2044-10-06,3.806,0,0,0,0,0,0,0,0,0
2044-10-07,3.806,0,0,0,0,0,0,0,0,0
2044-10-08,3.806,0,0,0,0,0,0,0,0,0
2044-10-09,3.806,0,0,0,0,0,0,0,0,0
2044-10-10,3.806,0,0,0,0,0,0,0,0,0
2044-10-11,3.806,0,0,0,0,0,0,0,0,0
2044-10-12,3.806,0,0,0,0,0,0,0,0,0
2044-10-13,3.806,0,0,0,0,0,0,0,0,0
2044-10-14,3.806,0,0,0,0,0,0,0,0,0
2044-10-15,3.806,0,0,0,0,0,0,0,0,0
2044-10-16,3.806,0,0,0,0,0,0,0,0,0
2044-10-17,3.806,0,0,0,0,0,0,0,0,0
2044-10-18,3.806,0,0,0,0,0,0,0,0,0
2044-10-19,3.806,0,0,0,0,0,0,0,0,0
2044-10-20,3.806,0,0,0,0,0,0,0,0,0
2044-10-21,3.806,0,0,0,0,0,0,0,0,0
2044-10-22,3.806,0,0,0,0,0,0,0,0,0
2044-10-23,3.806,0,0,0,0,0,0,0,0,0
2044-10-24,3.806,0,0,0,0,0,0,0,0,0
2044-10-25,3.806,0,0,0,0,0,0,0,0,0
2044-10-26,3.806,0,0,0,0,0,0,0,0,0
2044-10-27,3.806,0,0,0,0,0,0,0,0,0
2044-10-28,3.806,0,0,0,0,0,0,0,0,0
2044-10-29,3.806,0,0,0,0,0,0,0,0,0
2044-10-30,3.806,0,0,0,0,0,0,0,0,0
2044-10-31,3.806,0,0,0,0,0,0,0,0,0
2044-11-01,6.803,0,0,0,0,0,0,0,0,0
2044-11-02,6.803,0,0,0,0,0,0,0,0,0
2044-11-03,6.803,0,0,0,0,0,0,0,0,0
2044-11-04,6.803,0,0,0,0,0,0,0,0,0
2044-11-05,6.803,0,0,0,0,0,0,0,0,0
2044-11-06,6.803,0,0,0,0,0,0,0,0,0
2044-11-07,6.803,0,0,0,0,0,0,0,0,0
2044-11-08,6.803,0,0,0,0,0,0,0,0,0
2044-11-09,6.803,0,0,0,0,0,0,0,0,0
2044-11-10,6.803,0,0,0,0,0,0,0,0,0
2044-11-11,6.803,0,0,0,0,0,0,0,0,0
2044-11-12,6.803,0,0,0,0,0,0,0,0,0
2044-11-13,6.803,0,0,0,0,0,0,0,0,0
2044-11-14,6.803,0,0,0,0,0,0,0,0,0
2044-11-15,6.803,0,0,0,0,0,0,0,0,0
2044-11-16,6.803,0,0,0,0,0,0,0,0,0
2044-11-17,6.803,0,0,0,0,0,0,0,0,0
2044-11-18,6.803,0,0,0,0,0,0,0,0,0
2044-11-19,6.803,0,0,0,0,0,0,0,0,0
2044-11-20,6.803,0,0,0,0,0,0,0,0,0
2044-11-21,6.803,0,0,0,0,0,0,0,0,0
2044-11-22,6.803,0,0,0,0,0,0,0,0,0
2044-11-23,6.803,0,0,0,0,0,0,0,0,0
2044-11-24,6.803,0,0,0,0,0,0,0,0,0
2044-11-25,6.803,0,0,0,0,0,0,0,0,0
2044-11-26,6.803,0,0,0,0,0,0,0,0,0
2044-11-27,6.803,0,0,0,0,0,0,0,0,0
2044-11-28,6.803,0,0,0,0,0,0,0,0,0
2044-11-29,6.803,0,0,0,0,0,0,0,0,0
2044-11-30,6.803,0,0,0,0,0,0,0,0,0
2044-12-01,6.249,0,0,0,0,0,0,0,0,0
2044-12-02,6.249,0,0,0,0,0,0,0,0,0
2044-12-03,6.249,0,0,0,0,0,0,0,0,0
2044-12-04,6.249,0,0,0,0,0,0,0,0,0
2044-12-05,6.249,0,0,0,0,0,0,0,0,0
2044-12-06,6.249,0,0,0,0,0,0,0,0,0
2044-12-07,6.249,0,0,0,0,0,0,0,0,0
2044-12-08,6.249,0,0,0,0,0,0,0,0,0
2044-12-09,6.249,0,0,0,0,0,0,0,0,0
2044-12-10,6.249,0,0,0,0,0,0,0,0,0
2044-12-11,6.249,0,0,0,0,0,0,0,0,0
2044-12-12,6.249,0,0,0,0,0,0,0,0,0
2044-12-13,6.249,0,0,0,0,0,0,0,0,0
2044-12-14,6.249,0,0,0,0,0,0,0,0,0
2044-12-15,6.249,0,0,0,0,0,0,0,0,0
2044-12-16,6.249,0,0,0,0,0,0,0,0,0
2044-12-17,6.249,0,0,0,0,0,0,0,0,0
2044-12-18,6.249,0,0,0,0,0,0,0,0,0
2044-12-19,6.249,0,0,0,0,0,0,0,0,0
2044-12-20,6.249,0,0,0,0,0,0,0,0,0
2044-12-21,6.249,0,0,0,0,0,0,0,0,0
2044-12-22,6.249,0,0,0,0,0,0,0,0,0
2044-12-23,6.249,0,0,0,0,0,0,0,0,0
2044-12-24,6.249,0,0,0,0,0,0,0,0,0
2044-12-25,6.249,0,0,0,0,0,0,0,0,0
2044-12-26,6.249,0,0,0,0,0,0,0,0,0
2044-12-27,6.249,0,0,0,0,0,0,0,0,0
2044-12-28,6.249,0,0,0,0,0,0,0,0,0
2044-12-29,6.249,0,0,0,0,0,0,0,0,0
2044-12-30,6.249,0,0,0,0,0,0,0,0,0
2044-12-31,6.249,0,0,0,0,0,0,0,0,0
2045-01-01,9.292,0,0,0,0,0,0,0,0,0
2045-01-02,9.292,0,0,0,0,0,0,0,0,0
2045-01-03,9.292,0,0,0,0,0,0,0,0,0
2045-01-04,9.292,0,0,0,0,0,0,0,0,0
2045-01-05,9.292,0,0,0,0,0,0,0,0,0
2045-01-06,9.292,0,0,0,0,0,0,0,0,0
2045-01-07,9.292,0,0,0,0,0,0,0,0,0
2045-01-08,9.292,0,0,0,0,0,0,0,0,0
2045-01-09,9.292,0,0,0,0,0,0,0,0,0
2045-01-10,9.292,0,0,0,0,0,0,0,0,0
2045-01-11,9.292,0,0,0,0,0,0,0,0,0
2045-01-12,9.292,0,0,0,0,0,0,0,0,0
2045-01-13,9.292,0,0,0,0,0,0,0,0,0
2045-01-14,9.292,0,0,0,0,0,0,0,0,0
2045-01-15,9.292,0,0,0,0,0,0,0,0,0
2045-01-16,9.292,0,0,0,0,0,0,0,0,0
2045-01-17,9.292,0,0,0,0,0,0,0,0,0
2045-01-18,9.292,0,0,0,0,0,0,0,0,0
2045-01-19,9.292,0,0,0,0,0,0,0,0,0
2045-01-20,9.292,0,0,0,0,0,0,0,0,0
2045-01-21,9.292,0,0,0,0,0,0,0,0,0
2045-01-22,9.292,0,0,0,0,0,0,0,0,0
2045-01-23,9.292,0,0,0,0,0,0,0,0,0
2045-01-24,9.292,0,0,0,0,0,0,0,0,0
2045-01-25,9.292,0,0,0,0,0,0,0,0,0
2045-01-26,9.292,0,0,0,0,0,0,0,0,0
2045-01-27,9.292,0,0,0,0,0,0,0,0,0
2045-01-28,9.292,0,0,0,0,0,0,0,0,0
2045-01-29,9.292,0,0,0,0,0,0,0,0,0
2045-01-30,9.292,0,0,0,0,0,0,0,0,0
2045-01-31,9.292,0,0,0,0,0,0,0,0,0
2045-02-01,5.627,0,0,0,0,0,0,0,0,0
2045-02-02,5.627,0,0,0,0,0,0,0,0,0
2045-02-03,5.627,0,0,0,0,0,0,0,0,0
2045-02-04,5.627,0,0,0,0,0,0,0,0,0
2045-02-05,5.627,0,0,0,0,0,0,0,0,0
2045-02-06,5.627,0,0,0,0,0,0,0,0,0
2045-02-07,5.627,0,0,0,0,0,0,0,0,0
2045-02-08,5.627,0,0,0,0,0,0,0,0,0
2045-02-09,5.627,0,0,0,0,0,0,0,0,0
2045-02-10,5.627,0,0,0,0,0,0,0,0,0
2045-02-11,5.627,0,0,0,0,0,0,0,0,0
2045-02-12,5.627,0,0,0,0,0,0,0,0,0
2045-02-13,5.627,0,0,0,0,0,0,0,0,0
2045-02-14,5.627,0,0,0,0,0,0,0,0,0
2045-02-15,5.627,0,0,0,0,0,0,0,0,0
2045-02-16,5.627,0,0,0,0,0,0,0,0,0
2045-02-17,5.627,0,0,0,0,0,0,0,0,0
2045-02-18,5.627,0,0,0,0,0,0,0,0,0
2045-02-19,5.627,0,0,0,0,0,0,0,0,0
2045-02-20,5.627,0,0,0,0,0,0,0,0,0
2045-02-21,5.627,0,0,0,0,0,0,0,0,0
2045-02-22,5.627,0,0,0,0,0,0,0,0,0
2045-02-23,5.627,0,0,0,0,0,0,0,0,0
2045-02-24,5.627,0,0,0,0,0,0,0,0,0
2045-02-25,5.627,0,0,0,0,0,0,0,0,0
2045-02-26,5.627,0,0,0,0,0,0,0,0,0
2045-02-27,5.627,0,0,0,0,0,0,0,0,0
2045-02-28,5.627,0,0,0,0,0,0,0,0,0
2045-03-01,9.947,0,0,0,0,0,0,0,0,0
2045-03-02,9.947,0,0,0,0,0,0,0,0,0
2045-03-03,9.947,0,0,0,0,0,0,0,0,0
2045-03-04,9.947,0,0,0,0,0,0,0,0,0
2045-03-05,9.947,0,0,0,0,0,0,0,0,0
2045-03-06,9.947,0,0,0,0,0,0,0,0,0
2045-03-07,9.947,0,0,0,0,0,0,0,0,0
2045-03-08,9.947,0,0,0,0,0,0,0,0,0
2045-03-09,9.947,0,0,0,0,0,0,0,0,0
2045-03-10,9.947,0,0,0,0,0,0,0,0,0
2045-03-11,9.947,0,0,0,0,0,0,0,0,0
2045-03-12,9.947,0,0,0,0,0,0,0,0,0
2045-03-13,9.947,0,0,0,0,0,0,0,0,0
2045-03-14,9.947,0,0,0,0,0,0,0,0,0
2045-03-15,9.947,0,0,0,0,0,0,0,0,0
2045-03-16,9.947,0,0,0,0,0,0,0,0,0
2045-03-17,9.947,0,0,0,0,0,0,0,0,0
2045-03-18,9.947,0,0,0,0,0,0,0,0,0
2045-03-19,9.947,0,0,0,0,0,0,0,0,0
2045-03-20,9.947,0,0,0,0,0,0,0,0,0
2045-03-21,9.947,0,0,0,0,0,0,0,0,0
2045-03-22,9.947,0,0,0,0,0,0,0,0,0
2045-03-23,9.947,0,0,0,0,0,0,0,0,0
2045-03-24,9.947,0,0,0,0,0,0,0,0,0
2045-03-25,9.947,0,0,0,0,0,0,0,0,0
2045-03-26,9.947,0,0,0,0,0,0,0,0,0
2045-03-27,9.947,0,0,0,0,0,0,0,0,0
2045-03-28,9.947,0,0,0,0,0,0,0,0,0
2045-03-29,9.947,0,0,0,0,0,0,0,0,0
2045-03-30,9.947,0,0,0,0,0,0,0,0,0
2045-03-31,9.947,0,0,0,0,0,0,0,0,0
2045-04-01,4.226,0,0,0,0,0,0,0,0,0
2045-04-02,4.226,0,0,0,0,0,0,0,0,0
2045-04-03,4.226,0,0,0,0,0,0,0,0,0
2045-04-04,4.226,0,0,0,0,0,0,0,0,0
2045-04-05,4.226,0,0,0,0,0,0,0,0,0
2045-04-06,4.226,0,0,0,0,0,0,0,0,0
2045-04-07,4.226,0,0,0,0,0,0,0,0,0
2045-04-08,4.226,0,0,0,0,0,0,0,0,0
2045-04-09,4.226,0,0,0,0,0,0,0,0,0
2045-04-10,4.226,0,0,0,0,0,0,0,0,0
2045-04-11,4.226,0,0,0,0,0,0,0,0,0
2045-04-12,4.226,0,0,0,0,0,0,0,0,0
2045-04-13,4.226,0,0,0,0,0,0,0,0,0
2045-04-14,4.226,0,0,0,0,0,0,0,0,0
2045-04-15,4.226,0,0,0,0,0,0,0,0,0
2045-04-16,4.226,0,0,0,0,0,0,0,0,0
2045-04-17,4.226,0,0,0,0,0,0,0,0,0
2045-04-18,4.226,0,0,0,0,0,0,0,0,0
2045-04-19,4.226,0,0,0,0,0,0,0,0,0
2045-04-20,4.226,0,0,0,0,0,0,0,0,0
2045-04-21,4.226,0,0,0,0,0,0,0,0,0
2045-04-22,4.226,0,0,0,0,0,0,0,0,0
2045-04-23,4.226,0,0,0,0,0,0,0,0,0
2045-04-24,4.226,0,0,0,0,0,0,0,0,0
2045-04-25,4.226,0,0,0,0,0,0,0,0,0
2045-04-26,4.226,0,0,0,0,0,0,0,0,0
2045-04-27,4.226,0,0,0,0,0,0,0,0,0
2045-04-28,4.226,0,0,0,0,0,0,0,0,0
2045-04-29,4.226,0,0,0,0,0,0,0,0,0
2045-04-30,4.226,0,0,0,0,0,0,0,0,0
2045-05-01,8.973,0,0,0,0,0,0,0,0,0
2045-05-02,8.973,0,0,0,0,0,0,0,0,0
2045-05-03,8.973,0,0,0,0,0,0,0,0,0
2045-05-04,8.973,0,0,0,0,0,0,0,0,0
2045-05-05,8.973,0,0,0,0,0,0,0,0,0
2045-05-06,8.973,0,0,0,0,0,0,0,0,0
2045-05-07,8.973,0,0,0,0,0,0,0,0,0
2045-05-08,8.973,0,0,0,0,0,0,0,0,0
2045-05-09,8.973,0,0,0,0,0,0,0,0,0
2045-05-10,8.973,0,0,0,0,0,0,0,0,0
2045-05-11,8.973,0,0,0,0,0,0,0,0,0
2045-05-12,8.973,0,0,0,0,0,0,0,0,0
2045-05-13,8.973,0,0,0,0,0,0,0,0,0
2045-05-14,8.973,0,0,0,0,0,0,0,0,0
2045-05-15,8.973,0,0,0,0,0,0,0,0,0
2045-05-16,8.973,0,0,0,0,0,0,0,0,0
2045-05-17,8.973,0,0,0,0,0,0,0,0,0
2045-05-18,8.973,0,0,0,0,0,0,0,0,0
2045-05-19,8.973,0,0,0,0,0,0,0,0,0
2045-05-20,8.973,0,0,0,0,0,0,0,0,0
2045-05-21,8.973,0,0,0,0,0,0,0,0,0
2045-05-22,8.973,0,0,0,0,0,0,0,0,0
2045-05-23,8.973,0,0,0,0,0,0,0,0,0
2045-05-24,8.973,0,0,0,0,0,0,0,0,0
2045-05-25,8.973,0,0,0,0,0,0,0,0,0
2045-05-26,8.973,0,0,0,0,0,0,0,0,0
2045-05-27,8.973,0,0,0,0,0,0,0,0,0
2045-05-28,8.973,0,0,0,0,0,0,0,0,0
2045-05-29,8.973,0,0,0,0,0,0,0,0,0
2045-05-30,8.973,0,0,0,0,0,0,0,0,0
2045-05-31,8.973,0,0,0,0,0,0,0,0,0
2045-06-01,17.951,0,0,0,0,0,0,0,0,0
2045-06-02,17.951,0,0,0,0,0,0,0,0,0
2045-06-03,17.951,0,0,0,0,0,0,0,0,0
2045-06-04,17.951,0,0,0,0,0,0,0,0,0
2045-06-05,17.951,0,0,0,0,0,0,0,0,0
2045-06-06,17.951,0,0,0,0,0,0,0,0,0
2045-06-07,17.951,0,0,0,0,0,0,0,0,0
2045-06-08,17.951,0,0,0,0,0,0,0,0,0
2045-06-09,17.951,0,0,0,0,0,0,0,0,0
2045-06-10,17.951,0,0,0,0,0,0,0,0,0
2045-06-11,17.951,0,0,0,0,0,0,0,0,0
2045-06-12,17.951,0,0,0,0,0,0,0,0,0
2045-06-13,17.951,0,0,0,0,0,0,0,0,0
2045-06-14,17.951,0,0,0,0,0,0,0,0,0
2045-06-15,17.951,0,0,0,0,0,0,0,0,0
2045-06-16,17.951,0,0,0,0,0,0,0,0,0
2045-06-17,17.951,0,0,0,0,0,0,0,0,0
2045-06-18,17.951,0,0,0,0,0,0,0,0,0
2045-06-19,17.951,0,0,0,0,0,0,0,0,0
2045-06-20,17.951,0,0,0,0,0,0,0,0,0
2045-06-21,17.951,0,0,0,0,0,0,0,0,0
2045-06-22,17.951,0,0,0,0,0,0,0,0,0
2045-06-23,17.951,0,0,0,0,0,0,0,0,0
2045-06-24,17.951,0,0,0,0,0,0,0,0,0
2045-06-25,17.951,0,0,0,0,0,0,0,0,0
2045-06-26,17.951,0,0,0,0,0,0,0,0,0
2045-06-27,17.951,0,0,0,0,0,0,0,0,0
2045-06-28,17.951,0,0,0,0,0,0,0,0,0
2045-06-29,17.951,0,0,0,0,0,0,0,0,0
2045-06-30,17.951,0,0,0,0,0,0,0,0,0
2045-07-01,16.268,0,0,0,0,0,0,0,0,0
2045-07-02,16.268,0,0,0,0,0,0,0,0,0
2045-07-03,16.268,0,0,0,0,0,0,0,0,0
2045-07-04,16.268,0,0,0,0,0,0,0,0,0
2045-07-05,16.268,0,0,0,0,0,0,0,0,0
2045-07-06,16.268,0,0,0,0,0,0,0,0,0
2045-07-07,16.268,0,0,0,0,0,0,0,0,0
2045-07-08,16.268,0,0,0,0,0,0,0,0,0
2045-07-09,16.268,0,0,0,0,0,0,0,0,0
2045-07-10,16.268,0,0,0,0,0,0,0,0,0
2045-07-11,16.268,0,0,0,0,0,0,0,0,0
2045-07-12,16.268,0,0,0,0,0,0,0,0,0
2045-07-13,16.268,0,0,0,0,0,0,0,0,0
2045-07-14,16.268,0,0,0,0,0,0,0,0,0
2045-07-15,16.268,0,0,0,0,0,0,0,0,0
2045-07-16,16.268,0,0,0,0,0,0,0,0,0
2045-07-17,16.268,0,0,0,0,0,0,0,0,0
2045-07-18,16.268,0,0,0,0,0,0,0,0,0
2045-07-19,16.268,0,0,0,0,0,0,0,0,0
2045-07-20,16.268,0,0,0,0,0,0,0,0,0
2045-07-21,16.268,0,0,0,0,0,0,0,0,0
2045-07-22,16.268,0,0,0,0,0,0,0,0,0
2045-07-23,16.268,0,0,0,0,0,0,0,0,0
2045-07-24,16.268,0,0,0,0,0,0,0,0,0
2045-07-25,16.268,0,0,0,0,0,0,0,0,0
2045-07-26,16.268,0,0,0,0,0,0,0,0,0
2045-07-27,16.268,0,0,0,0,0,0,0,0,0
2045-07-28,16.268,0,0,0,0,0,0,0,0,0
2045-07-29,16.268,0,0,0,0,0,0,0,0,0
2045-07-30,16.268,0,0,0,0,0,0,0,0,0
2045-07-31,16.268,0,0,0,0,0,0,0,0,0
2045-08-01,8.273,0,0,0,0,0,0,0,0,0
2045-08-02,8.273,0,0,0,0,0,0,0,0,0
2045-08-03,8.273,0,0,0,0,0,0,0,0,0
2045-08-04,8.273,0,0,0,0,0,0,0,0,0
2045-08-05,8.273,0,0,0,0,0,0,0,0,0
2045-08-06,8.273,0,0,0,0,0,0,0,0,0
2045-08-07,8.273,0,0,0,0,0,0,0,0,0
2045-08-08,8.273,0,0,0,0,0,0,0,0,0
2045-08-09,8.273,0,0,0,0,0,0,0,0,0
2045-08-10,8.273,0,0,0,0,0,0,0,0,0
2045-08-11,8.273,0,0,0,0,0,0,0,0,0
2045-08-12,8.273,0,0,0,0,0,0,0,0,0
2045-08-13,8.273,0,0,0,0,0,0,0,0,0
2045-08-14,8.273,0,0,0,0,0,0,0,0,0
2045-08-15,8.273,0,0,0,0,0,0,0,0,0
2045-08-16,8.273,0,0,0,0,0,0,0,0,0
2045-08-17,8.273,0,0,0,0,0,0,0,0,0
2045-08-18,8.273,0,0,0,0,0,0,0,0,0
2045-08-19,8.273,0,0,0,0,0,0,0,0,0
2045-08-20,8.273,0,0,0,0,0,0,0,0,0
2045-08-21,8.273,0,0,0,0,0,0,0,0,0
2045-08-22,8.273,0,0,0,0,0,0,0,0,0
2045-08-23,8.273,0,0,0,0,0,0,0,0,0
2045-08-24,8.273,0,0,0,0,0,0,0,0,0
2045-08-25,8.273,0,0,0,0,0,0,0,0,0
2045-08-26,8.273,0,0,0,0,0,0,0,0,0
2045-08-27,8.273,0,0,0,0,0,0,0,0,0
2045-08-28,8.273,0,0,0,0,0,0,0,0,0
2045-08-29,8.273,0,0,0,0,0,0,0,0,0
2045-08-30,8.273,0,0,0,0,0,0,0,0,0
2045-08-31,8.273,0,0,0,0,0,0,0,0,0
2045-09-01,9.838,0,0,0,0,0,0,0,0,0
2045-09-02,9.838,0,0,0,0,0,0,0,0,0
2045-09-03,9.838,0,0,0,0,0,0,0,0,0
2045-09-04,9.838,0,0,0,0,0,0,0,0,0
2045-09-05,9.838,0,0,0,0,0,0,0,0,0
2045-09-06,9.838,0,0,0,0,0,0,0,0,0
2045-09-07,9.838,0,0,0,0,0,0,0,0,0
2045-09-08,9.838,0,0,0,0,0,0,0,0,0
2045-09-09,9.838,0,0,0,0,0,0,0,0,0
2045-09-10,9.838,0,0,0,0,0,0,0,0,0
2045-09-11,9.838,0,0,0,0,0,0,0,0,0
2045-09-12,9.838,0,0,0,0,0,0,0,0,0
2045-09-13,9.838,0,0,0,0,0,0,0,0,0
2045-09-14,9.838,0,0,0,0,0,0,0,0,0
2045-09-15,9.838,0,0,0,0,0,0,0,0,0
2045-09-16,9.838,0,0,0,0,0,0,0,0,0
2045-09-17,9.838,0,0,0,0,0,0,0,0,0
2045-09-18,9.838,0,0,0,0,0,0,0,0,0
2045-09-19,9.838,0,0,0,0,0,0,0,0,0
2045-09-20,9.838,0,0,0,0,0,0,0,0,0
2045-09-21,9.838,0,0,0,0,0,0,0,0,0
2045-09-22,9.838,0,0,0,0,0,0,0,0,0
2045-09-23,9.838,0,0,0,0,0,0,0,0,0
2045-09-24,9.838,0,0,0,0,0,0,0,0,0
2045-09-25,9.838,0,0,0,0,0,0,0,0,0
2045-09-26,9.838,0,0,0,0,0,0,0,0,0
2045-09-27,9.838,0,0,0,0,0,0,0,0,0
2045-09-28,9.838,0,0,0,0,0,0,0,0,0
2045-09-29,9.838,0,0,0,0,0,0,0,0,0
2045-09-30,9.838,0,0,0,0,0,0,0,0,0
2045-10-01,3.806,0,0,0,0,0,0,0,0,0
2045-10-02,3.806,0,0,0,0,0,0,0,0,0
2045-10-03,3.806,0,0,0,0,0,0,0,0,0
2045-10-04,3.806,0,0,0,0,0,0,0,0,0
2045-10-05,3.806,0,0,0,0,0,0,0,0,0
2045-10-06,3.806,0,0,0,0,0,0,0,0,0
2045-10-07,3.806,0,0,0,0,0,0,0,0,0
2045-10-08,3.806,0,0,0,0,0,0,0,0,0
2045-10-09,3.806,0,0,0,0,0,0,0,0,0
2045-10-10,3.806,0,0,0,0,0,0,0,0,0
2045-10-11,3.806,0,0,0,0,0,0,0,0,0
2045-10-12,3.806,0,0,0,0,0,0,0,0,0
2045-10-13,3.806,0,0,0,0,0,0,0,0,0
2045-10-14,3.806,0,0,0,0,0,0,0,0,0
2045-10-15,3.806,0,0,0,0,0,0,0,0,0
2045-10-16,3.806,0,0,0,0,0,0,0,0,0
2045-10-17,3.806,0,0,0,0,0,0,0,0,0
2045-10-18,3.806,0,0,0,0,0,0,0,0,0
2045-10-19,3.806,0,0,0,0,0,0,0,0,0
2045-10-20,3.806,0,0,0,0,0,0,0,0,0
2045-10-21,3.806,0,0,0,0,0,0,0,0,0
2045-10-22,3.806,0,0,0,0,0,0,0,0,0
2045-10-23,3.806,0,0,0,0,0,0,0,0,0
2045-10-24,3.806,0,0,0,0,0,0,0,0,0
2045-10-25,3.806,0,0,0,0,0,0,0,0,0
2045-10-26,3.806,0,0,0,0,0,0,0,0,0
2045-10-27,3.806,0,0,0,0,0,0,0,0,0
2045-10-28,3.806,0,0,0,0,0,0,0,0,0
2045-10-29,3.806,0,0,0,0,0,0,0,0,0
2045-10-30,3.806,0,0,0,0,0,0,0,0,0
2045-10-31,3.806,0,0,0,0,0,0,0,0,0
2045-11-01,6.803,0,0,0,0,0,0,0,0,0
2045-11-02,6.803,0,0,0,0,0,0,0,0,0
2045-11-03,6.803,0,0,0,0,0,0,0,0,0
2045-11-04,6.803,0,0,0,0,0,0,0,0,0
2045-11-05,6.803,0,0,0,0,0,0,0,0,0
2045-11-06,6.803,0,0,0,0,0,0,0,0,0
2045-11-07,6.803,0,0,0,0,0,0,0,0,0
2045-11-08,6.803,0,0,0,0,0,0,0,0,0
2045-11-09,6.803,0,0,0,0,0,0,0,0,0
2045-11-10,6.803,0,0,0,0,0,0,0,0,0
2045-11-11,6.803,0,0,0,0,0,0,0,0,0
2045-11-12,6.803,0,0,0,0,0,0,0,0,0
2045-11-13,6.803,0,0,0,0,0,0,0,0,0
2045-11-14,6.803,0,0,0,0,0,0,0,0,0
2045-11-15,6.803,0,0,0,0,0,0,0,0,0
2045-11-16,6.803,0,0,0,0,0,0,0,0,0
2045-11-17,6.803,0,0,0,0,0,0,0,0,0
2045-11-18,6.803,0,0,0,0,0,0,0,0,0
2045-11-19,6.803,0,0,0,0,0,0,0,0,0
2045-11-20,6.803,0,0,0,0,0,0,0,0,0
2045-11-21,6.803,0,0,0,0,0,0,0,0,0
2045-11-22,6.803,0,0,0,0,0,0,0,0,0
2045-11-23,6.803,0,0,0,0,0,0,0,0,0
2045-11-24,6.803,0,0,0,0,0,0,0,0,0
2045-11-25,6.803,0,0,0,0,0,0,0,0,0
2045-11-26,6.803,0,0,0,0,0,0,0,0,0
2045-11-27,6.803,0,0,0,0,0,0,0,0,0
2045-11-28,6.803,0,0,0,0,0,0,0,0,0
2045-11-29,6.803,0,0,0,0,0,0,0,0,0
2045-11-30,6.803,0,0,0,0,0,0,0,0,0
2045-12-01,6.249,0,0,0,0,0,0,0,0,0
2045-12-02,6.249,0,0,0,0,0,0,0,0,0
2045-12-03,6.249,0,0,0,0,0,0,0,0,0
2045-12-04,6.249,0,0,0,0,0,0,0,0,0
2045-12-05,6.249,0,0,0,0,0,0,0,0,0
2045-12-06,6.249,0,0,0,0,0,0,0,0,0
2045-12-07,6.249,0,0,0,0,0,0,0,0,0
2045-12-08,6.249,0,0,0,0,0,0,0,0,0
2045-12-09,6.249,0,0,0,0,0,0,0,0,0
2045-12-10,6.249,0,0,0,0,0,0,0,0,0
2045-12-11,6.249,0,0,0,0,0,0,0,0,0
2045-12-12,6.249,0,0,0,0,0,0,0,0,0
2045-12-13,6.249,0,0,0,0,0,0,0,0,0
2045-12-14,6.249,0,0,0,0,0,0,0,0,0
2045-12-15,6.249,0,0,0,0,0,0,0,0,0
2045-12-16,6.249,0,0,0,0,0,0,0,0,0
2045-12-17,6.249,0,0,0,0,0,0,0,0,0
2045-12-18,6.249,0,0,0,0,0,0,0,0,0
2045-12-19,6.249,0,0,0,0,0,0,0,0,0
2045-12-20,6.249,0,0,0,0,0,0,0,0,0
2045-12-21,6.249,0,0,0,0,0,0,0,0,0
2045-12-22,6.249,0,0,0,0,0,0,0,0,0
2045-12-23,6.249,0,0,0,0,0,0,0,0,0
2045-12-24,6.249,0,0,0,0,0,0,0,0,0
2045-12-25,6.249,0,0,0,0,0,0,0,0,0
2045-12-26,6.249,0,0,0,0,0,0,0,0,0
2045-12-27,6.249,0,0,0,0,0,0,0,0,0
2045-12-28,6.249,0,0,0,0,0,0,0,0,0
2045-12-29,6.249,0,0,0,0,0,0,0,0,0
2045-12-30,6.249,0,0,0,0,0,0,0,0,0
2045-12-31,6.249,0,0,0,0,0,0,0,0,0
2046-01-01,9.292,0,0,0,0,0,0,0,0,0
2046-01-02,9.292,0,0,0,0,0,0,0,0,0
2046-01-03,9.292,0,0,0,0,0,0,0,0,0
2046-01-04,9.292,0,0,0,0,0,0,0,0,0
2046-01-05,9.292,0,0,0,0,0,0,0,0,0
2046-01-06,9.292,0,0,0,0,0,0,0,0,0
2046-01-07,9.292,0,0,0,0,0,0,0,0,0
2046-01-08,9.292,0,0,0,0,0,0,0,0,0
2046-01-09,9.292,0,0,0,0,0,0,0,0,0
2046-01-10,9.292,0,0,0,0,0,0,0,0,0
2046-01-11,9.292,0,0,0,0,0,0,0,0,0
2046-01-12,9.292,0,0,0,0,0,0,0,0,0
2046-01-13,9.292,0,0,0,0,0,0,0,0,0
2046-01-14,9.292,0,0,0,0,0,0,0,0,0
2046-01-15,9.292,0,0,0,0,0,0,0,0,0
2046-01-16,9.292,0,0,0,0,0,0,0,0,0
2046-01-17,9.292,0,0,0,0,0,0,0,0,0
2046-01-18,9.292,0,0,0,0,0,0,0,0,0
2046-01-19,9.292,0,0,0,0,0,0,0,0,0
2046-01-20,9.292,0,0,0,0,0,0,0,0,0
2046-01-21,9.292,0,0,0,0,0,0,0,0,0
2046-01-22,9.292,0,0,0,0,0,0,0,0,0
2046-01-23,9.292,0,0,0,0,0,0,0,0,0
2046-01-24,9.292,0,0,0,0,0,0,0,0,0
2046-01-25,9.292,0,0,0,0,0,0,0,0,0
2046-01-26,9.292,0,0,0,0,0,0,0,0,0
2046-01-27,9.292,0,0,0,0,0,0,0,0,0
2046-01-28,9.292,0,0,0,0,0,0,0,0,0
2046-01-29,9.292,0,0,0,0,0,0,0,0,0
2046-01-30,9.292,0,0,0,0,0,0,0,0,0
2046-01-31,9.292,0,0,0,0,0,0,0,0,0
2046-02-01,5.627,0,0,0,0,0,0,0,0,0
2046-02-02,5.627,0,0,0,0,0,0,0,0,0
2046-02-03,5.627,0,0,0,0,0,0,0,0,0
2046-02-04,5.627,0,0,0,0,0,0,0,0,0
2046-02-05,5.627,0,0,0,0,0,0,0,0,0
2046-02-06,5.627,0,0,0,0,0,0,0,0,0
2046-02-07,5.627,0,0,0,0,0,0,0,0,0
2046-02-08,5.627,0,0,0,0,0,0,0,0,0
2046-02-09,5.627,0,0,0,0,0,0,0,0,0
2046-02-10,5.627,0,0,0,0,0,0,0,0,0
2046-02-11,5.627,0,0,0,0,0,0,0,0,0
2046-02-12,5.627,0,0,0,0,0,0,0,0,0
2046-02-13,5.627,0,0,0,0,0,0,0,0,0
2046-02-14,5.627,0,0,0,0,0,0,0,0,0
2046-02-15,5.627,0,0,0,0,0,0,0,0,0
2046-02-16,5.627,0,0,0,0,0,0,0,0,0
2046-02-17,5.627,0,0,0,0,0,0,0,0,0
2046-02-18,5.627,0,0,0,0,0,0,0,0,0
2046-02-19,5.627,0,0,0,0,0,0,0,0,0
2046-02-20,5.627,0,0,0,0,0,0,0,0,0
2046-02-21,5.627,0,0,0,0,0,0,0,0,0
2046-02-22,5.627,0,0,0,0,0,0,0,0,0
2046-02-23,5.627,0,0,0,0,0,0,0,0,0
2046-02-24,5.627,0,0,0,0,0,0,0,0,0
2046-02-25,5.627,0,0,0,0,0,0,0,0,0
2046-02-26,5.627,0,0,0,0,0,0,0,0,0
2046-02-27,5.627,0,0,0,0,0,0,0,0,0
2046-02-28,5.627,0,0,0,0,0,0,0,0,0
2046-03-01,9.947,0,0,0,0,0,0,0,0,0
2046-03-02,9.947,0,0,0,0,0,0,0,0,0
2046-03-03,9.947,0,0,0,0,0,0,0,0,0
2046-03-04,9.947,0,0,0,0,0,0,0,0,0
2046-03-05,9.947,0,0,0,0,0,0,0,0,0
2046-03-06,9.947,0,0,0,0,0,0,0,0,0
2046-03-07,9.947,0,0,0,0,0,0,0,0,0
2046-03-08,9.947,0,0,0,0,0,0,0,0,0
2046-03-09,9.947,0,0,0,0,0,0,0,0,0
2046-03-10,9.947,0,0,0,0,0,0,0,0,0
2046-03-11,9.947,0,0,0,0,0,0,0,0,0
2046-03-12,9.947,0,0,0,0,0,0,0,0,0
2046-03-13,9.947,0,0,0,0,0,0,0,0,0
2046-03-14,9.947,0,0,0,0,0,0,0,0,0
2046-03-15,9.947,0,0,0,0,0,0,0,0,0
2046-03-16,9.947,0,0,0,0,0,0,0,0,0
2046-03-17,9.947,0,0,0,0,0,0,0,0,0
2046-03-18,9.947,0,0,0,0,0,0,0,0,0
2046-03-19,9.947,0,0,0,0,0,0,0,0,0
2046-03-20,9.947,0,0,0,0,0,0,0,0,0
2046-03-21,9.947,0,0,0,0,0,0,0,0,0
2046-03-22,9.947,0,0,0,0,0,0,0,0,0
2046-03-23,9.947,0,0,0,0,0,0,0,0,0
2046-03-24,9.947,0,0,0,0,0,0,0,0,0
2046-03-25,9.947,0,0,0,0,0,0,0,0,0
2046-03-26,9.947,0,0,0,0,0,0,0,0,0
2046-03-27,9.947,0,0,0,0,0,0,0,0,0
2046-03-28,9.947,0,0,0,0,0,0,0,0,0
2046-03-29,9.947,0,0,0,0,0,0,0,0,0
2046-03-30,9.947,0,0,0,0,0,0,0,0,0
2046-03-31,9.947,0,0,0,0,0,0,0,0,0
2046-04-01,4.226,0,0,0,0,0,0,0,0,0
2046-04-02,4.226,0,0,0,0,0,0,0,0,0
2046-04-03,4.226,0,0,0,0,0,0,0,0,0
2046-04-04,4.226,0,0,0,0,0,0,0,0,0
2046-04-05,4.226,0,0,0,0,0,0,0,0,0
2046-04-06,4.226,0,0,0,0,0,0,0,0,0
2046-04-07,4.226,0,0,0,0,0,0,0,0,0
2046-04-08,4.226,0,0,0,0,0,0,0,0,0
2046-04-09,4.226,0,0,0,0,0,0,0,0,0
2046-04-10,4.226,0,0,0,0,0,0,0,0,0
2046-04-11,4.226,0,0,0,0,0,0,0,0,0
2046-04-12,4.226,0,0,0,0,0,0,0,0,0
2046-04-13,4.226,0,0,0,0,0,0,0,0,0
2046-04-14,4.226,0,0,0,0,0,0,0,0,0
2046-04-15,4.226,0,0,0,0,0,0,0,0,0
2046-04-16,4.226,0,0,0,0,0,0,0,0,0
2046-04-17,4.226,0,0,0,0,0,0,0,0,0
2046-04-18,4.226,0,0,0,0,0,0,0,0,0
2046-04-19,4.226,0,0,0,0,0,0,0,0,0
2046-04-20,4.226,0,0,0,0,0,0,0,0,0
2046-04-21,4.226,0,0,0,0,0,0,0,0,0
2046-04-22,4.226,0,0,0,0,0,0,0,0,0
2046-04-23,4.226,0,0,0,0,0,0,0,0,0
2046-04-24,4.226,0,0,0,0,0,0,0,0,0
2046-04-25,4.226,0,0,0,0,0,0,0,0,0
2046-04-26,4.226,0,0,0,0,0,0,0,0,0
2046-04-27,4.226,0,0,0,0,0,0,0,0,0
2046-04-28,4.226,0,0,0,0,0,0,0,0,0
2046-04-29,4.226,0,0,0,0,0,0,0,0,0
2046-04-30,4.226,0,0,0,0,0,0,0,0,0
2046-05-01,8.973,0,0,0,0,0,0,0,0,0
2046-05-02,8.973,0,0,0,0,0,0,0,0,0
2046-05-03,8.973,0,0,0,0,0,0,0,0,0
2046-05-04,8.973,0,0,0,0,0,0,0,0,0
2046-05-05,8.973,0,0,0,0,0,0,0,0,0
2046-05-06,8.973,0,0,0,0,0,0,0,0,0
2046-05-07,8.973,0,0,0,0,0,0,0,0,0
2046-05-08,8.973,0,0,0,0,0,0,0,0,0
2046-05-09,8.973,0,0,0,0,0,0,0,0,0
2046-05-10,8.973,0,0,0,0,0,0,0,0,0
2046-05-11,8.973,0,0,0,0,0,0,0,0,0
2046-05-12,8.973,0,0,0,0,0,0,0,0,0
2046-05-13,8.973,0,0,0,0,0,0,0,0,0
2046-05-14,8.973,0,0,0,0,0,0,0,0,0
2046-05-15,8.973,0,0,0,0,0,0,0,0,0
2046-05-16,8.973,0,0,0,0,0,0,0,0,0
2046-05-17,8.973,0,0,0,0,0,0,0,0,0
2046-05-18,8.973,0,0,0,0,0,0,0,0,0
2046-05-19,8.973,0,0,0,0,0,0,0,0,0
2046-05-20,8.973,0,0,0,0,0,0,0,0,0
2046-05-21,8.973,0,0,0,0,0,0,0,0,0
2046-05-22,8.973,0,0,0,0,0,0,0,0,0
2046-05-23,8.973,0,0,0,0,0,0,0,0,0
2046-05-24,8.973,0,0,0,0,0,0,0,0,0
2046-05-25,8.973,0,0,0,0,0,0,0,0,0
2046-05-26,8.973,0,0,0,0,0,0,0,0,0
2046-05-27,8.973,0,0,0,0,0,0,0,0,0
2046-05-28,8.973,0,0,0,0,0,0,0,0,0
2046-05-29,8.973,0,0,0,0,0,0,0,0,0
2046-05-30,8.973,0,0,0,0,0,0,0,0,0
2046-05-31,8.973,0,0,0,0,0,0,0,0,0
2046-06-01,17.951,0,0,0,0,0,0,0,0,0
2046-06-02,17.951,0,0,0,0,0,0,0,0,0
2046-06-03,17.951,0,0,0,0,0,0,0,0,0
2046-06-04,17.951,0,0,0,0,0,0,0,0,0
2046-06-05,17.951,0,0,0,0,0,0,0,0,0
2046-06-06,17.951,0,0,0,0,0,0,0,0,0
2046-06-07,17.951,0,0,0,0,0,0,0,0,0
2046-06-08,17.951,0,0,0,0,0,0,0,0,0
2046-06-09,17.951,0,0,0,0,0,0,0,0,0
2046-06-10,17.951,0,0,0,0,0,0,0,0,0
2046-06-11,17.951,0,0,0,0,0,0,0,0,0
2046-06-12,17.951,0,0,0,0,0,0,0,0,0
2046-06-13,17.951,0,0,0,0,0,0,0,0,0
2046-06-14,17.951,0,0,0,0,0,0,0,0,0
2046-06-15,17.951,0,0,0,0,0,0,0,0,0
2046-06-16,17.951,0,0,0,0,0,0,0,0,0
2046-06-17,17.951,0,0,0,0,0,0,0,0,0
2046-06-18,17.951,0,0,0,0,0,0,0,0,0
2046-06-19,17.951,0,0,0,0,0,0,0,0,0
2046-06-20,17.951,0,0,0,0,0,0,0,0,0
2046-06-21,17.951,0,0,0,0,0,0,0,0,0
2046-06-22,17.951,0,0,0,0,0,0,0,0,0
2046-06-23,17.951,0,0,0,0,0,0,0,0,0
2046-06-24,17.951,0,0,0,0,0,0,0,0,0
2046-06-25,17.951,0,0,0,0,0,0,0,0,0
2046-06-26,17.951,0,0,0,0,0,0,0,0,0
2046-06-27,17.951,0,0,0,0,0,0,0,0,0
2046-06-28,17.951,0,0,0,0,0,0,0,0,0
2046-06-29,17.951,0,0,0,0,0,0,0,0,0
2046-06-30,17.951,0,0,0,0,0,0,0,0,0
2046-07-01,16.268,0,0,0,0,0,0,0,0,0
2046-07-02,16.268,0,0,0,0,0,0,0,0,0
2046-07-03,16.268,0,0,0,0,0,0,0,0,0
2046-07-04,16.268,0,0,0,0,0,0,0,0,0
2046-07-05,16.268,0,0,0,0,0,0,0,0,0
2046-07-06,16.268,0,0,0,0,0,0,0,0,0
2046-07-07,16.268,0,0,0,0,0,0,0,0,0
2046-07-08,16.268,0,0,0,0,0,0,0,0,0
2046-07-09,16.268,0,0,0,0,0,0,0,0,0
2046-07-10,16.268,0,0,0,0,0,0,0,0,0
2046-07-11,16.268,0,0,0,0,0,0,0,0,0
2046-07-12,16.268,0,0,0,0,0,0,0,0,0
2046-07-13,16.268,0,0,0,0,0,0,0,0,0
2046-07-14,16.268,0,0,0,0,0,0,0,0,0
2046-07-15,16.268,0,0,0,0,0,0,0,0,0
2046-07-16,16.268,0,0,0,0,0,0,0,0,0
2046-07-17,16.268,0,0,0,0,0,0,0,0,0
2046-07-18,16.268,0,0,0,0,0,0,0,0,0
2046-07-19,16.268,0,0,0,0,0,0,0,0,0
2046-07-20,16.268,0,0,0,0,0,0,0,0,0
2046-07-21,16.268,0,0,0,0,0,0,0,0,0
2046-07-22,16.268,0,0,0,0,0,0,0,0,0
2046-07-23,16.268,0,0,0,0,0,0,0,0,0
2046-07-24,16.268,0,0,0,0,0,0,0,0,0
2046-07-25,16.268,0,0,0,0,0,0,0,0,0
2046-07-26,16.268,0,0,0,0,0,0,0,0,0
2046-07-27,16.268,0,0,0,0,0,0,0,0,0
2046-07-28,16.268,0,0,0,0,0,0,0,0,0
2046-07-29,16.268,0,0,0,0,0,0,0,0,0
2046-07-30,16.268,0,0,0,0,0,0,0,0,0
2046-07-31,16.268,0,0,0,0,0,0,0,0,0
2046-08-01,8.273,0,0,0,0,0,0,0,0,0
2046-08-02,8.273,0,0,0,0,0,0,0,0,0
2046-08-03,8.273,0,0,0,0,0,0,0,0,0
2046-08-04,8.273,0,0,0,0,0,0,0,0,0
2046-08-05,8.273,0,0,0,0,0,0,0,0,0
2046-08-06,8.273,0,0,0,0,0,0,0,0,0
2046-08-07,8.273,0,0,0,0,0,0,0,0,0
2046-08-08,8.273,0,0,0,0,0,0,0,0,0
2046-08-09,8.273,0,0,0,0,0,0,0,0,0
2046-08-10,8.273,0,0,0,0,0,0,0,0,0
2046-08-11,8.273,0,0,0,0,0,0,0,0,0
2046-08-12,8.273,0,0,0,0,0,0,0,0,0
2046-08-13,8.273,0,0,0,0,0,0,0,0,0
2046-08-14,8.273,0,0,0,0,0,0,0,0,0
2046-08-15,8.273,0,0,0,0,0,0,0,0,0
2046-08-16,8.273,0,0,0,0,0,0,0,0,0
2046-08-17,8.273,0,0,0,0,0,0,0,0,0
2046-08-18,8.273,0,0,0,0,0,0,0,0,0
2046-08-19,8.273,0,0,0,0,0,0,0,0,0
2046-08-20,8.273,0,0,0,0,0,0,0,0,0
2046-08-21,8.273,0,0,0,0,0,0,0,0,0
2046-08-22,8.273,0,0,0,0,0,0,0,0,0
2046-08-23,8.273,0,0,0,0,0,0,0,0,0
2046-08-24,8.273,0,0,0,0,0,0,0,0,0
2046-08-25,8.273,0,0,0,0,0,0,0,0,0
2046-08-26,8.273,0,0,0,0,0,0,0,0,0
2046-08-27,8.273,0,0,0,0,0,0,0,0,0
2046-08-28,8.273,0,0,0,0,0,0,0,0,0
2046-08-29,8.273,0,0,0,0,0,0,0,0,0
2046-08-30,8.273,0,0,0,0,0,0,0,0,0
2046-08-31,8.273,0,0,0,0,0,0,0,0,0
2046-09-01,9.838,0,0,0,0,0,0,0,0,0
2046-09-02,9.838,0,0,0,0,0,0,0,0,0
2046-09-03,9.838,0,0,0,0,0,0,0,0,0
2046-09-04,9.838,0,0,0,0,0,0,0,0,0
2046-09-05,9.838,0,0,0,0,0,0,0,0,0
2046-09-06,9.838,0,0,0,0,0,0,0,0,0
2046-09-07,9.838,0,0,0,0,0,0,0,0,0
2046-09-08,9.838,0,0,0,0,0,0,0,0,0
2046-09-09,9.838,0,0,0,0,0,0,0,0,0
2046-09-10,9.838,0,0,0,0,0,0,0,0,0
2046-09-11,9.838,0,0,0,0,0,0,0,0,0
2046-09-12,9.838,0,0,0,0,0,0,0,0,0
2046-09-13,9.838,0,0,0,0,0,0,0,0,0
2046-09-14,9.838,0,0,0,0,0,0,0,0,0
2046-09-15,9.838,0,0,0,0,0,0,0,0,0
2046-09-16,9.838,0,0,0,0,0,0,0,0,0
2046-09-17,9.838,0,0,0,0,0,0,0,0,0
2046-09-18,9.838,0,0,0,0,0,0,0,0,0
2046-09-19,9.838,0,0,0,0,0,0,0,0,0
2046-09-20,9.838,0,0,0,0,0,0,0,0,0
2046-09-21,9.838,0,0,0,0,0,0,0,0,0
2046-09-22,9.838,0,0,0,0,0,0,0,0,0
2046-09-23,9.838,0,0,0,0,0,0,0,0,0
2046-09-24,9.838,0,0,0,0,0,0,0,0,0
2046-09-25,9.838,0,0,0,0,0,0,0,0,0
2046-09-26,9.838,0,0,0,0,0,0,0,0,0
2046-09-27,9.838,0,0,0,0,0,0,0,0,0
2046-09-28,9.838,0,0,0,0,0,0,0,0,0
2046-09-29,9.838,0,0,0,0,0,0,0,0,0
2046-09-30,9.838,0,0,0,0,0,0,0,0,0
2046-10-01,3.806,0,0,0,0,0,0,0,0,0
2046-10-02,3.806,0,0,0,0,0,0,0,0,0
2046-10-03,3.806,0,0,0,0,0,0,0,0,0
2046-10-04,3.806,0,0,0,0,0,0,0,0,0
2046-10-05,3.806,0,0,0,0,0,0,0,0,0
2046-10-06,3.806,0,0,0,0,0,0,0,0,0
2046-10-07,3.806,0,0,0,0,0,0,0,0,0
2046-10-08,3.806,0,0,0,0,0,0,0,0,0
2046-10-09,3.806,0,0,0,0,0,0,0,0,0
2046-10-10,3.806,0,0,0,0,0,0,0,0,0
2046-10-11,3.806,0,0,0,0,0,0,0,0,0
2046-10-12,3.806,0,0,0,0,0,0,0,0,0
2046-10-13,3.806,0,0,0,0,0,0,0,0,0
2046-10-14,3.806,0,0,0,0,0,0,0,0,0
2046-10-15,3.806,0,0,0,0,0,0,0,0,0
2046-10-16,3.806,0,0,0,0,0,0,0,0,0
2046-10-17,3.806,0,0,0,0,0,0,0,0,0
2046-10-18,3.806,0,0,0,0,0,0,0,0,0
2046-10-19,3.806,0,0,0,0,0,0,0,0,0
2046-10-20,3.806,0,0,0,0,0,0,0,0,0
2046-10-21,3.806,0,0,0,0,0,0,0,0,0
2046-10-22,3.806,0,0,0,0,0,0,0,0,0
2046-10-23,3.806,0,0,0,0,0,0,0,0,0
2046-10-24,3.806,0,0,0,0,0,0,0,0,0
2046-10-25,3.806,0,0,0,0,0,0,0,0,0
2046-10-26,3.806,0,0,0,0,0,0,0,0,0
2046-10-27,3.806,0,0,0,0,0,0,0,0,0
2046-10-28,3.806,0,0,0,0,0,0,0,0,0
2046-10-29,3.806,0,0,0,0,0,0,0,0,0
2046-10-30,3.806,0,0,0,0,0,0,0,0,0
2046-10-31,3.806,0,0,0,0,0,0,0,0,0
2046-11-01,6.803,0,0,0,0,0,0,0,0,0
2046-11-02,6.803,0,0,0,0,0,0,0,0,0
2046-11-03,6.803,0,0,0,0,0,0,0,0,0
2046-11-04,6.803,0,0,0,0,0,0,0,0,0
2046-11-05,6.803,0,0,0,0,0,0,0,0,0
2046-11-06,6.803,0,0,0,0,0,0,0,0,0
2046-11-07,6.803,0,0,0,0,0,0,0,0,0
2046-11-08,6.803,0,0,0,0,0,0,0,0,0
2046-11-09,6.803,0,0,0,0,0,0,0,0,0
2046-11-10,6.803,0,0,0,0,0,0,0,0,0
2046-11-11,6.803,0,0,0,0,0,0,0,0,0
2046-11-12,6.803,0,0,0,0,0,0,0,0,0
2046-11-13,6.803,0,0,0,0,0,0,0,0,0
2046-11-14,6.803,0,0,0,0,0,0,0,0,0
2046-11-15,6.803,0,0,0,0,0,0,0,0,0
2046-11-16,6.803,0,0,0,0,0,0,0,0,0
2046-11-17,6.803,0,0,0,0,0,0,0,0,0
2046-11-18,6.803,0,0,0,0,0,0,0,0,0
2046-11-19,6.803,0,0,0,0,0,0,0,0,0
2046-11-20,6.803,0,0,0,0,0,0,0,0,0
2046-11-21,6.803,0,0,0,0,0,0,0,0,0
2046-11-22,6.803,0,0,0,0,0,0,0,0,0
2046-11-23,6.803,0,0,0,0,0,0,0,0,0
2046-11-24,6.803,0,0,0,0,0,0,0,0,0
2046-11-25,6.803,0,0,0,0,0,0,0,0,0
2046-11-26,6.803,0,0,0,0,0,0,0,0,0
2046-11-27,6.803,0,0,0,0,0,0,0,0,0
2046-11-28,6.803,0,0,0,0,0,0,0,0,0
2046-11-29,6.803,0,0,0,0,0,0,0,0,0
2046-11-30,6.803,0,0,0,0,0,0,0,0,0
2046-12-01,6.249,0,0,0,0,0,0,0,0,0
2046-12-02,6.249,0,0,0,0,0,0,0,0,0
2046-12-03,6.249,0,0,0,0,0,0,0,0,0
2046-12-04,6.249,0,0,0,0,0,0,0,0,0
2046-12-05,6.249,0,0,0,0,0,0,0,0,0
2046-12-06,6.249,0,0,0,0,0,0,0,0,0
2046-12-07,6.249,0,0,0,0,0,0,0,0,0
2046-12-08,6.249,0,0,0,0,0,0,0,0,0
2046-12-09,6.249,0,0,0,0,0,0,0,0,0
2046-12-10,6.249,0,0,0,0,0,0,0,0,0
2046-12-11,6.249,0,0,0,0,0,0,0,0,0
2046-12-12,6.249,0,0,0,0,0,0,0,0,0
2046-12-13,6.249,0,0,0,0,0,0,0,0,0
2046-12-14,6.249,0,0,0,0,0,0,0,0,0
2046-12-15,6.249,0,0,0,0,0,0,0,0,0
2046-12-16,6.249,0,0,0,0,0,0,0,0,0
2046-12-17,6.249,0,0,0,0,0,0,0,0,0
2046-12-18,6.249,0,0,0,0,0,0,0,0,0
2046-12-19,6.249,0,0,0,0,0,0,0,0,0
2046-12-20,6.249,0,0,0,0,0,0,0,0,0
2046-12-21,6.249,0,0,0,0,0,0,0,0,0
2046-12-22,6.249,0,0,0,0,0,0,0,0,0
2046-12-23,6.249,0,0,0,0,0,0,0,0,0
2046-12-24,6.249,0,0,0,0,0,0,0,0,0
2046-12-25,6.249,0,0,0,0,0,0,0,0,0
2046-12-26,6.249,0,0,0,0,0,0,0,0,0
2046-12-27,6.249,0,0,0,0,0,0,0,0,0
2046-12-28,6.249,0,0,0,0,0,0,0,0,0
2046-12-29,6.249,0,0,0,0,0,0,0,0,0
2046-12-30,6.249,0,0,0,0,0,0,0,0,0
2046-12-31,6.249,0,0,0,0,0,0,0,0,0
2047-01-01,9.292,0,0,0,0,0,0,0,0,0
2047-01-02,9.292,0,0,0,0,0,0,0,0,0
2047-01-03,9.292,0,0,0,0,0,0,0,0,0
2047-01-04,9.292,0,0,0,0,0,0,0,0,0
2047-01-05,9.292,0,0,0,0,0,0,0,0,0
2047-01-06,9.292,0,0,0,0,0,0,0,0,0
2047-01-07,9.292,0,0,0,0,0,0,0,0,0
2047-01-08,9.292,0,0,0,0,0,0,0,0,0
2047-01-09,9.292,0,0,0,0,0,0,0,0,0
2047-01-10,9.292,0,0,0,0,0,0,0,0,0
2047-01-11,9.292,0,0,0,0,0,0,0,0,0
2047-01-12,9.292,0,0,0,0,0,0,0,0,0
2047-01-13,9.292,0,0,0,0,0,0,0,0,0
2047-01-14,9.292,0,0,0,0,0,0,0,0,0
2047-01-15,9.292,0,0,0,0,0,0,0,0,0
2047-01-16,9.292,0,0,0,0,0,0,0,0,0
2047-01-17,9.292,0,0,0,0,0,0,0,0,0
2047-01-18,9.292,0,0,0,0,0,0,0,0,0
2047-01-19,9.292,0,0,0,0,0,0,0,0,0
2047-01-20,9.292,0,0,0,0,0,0,0,0,0
2047-01-21,9.292,0,0,0,0,0,0,0,0,0
2047-01-22,9.292,0,0,0,0,0,0,0,0,0
2047-01-23,9.292,0,0,0,0,0,0,0,0,0
2047-01-24,9.292,0,0,0,0,0,0,0,0,0
2047-01-25,9.292,0,0,0,0,0,0,0,0,0
2047-01-26,9.292,0,0,0,0,0,0,0,0,0
2047-01-27,9.292,0,0,0,0,0,0,0,0,0
2047-01-28,9.292,0,0,0,0,0,0,0,0,0
2047-01-29,9.292,0,0,0,0,0,0,0,0,0
2047-01-30,9.292,0,0,0,0,0,0,0,0,0
2047-01-31,9.292,0,0,0,0,0,0,0,0,0
2047-02-01,5.627,0,0,0,0,0,0,0,0,0
2047-02-02,5.627,0,0,0,0,0,0,0,0,0
2047-02-03,5.627,0,0,0,0,0,0,0,0,0
2047-02-04,5.627,0,0,0,0,0,0,0,0,0
2047-02-05,5.627,0,0,0,0,0,0,0,0,0
2047-02-06,5.627,0,0,0,0,0,0,0,0,0
2047-02-07,5.627,0,0,0,0,0,0,0,0,0
2047-02-08,5.627,0,0,0,0,0,0,0,0,0
2047-02-09,5.627,0,0,0,0,0,0,0,0,0
2047-02-10,5.627,0,0,0,0,0,0,0,0,0
2047-02-11,5.627,0,0,0,0,0,0,0,0,0
2047-02-12,5.627,0,0,0,0,0,0,0,0,0
2047-02-13,5.627,0,0,0,0,0,0,0,0,0
2047-02-14,5.627,0,0,0,0,0,0,0,0,0
2047-02-15,5.627,0,0,0,0,0,0,0,0,0
2047-02-16,5.627,0,0,0,0,0,0,0,0,0
2047-02-17,5.627,0,0,0,0,0,0,0,0,0
2047-02-18,5.627,0,0,0,0,0,0,0,0,0
2047-02-19,5.627,0,0,0,0,0,0,0,0,0
2047-02-20,5.627,0,0,0,0,0,0,0,0,0
2047-02-21,5.627,0,0,0,0,0,0,0,0,0
2047-02-22,5.627,0,0,0,0,0,0,0,0,0
2047-02-23,5.627,0,0,0,0,0,0,0,0,0
2047-02-24,5.627,0,0,0,0,0,0,0,0,0
2047-02-25,5.627,0,0,0,0,0,0,0,0,0
2047-02-26,5.627,0,0,0,0,0,0,0,0,0
2047-02-27,5.627,0,0,0,0,0,0,0,0,0
2047-02-28,5.627,0,0,0,0,0,0,0,0,0
2047-03-01,9.947,0,0,0,0,0,0,0,0,0
2047-03-02,9.947,0,0,0,0,0,0,0,0,0
2047-03-03,9.947,0,0,0,0,0,0,0,0,0
2047-03-04,9.947,0,0,0,0,0,0,0,0,0
2047-03-05,9.947,0,0,0,0,0,0,0,0,0
2047-03-06,9.947,0,0,0,0,0,0,0,0,0
2047-03-07,9.947,0,0,0,0,0,0,0,0,0
2047-03-08,9.947,0,0,0,0,0,0,0,0,0
2047-03-09,9.947,0,0,0,0,0,0,0,0,0
2047-03-10,9.947,0,0,0,0,0,0,0,0,0
2047-03-11,9.947,0,0,0,0,0,0,0,0,0
2047-03-12,9.947,0,0,0,0,0,0,0,0,0
2047-03-13,9.947,0,0,0,0,0,0,0,0,0
2047-03-14,9.947,0,0,0,0,0,0,0,0,0
2047-03-15,9.947,0,0,0,0,0,0,0,0,0
2047-03-16,9.947,0,0,0,0,0,0,0,0,0
2047-03-17,9.947,0,0,0,0,0,0,0,0,0
2047-03-18,9.947,0,0,0,0,0,0,0,0,0
2047-03-19,9.947,0,0,0,0,0,0,0,0,0
2047-03-20,9.947,0,0,0,0,0,0,0,0,0
2047-03-21,9.947,0,0,0,0,0,0,0,0,0
2047-03-22,9.947,0,0,0,0,0,0,0,0,0
2047-03-23,9.947,0,0,0,0,0,0,0,0,0
2047-03-24,9.947,0,0,0,0,0,0,0,0,0
2047-03-25,9.947,0,0,0,0,0,0,0,0,0
2047-03-26,9.947,0,0,0,0,0,0,0,0,0
2047-03-27,9.947,0,0,0,0,0,0,0,0,0
2047-03-28,9.947,0,0,0,0,0,0,0,0,0
2047-03-29,9.947,0,0,0,0,0,0,0,0,0
2047-03-30,9.947,0,0,0,0,0,0,0,0,0
2047-03-31,9.947,0,0,0,0,0,0,0,0,0
2047-04-01,4.226,0,0,0,0,0,0,0,0,0
2047-04-02,4.226,0,0,0,0,0,0,0,0,0
2047-04-03,4.226,0,0,0,0,0,0,0,0,0
2047-04-04,4.226,0,0,0,0,0,0,0,0,0
2047-04-05,4.226,0,0,0,0,0,0,0,0,0
2047-04-06,4.226,0,0,0,0,0,0,0,0,0
2047-04-07,4.226,0,0,0,0,0,0,0,0,0
2047-04-08,4.226,0,0,0,0,0,0,0,0,0
2047-04-09,4.226,0,0,0,0,0,0,0,0,0
2047-04-10,4.226,0,0,0,0,0,0,0,0,0
2047-04-11,4.226,0,0,0,0,0,0,0,0,0
2047-04-12,4.226,0,0,0,0,0,0,0,0,0
2047-04-13,4.226,0,0,0,0,0,0,0,0,0
2047-04-14,4.226,0,0,0,0,0,0,0,0,0
2047-04-15,4.226,0,0,0,0,0,0,0,0,0
2047-04-16,4.226,0,0,0,0,0,0,0,0,0
2047-04-17,4.226,0,0,0,0,0,0,0,0,0
2047-04-18,4.226,0,0,0,0,0,0,0,0,0
2047-04-19,4.226,0,0,0,0,0,0,0,0,0
2047-04-20,4.226,0,0,0,0,0,0,0,0,0
2047-04-21,4.226,0,0,0,0,0,0,0,0,0
2047-04-22,4.226,0,0,0,0,0,0,0,0,0
2047-04-23,4.226,0,0,0,0,0,0,0,0,0
2047-04-24,4.226,0,0,0,0,0,0,0,0,0
2047-04-25,4.226,0,0,0,0,0,0,0,0,0
2047-04-26,4.226,0,0,0,0,0,0,0,0,0
2047-04-27,4.226,0,0,0,0,0,0,0,0,0
2047-04-28,4.226,0,0,0,0,0,0,0,0,0
2047-04-29,4.226,0,0,0,0,0,0,0,0,0
2047-04-30,4.226,0,0,0,0,0,0,0,0,0
2047-05-01,8.973,0,0,0,0,0,0,0,0,0
2047-05-02,8.973,0,0,0,0,0,0,0,0,0
2047-05-03,8.973,0,0,0,0,0,0,0,0,0
2047-05-04,8.973,0,0,0,0,0,0,0,0,0
2047-05-05,8.973,0,0,0,0,0,0,0,0,0
2047-05-06,8.973,0,0,0,0,0,0,0,0,0
2047-05-07,8.973,0,0,0,0,0,0,0,0,0
2047-05-08,8.973,0,0,0,0,0,0,0,0,0
2047-05-09,8.973,0,0,0,0,0,0,0,0,0
2047-05-10,8.973,0,0,0,0,0,0,0,0,0
2047-05-11,8.973,0,0,0,0,0,0,0,0,0
2047-05-12,8.973,0,0,0,0,0,0,0,0,0
2047-05-13,8.973,0,0,0,0,0,0,0,0,0
2047-05-14,8.973,0,0,0,0,0,0,0,0,0
2047-05-15,8.973,0,0,0,0,0,0,0,0,0
2047-05-16,8.973,0,0,0,0,0,0,0,0,0
2047-05-17,8.973,0,0,0,0,0,0,0,0,0
2047-05-18,8.973,0,0,0,0,0,0,0,0,0
2047-05-19,8.973,0,0,0,0,0,0,0,0,0
2047-05-20,8.973,0,0,0,0,0,0,0,0,0
2047-05-21,8.973,0,0,0,0,0,0,0,0,0
2047-05-22,8.973,0,0,0,0,0,0,0,0,0
2047-05-23,8.973,0,0,0,0,0,0,0,0,0
2047-05-24,8.973,0,0,0,0,0,0,0,0,0
2047-05-25,8.973,0,0,0,0,0,0,0,0,0
2047-05-26,8.973,0,0,0,0,0,0,0,0,0
2047-05-27,8.973,0,0,0,0,0,0,0,0,0
2047-05-28,8.973,0,0,0,0,0,0,0,0,0
2047-05-29,8.973,0,0,0,0,0,0,0,0,0
2047-05-30,8.973,0,0,0,0,0,0,0,0,0
2047-05-31,8.973,0,0,0,0,0,0,0,0,0
2047-06-01,17.951,0,0,0,0,0,0,0,0,0
2047-06-02,17.951,0,0,0,0,0,0,0,0,0
2047-06-03,17.951,0,0,0,0,0,0,0,0,0
2047-06-04,17.951,0,0,0,0,0,0,0,0,0
2047-06-05,17.951,0,0,0,0,0,0,0,0,0
2047-06-06,17.951,0,0,0,0,0,0,0,0,0
2047-06-07,17.951,0,0,0,0,0,0,0,0,0
2047-06-08,17.951,0,0,0,0,0,0,0,0,0
2047-06-09,17.951,0,0,0,0,0,0,0,0,0
2047-06-10,17.951,0,0,0,0,0,0,0,0,0
2047-06-11,17.951,0,0,0,0,0,0,0,0,0
2047-06-12,17.951,0,0,0,0,0,0,0,0,0
2047-06-13,17.951,0,0,0,0,0,0,0,0,0
2047-06-14,17.951,0,0,0,0,0,0,0,0,0
2047-06-15,17.951,0,0,0,0,0,0,0,0,0
2047-06-16,17.951,0,0,0,0,0,0,0,0,0
2047-06-17,17.951,0,0,0,0,0,0,0,0,0
2047-06-18,17.951,0,0,0,0,0,0,0,0,0
2047-06-19,17.951,0,0,0,0,0,0,0,0,0
2047-06-20,17.951,0,0,0,0,0,0,0,0,0
2047-06-21,17.951,0,0,0,0,0,0,0,0,0
2047-06-22,17.951,0,0,0,0,0,0,0,0,0
2047-06-23,17.951,0,0,0,0,0,0,0,0,0
2047-06-24,17.951,0,0,0,0,0,0,0,0,0
2047-06-25,17.951,0,0,0,0,0,0,0,0,0
2047-06-26,17.951,0,0,0,0,0,0,0,0,0
2047-06-27,17.951,0,0,0,0,0,0,0,0,0
2047-06-28,17.951,0,0,0,0,0,0,0,0,0
2047-06-29,17.951,0,0,0,0,0,0,0,0,0
2047-06-30,17.951,0,0,0,0,0,0,0,0,0
2047-07-01,16.268,0,0,0,0,0,0,0,0,0
2047-07-02,16.268,0,0,0,0,0,0,0,0,0
2047-07-03,16.268,0,0,0,0,0,0,0,0,0
2047-07-04,16.268,0,0,0,0,0,0,0,0,0
2047-07-05,16.268,0,0,0,0,0,0,0,0,0
2047-07-06,16.268,0,0,0,0,0,0,0,0,0
2047-07-07,16.268,0,0,0,0,0,0,0,0,0
2047-07-08,16.268,0,0,0,0,0,0,0,0,0
2047-07-09,16.268,0,0,0,0,0,0,0,0,0
2047-07-10,16.268,0,0,0,0,0,0,0,0,0
2047-07-11,16.268,0,0,0,0,0,0,0,0,0
2047-07-12,16.268,0,0,0,0,0,0,0,0,0
2047-07-13,16.268,0,0,0,0,0,0,0,0,0
2047-07-14,16.268,0,0,0,0,0,0,0,0,0
2047-07-15,16.268,0,0,0,0,0,0,0,0,0
2047-07-16,16.268,0,0,0,0,0,0,0,0,0
2047-07-17,16.268,0,0,0,0,0,0,0,0,0
2047-07-18,16.268,0,0,0,0,0,0,0,0,0
2047-07-19,16.268,0,0,0,0,0,0,0,0,0
2047-07-20,16.268,0,0,0,0,0,0,0,0,0
2047-07-21,16.268,0,0,0,0,0,0,0,0,0
2047-07-22,16.268,0,0,0,0,0,0,0,0,0
2047-07-23,16.268,0,0,0,0,0,0,0,0,0
2047-07-24,16.268,0,0,0,0,0,0,0,0,0
2047-07-25,16.268,0,0,0,0,0,0,0,0,0
2047-07-26,16.268,0,0,0,0,0,0,0,0,0
2047-07-27,16.268,0,0,0,0,0,0,0,0,0
2047-07-28,16.268,0,0,0,0,0,0,0,0,0
2047-07-29,16.268,0,0,0,0,0,0,0,0,0
2047-07-30,16.268,0,0,0,0,0,0,0,0,0
2047-07-31,16.268,0,0,0,0,0,0,0,0,0
2047-08-01,8.273,0,0,0,0,0,0,0,0,0
2047-08-02,8.273,0,0,0,0,0,0,0,0,0
2047-08-03,8.273,0,0,0,0,0,0,0,0,0
2047-08-04,8.273,0,0,0,0,0,0,0,0,0
2047-08-05,8.273,0,0,0,0,0,0,0,0,0
2047-08-06,8.273,0,0,0,0,0,0,0,0,0
2047-08-07,8.273,0,0,0,0,0,0,0,0,0
2047-08-08,8.273,0,0,0,0,0,0,0,0,0
2047-08-09,8.273,0,0,0,0,0,0,0,0,0
2047-08-10,8.273,0,0,0,0,0,0,0,0,0
2047-08-11,8.273,0,0,0,0,0,0,0,0,0
2047-08-12,8.273,0,0,0,0,0,0,0,0,0
2047-08-13,8.273,0,0,0,0,0,0,0,0,0
2047-08-14,8.273,0,0,0,0,0,0,0,0,0
2047-08-15,8.273,0,0,0,0,0,0,0,0,0
2047-08-16,8.273,0,0,0,0,0,0,0,0,0
2047-08-17,8.273,0,0,0,0,0,0,0,0,0
2047-08-18,8.273,0,0,0,0,0,0,0,0,0
2047-08-19,8.273,0,0,0,0,0,0,0,0,0
2047-08-20,8.273,0,0,0,0,0,0,0,0,0
2047-08-21,8.273,0,0,0,0,0,0,0,0,0
2047-08-22,8.273,0,0,0,0,0,0,0,0,0
2047-08-23,8.273,0,0,0,0,0,0,0,0,0
2047-08-24,8.273,0,0,0,0,0,0,0,0,0
2047-08-25,8.273,0,0,0,0,0,0,0,0,0
2047-08-26,8.273,0,0,0,0,0,0,0,0,0
2047-08-27,8.273,0,0,0,0,0,0,0,0,0
2047-08-28,8.273,0,0,0,0,0,0,0,0,0
2047-08-29,8.273,0,0,0,0,0,0,0,0,0
2047-08-30,8.273,0,0,0,0,0,0,0,0,0
2047-08-31,8.273,0,0,0,0,0,0,0,0,0
2047-09-01,9.838,0,0,0,0,0,0,0,0,0
2047-09-02,9.838,0,0,0,0,0,0,0,0,0
2047-09-03,9.838,0,0,0,0,0,0,0,0,0
2047-09-04,9.838,0,0,0,0,0,0,0,0,0
2047-09-05,9.838,0,0,0,0,0,0,0,0,0
2047-09-06,9.838,0,0,0,0,0,0,0,0,0
2047-09-07,9.838,0,0,0,0,0,0,0,0,0
2047-09-08,9.838,0,0,0,0,0,0,0,0,0
2047-09-09,9.838,0,0,0,0,0,0,0,0,0
2047-09-10,9.838,0,0,0,0,0,0,0,0,0
2047-09-11,9.838,0,0,0,0,0,0,0,0,0
2047-09-12,9.838,0,0,0,0,0,0,0,0,0
2047-09-13,9.838,0,0,0,0,0,0,0,0,0
2047-09-14,9.838,0,0,0,0,0,0,0,0,0
2047-09-15,9.838,0,0,0,0,0,0,0,0,0
2047-09-16,9.838,0,0,0,0,0,0,0,0,0
2047-09-17,9.838,0,0,0,0,0,0,0,0,0
2047-09-18,9.838,0,0,0,0,0,0,0,0,0
2047-09-19,9.838,0,0,0,0,0,0,0,0,0
2047-09-20,9.838,0,0,0,0,0,0,0,0,0
2047-09-21,9.838,0,0,0,0,0,0,0,0,0
2047-09-22,9.838,0,0,0,0,0,0,0,0,0
2047-09-23,9.838,0,0,0,0,0,0,0,0,0
2047-09-24,9.838,0,0,0,0,0,0,0,0,0
2047-09-25,9.838,0,0,0,0,0,0,0,0,0
2047-09-26,9.838,0,0,0,0,0,0,0,0,0
2047-09-27,9.838,0,0,0,0,0,0,0,0,0
2047-09-28,9.838,0,0,0,0,0,0,0,0,0
2047-09-29,9.838,0,0,0,0,0,0,0,0,0
2047-09-30,9.838,0,0,0,0,0,0,0,0,0
2047-10-01,3.806,0,0,0,0,0,0,0,0,0
2047-10-02,3.806,0,0,0,0,0,0,0,0,0
2047-10-03,3.806,0,0,0,0,0,0,0,0,0
2047-10-04,3.806,0,0,0,0,0,0,0,0,0
2047-10-05,3.806,0,0,0,0,0,0,0,0,0
2047-10-06,3.806,0,0,0,0,0,0,0,0,0
2047-10-07,3.806,0,0,0,0,0,0,0,0,0
2047-10-08,3.806,0,0,0,0,0,0,0,0,0
2047-10-09,3.806,0,0,0,0,0,0,0,0,0
2047-10-10,3.806,0,0,0,0,0,0,0,0,0
2047-10-11,3.806,0,0,0,0,0,0,0,0,0
2047-10-12,3.806,0,0,0,0,0,0,0,0,0
2047-10-13,3.806,0,0,0,0,0,0,0,0,0
2047-10-14,3.806,0,0,0,0,0,0,0,0,0
2047-10-15,3.806,0,0,0,0,0,0,0,0,0
2047-10-16,3.806,0,0,0,0,0,0,0,0,0
2047-10-17,3.806,0,0,0,0,0,0,0,0,0
2047-10-18,3.806,0,0,0,0,0,0,0,0,0
2047-10-19,3.806,0,0,0,0,0,0,0,0,0
2047-10-20,3.806,0,0,0,0,0,0,0,0,0
2047-10-21,3.806,0,0,0,0,0,0,0,0,0
2047-10-22,3.806,0,0,0,0,0,0,0,0,0
2047-10-23,3.806,0,0,0,0,0,0,0,0,0
2047-10-24,3.806,0,0,0,0,0,0,0,0,0
2047-10-25,3.806,0,0,0,0,0,0,0,0,0
2047-10-26,3.806,0,0,0,0,0,0,0,0,0
2047-10-27,3.806,0,0,0,0,0,0,0,0,0
2047-10-28,3.806,0,0,0,0,0,0,0,0,0
2047-10-29,3.806,0,0,0,0,0,0,0,0,0
2047-10-30,3.806,0,0,0,0,0,0,0,0,0
2047-10-31,3.806,0,0,0,0,0,0,0,0,0
2047-11-01,6.803,0,0,0,0,0,0,0,0,0
2047-11-02,6.803,0,0,0,0,0,0,0,0,0
2047-11-03,6.803,0,0,0,0,0,0,0,0,0
2047-11-04,6.803,0,0,0,0,0,0,0,0,0
2047-11-05,6.803,0,0,0,0,0,0,0,0,0
2047-11-06,6.803,0,0,0,0,0,0,0,0,0
2047-11-07,6.803,0,0,0,0,0,0,0,0,0
2047-11-08,6.803,0,0,0,0,0,0,0,0,0
2047-11-09,6.803,0,0,0,0,0,0,0,0,0
2047-11-10,6.803,0,0,0,0,0,0,0,0,0
2047-11-11,6.803,0,0,0,0,0,0,0,0,0
2047-11-12,6.803,0,0,0,0,0,0,0,0,0
2047-11-13,6.803,0,0,0,0,0,0,0,0,0
2047-11-14,6.803,0,0,0,0,0,0,0,0,0
2047-11-15,6.803,0,0,0,0,0,0,0,0,0
2047-11-16,6.803,0,0,0,0,0,0,0,0,0
2047-11-17,6.803,0,0,0,0,0,0,0,0,0
2047-11-18,6.803,0,0,0,0,0,0,0,0,0
2047-11-19,6.803,0,0,0,0,0,0,0,0,0
2047-11-20,6.803,0,0,0,0,0,0,0,0,0
2047-11-21,6.803,0,0,0,0,0,0,0,0,0
2047-11-22,6.803,0,0,0,0,0,0,0,0,0
2047-11-23,6.803,0,0,0,0,0,0,0,0,0
2047-11-24,6.803,0,0,0,0,0,0,0,0,0
2047-11-25,6.803,0,0,0,0,0,0,0,0,0
2047-11-26,6.803,0,0,0,0,0,0,0,0,0
2047-11-27,6.803,0,0,0,0,0,0,0,0,0
2047-11-28,6.803,0,0,0,0,0,0,0,0,0
2047-11-29,6.803,0,0,0,0,0,0,0,0,0
2047-11-30,6.803,0,0,0,0,0,0,0,0,0
2047-12-01,6.249,0,0,0,0,0,0,0,0,0
2047-12-02,6.249,0,0,0,0,0,0,0,0,0
2047-12-03,6.249,0,0,0,0,0,0,0,0,0
2047-12-04,6.249,0,0,0,0,0,0,0,0,0
2047-12-05,6.249,0,0,0,0,0,0,0,0,0
2047-12-06,6.249,0,0,0,0,0,0,0,0,0
2047-12-07,6.249,0,0,0,0,0,0,0,0,0
2047-12-08,6.249,0,0,0,0,0,0,0,0,0
2047-12-09,6.249,0,0,0,0,0,0,0,0,0
2047-12-10,6.249,0,0,0,0,0,0,0,0,0
2047-12-11,6.249,0,0,0,0,0,0,0,0,0
2047-12-12,6.249,0,0,0,0,0,0,0,0,0
2047-12-13,6.249,0,0,0,0,0,0,0,0,0
2047-12-14,6.249,0,0,0,0,0,0,0,0,0
2047-12-15,6.249,0,0,0,0,0,0,0,0,0
2047-12-16,6.249,0,0,0,0,0,0,0,0,0
2047-12-17,6.249,0,0,0,0,0,0,0,0,0
2047-12-18,6.249,0,0,0,0,0,0,0,0,0
2047-12-19,6.249,0,0,0,0,0,0,0,0,0
2047-12-20,6.249,0,0,0,0,0,0,0,0,0
2047-12-21,6.249,0,0,0,0,0,0,0,0,0
2047-12-22,6.249,0,0,0,0,0,0,0,0,0
2047-12-23,6.249,0,0,0,0,0,0,0,0,0
2047-12-24,6.249,0,0,0,0,0,0,0,0,0
2047-12-25,6.249,0,0,0,0,0,0,0,0,0
2047-12-26,6.249,0,0,0,0,0,0,0,0,0
2047-12-27,6.249,0,0,0,0,0,0,0,0,0
2047-12-28,6.249,0,0,0,0,0,0,0,0,0
2047-12-29,6.249,0,0,0,0,0,0,0,0,0
2047-12-30,6.249,0,0,0,0,0,0,0,0,0
2047-12-31,6.249,0,0,0,0,0,0,0,0,0
2048-01-01,9.292,0,0,0,0,0,0,0,0,0
2048-01-02,9.292,0,0,0,0,0,0,0,0,0
2048-01-03,9.292,0,0,0,0,0,0,0,0,0
2048-01-04,9.292,0,0,0,0,0,0,0,0,0
2048-01-05,9.292,0,0,0,0,0,0,0,0,0
2048-01-06,9.292,0,0,0,0,0,0,0,0,0
2048-01-07,9.292,0,0,0,0,0,0,0,0,0
2048-01-08,9.292,0,0,0,0,0,0,0,0,0
2048-01-09,9.292,0,0,0,0,0,0,0,0,0
2048-01-10,9.292,0,0,0,0,0,0,0,0,0
2048-01-11,9.292,0,0,0,0,0,0,0,0,0
2048-01-12,9.292,0,0,0,0,0,0,0,0,0
2048-01-13,9.292,0,0,0,0,0,0,0,0,0
2048-01-14,9.292,0,0,0,0,0,0,0,0,0
2048-01-15,9.292,0,0,0,0,0,0,0,0,0
2048-01-16,9.292,0,0,0,0,0,0,0,0,0
2048-01-17,9.292,0,0,0,0,0,0,0,0,0
2048-01-18,9.292,0,0,0,0,0,0,0,0,0
2048-01-19,9.292,0,0,0,0,0,0,0,0,0
2048-01-20,9.292,0,0,0,0,0,0,0,0,0
2048-01-21,9.292,0,0,0,0,0,0,0,0,0
2048-01-22,9.292,0,0,0,0,0,0,0,0,0
2048-01-23,9.292,0,0,0,0,0,0,0,0,0
2048-01-24,9.292,0,0,0,0,0,0,0,0,0
2048-01-25,9.292,0,0,0,0,0,0,0,0,0
2048-01-26,9.292,0,0,0,0,0,0,0,0,0
2048-01-27,9.292,0,0,0,0,0,0,0,0,0
2048-01-28,9.292,0,0,0,0,0,0,0,0,0
2048-01-29,9.292,0,0,0,0,0,0,0,0,0
2048-01-30,9.292,0,0,0,0,0,0,0,0,0
2048-01-31,9.292,0,0,0,0,0,0,0,0,0
2048-02-01,5.627,0,0,0,0,0,0,0,0,0
2048-02-02,5.627,0,0,0,0,0,0,0,0,0
2048-02-03,5.627,0,0,0,0,0,0,0,0,0
2048-02-04,5.627,0,0,0,0,0,0,0,0,0
2048-02-05,5.627,0,0,0,0,0,0,0,0,0
2048-02-06,5.627,0,0,0,0,0,0,0,0,0
2048-02-07,5.627,0,0,0,0,0,0,0,0,0
2048-02-08,5.627,0,0,0,0,0,0,0,0,0
2048-02-09,5.627,0,0,0,0,0,0,0,0,0
2048-02-10,5.627,0,0,0,0,0,0,0,0,0
2048-02-11,5.627,0,0,0,0,0,0,0,0,0
2048-02-12,5.627,0,0,0,0,0,0,0,0,0
2048-02-13,5.627,0,0,0,0,0,0,0,0,0
2048-02-14,5.627,0,0,0,0,0,0,0,0,0
2048-02-15,5.627,0,0,0,0,0,0,0,0,0
2048-02-16,5.627,0,0,0,0,0,0,0,0,0
2048-02-17,5.627,0,0,0,0,0,0,0,0,0
2048-02-18,5.627,0,0,0,0,0,0,0,0,0
2048-02-19,5.627,0,0,0,0,0,0,0,0,0
2048-02-20,5.627,0,0,0,0,0,0,0,0,0
2048-02-21,5.627,0,0,0,0,0,0,0,0,0
2048-02-22,5.627,0,0,0,0,0,0,0,0,0
2048-02-23,5.627,0,0,0,0,0,0,0,0,0
2048-02-24,5.627,0,0,0,0,0,0,0,0,0
2048-02-25,5.627,0,0,0,0,0,0,0,0,0
2048-02-26,5.627,0,0,0,0,0,0,0,0,0
2048-02-27,5.627,0,0,0,0,0,0,0,0,0
2048-02-28,5.627,0,0,0,0,0,0,0,0,0
2048-03-01,9.947,0,0,0,0,0,0,0,0,0
2048-03-02,9.947,0,0,0,0,0,0,0,0,0
2048-03-03,9.947,0,0,0,0,0,0,0,0,0
2048-03-04,9.947,0,0,0,0,0,0,0,0,0
2048-03-05,9.947,0,0,0,0,0,0,0,0,0
2048-03-06,9.947,0,0,0,0,0,0,0,0,0
2048-03-07,9.947,0,0,0,0,0,0,0,0,0
2048-03-08,9.947,0,0,0,0,0,0,0,0,0
2048-03-09,9.947,0,0,0,0,0,0,0,0,0
2048-03-10,9.947,0,0,0,0,0,0,0,0,0
2048-03-11,9.947,0,0,0,0,0,0,0,0,0
2048-03-12,9.947,0,0,0,0,0,0,0,0,0
2048-03-13,9.947,0,0,0,0,0,0,0,0,0
2048-03-14,9.947,0,0,0,0,0,0,0,0,0
2048-03-15,9.947,0,0,0,0,0,0,0,0,0
2048-03-16,9.947,0,0,0,0,0,0,0,0,0
2048-03-17,9.947,0,0,0,0,0,0,0,0,0
2048-03-18,9.947,0,0,0,0,0,0,0,0,0
2048-03-19,9.947,0,0,0,0,0,0,0,0,0
2048-03-20,9.947,0,0,0,0,0,0,0,0,0
2048-03-21,9.947,0,0,0,0,0,0,0,0,0
2048-03-22,9.947,0,0,0,0,0,0,0,0,0
2048-03-23,9.947,0,0,0,0,0,0,0,0,0
2048-03-24,9.947,0,0,0,0,0,0,0,0,0
2048-03-25,9.947,0,0,0,0,0,0,0,0,0
2048-03-26,9.947,0,0,0,0,0,0,0,0,0
2048-03-27,9.947,0,0,0,0,0,0,0,0,0
2048-03-28,9.947,0,0,0,0,0,0,0,0,0
2048-03-29,9.947,0,0,0,0,0,0,0,0,0
2048-03-30,9.947,0,0,0,0,0,0,0,0,0
2048-03-31,9.947,0,0,0,0,0,0,0,0,0
2048-04-01,4.226,0,0,0,0,0,0,0,0,0
2048-04-02,4.226,0,0,0,0,0,0,0,0,0
2048-04-03,4.226,0,0,0,0,0,0,0,0,0
2048-04-04,4.226,0,0,0,0,0,0,0,0,0
2048-04-05,4.226,0,0,0,0,0,0,0,0,0
2048-04-06,4.226,0,0,0,0,0,0,0,0,0
2048-04-07,4.226,0,0,0,0,0,0,0,0,0
2048-04-08,4.226,0,0,0,0,0,0,0,0,0
2048-04-09,4.226,0,0,0,0,0,0,0,0,0
2048-04-10,4.226,0,0,0,0,0,0,0,0,0
2048-04-11,4.226,0,0,0,0,0,0,0,0,0
2048-04-12,4.226,0,0,0,0,0,0,0,0,0
2048-04-13,4.226,0,0,0,0,0,0,0,0,0
2048-04-14,4.226,0,0,0,0,0,0,0,0,0
2048-04-15,4.226,0,0,0,0,0,0,0,0,0
2048-04-16,4.226,0,0,0,0,0,0,0,0,0
2048-04-17,4.226,0,0,0,0,0,0,0,0,0
2048-04-18,4.226,0,0,0,0,0,0,0,0,0
2048-04-19,4.226,0,0,0,0,0,0,0,0,0
2048-04-20,4.226,0,0,0,0,0,0,0,0,0
2048-04-21,4.226,0,0,0,0,0,0,0,0,0
2048-04-22,4.226,0,0,0,0,0,0,0,0,0
2048-04-23,4.226,0,0,0,0,0,0,0,0,0
2048-04-24,4.226,0,0,0,0,0,0,0,0,0
2048-04-25,4.226,0,0,0,0,0,0,0,0,0
2048-04-26,4.226,0,0,0,0,0,0,0,0,0
2048-04-27,4.226,0,0,0,0,0,0,0,0,0
2048-04-28,4.226,0,0,0,0,0,0,0,0,0
2048-04-29,4.226,0,0,0,0,0,0,0,0,0
2048-04-30,4.226,0,0,0,0,0,0,0,0,0
2048-05-01,8.973,0,0,0,0,0,0,0,0,0
2048-05-02,8.973,0,0,0,0,0,0,0,0,0
2048-05-03,8.973,0,0,0,0,0,0,0,0,0
2048-05-04,8.973,0,0,0,0,0,0,0,0,0
2048-05-05,8.973,0,0,0,0,0,0,0,0,0
2048-05-06,8.973,0,0,0,0,0,0,0,0,0
2048-05-07,8.973,0,0,0,0,0,0,0,0,0
2048-05-08,8.973,0,0,0,0,0,0,0,0,0
2048-05-09,8.973,0,0,0,0,0,0,0,0,0
2048-05-10,8.973,0,0,0,0,0,0,0,0,0
2048-05-11,8.973,0,0,0,0,0,0,0,0,0
2048-05-12,8.973,0,0,0,0,0,0,0,0,0
2048-05-13,8.973,0,0,0,0,0,0,0,0,0
2048-05-14,8.973,0,0,0,0,0,0,0,0,0
2048-05-15,8.973,0,0,0,0,0,0,0,0,0
2048-05-16,8.973,0,0,0,0,0,0,0,0,0
2048-05-17,8.973,0,0,0,0,0,0,0,0,0
2048-05-18,8.973,0,0,0,0,0,0,0,0,0
2048-05-19,8.973,0,0,0,0,0,0,0,0,0
2048-05-20,8.973,0,0,0,0,0,0,0,0,0
2048-05-21,8.973,0,0,0,0,0,0,0,0,0
2048-05-22,8.973,0,0,0,0,0,0,0,0,0
2048-05-23,8.973,0,0,0,0,0,0,0,0,0
2048-05-24,8.973,0,0,0,0,0,0,0,0,0
2048-05-25,8.973,0,0,0,0,0,0,0,0,0
2048-05-26,8.973,0,0,0,0,0,0,0,0,0
2048-05-27,8.973,0,0,0,0,0,0,0,0,0
2048-05-28,8.973,0,0,0,0,0,0,0,0,0
2048-05-29,8.973,0,0,0,0,0,0,0,0,0
2048-05-30,8.973,0,0,0,0,0,0,0,0,0
2048-05-31,8.973,0,0,0,0,0,0,0,0,0
2048-06-01,17.951,0,0,0,0,0,0,0,0,0
2048-06-02,17.951,0,0,0,0,0,0,0,0,0
2048-06-03,17.951,0,0,0,0,0,0,0,0,0
2048-06-04,17.951,0,0,0,0,0,0,0,0,0
2048-06-05,17.951,0,0,0,0,0,0,0,0,0
2048-06-06,17.951,0,0,0,0,0,0,0,0,0
2048-06-07,17.951,0,0,0,0,0,0,0,0,0
2048-06-08,17.951,0,0,0,0,0,0,0,0,0
2048-06-09,17.951,0,0,0,0,0,0,0,0,0
2048-06-10,17.951,0,0,0,0,0,0,0,0,0
2048-06-11,17.951,0,0,0,0,0,0,0,0,0
2048-06-12,17.951,0,0,0,0,0,0,0,0,0
2048-06-13,17.951,0,0,0,0,0,0,0,0,0
2048-06-14,17.951,0,0,0,0,0,0,0,0,0
2048-06-15,17.951,0,0,0,0,0,0,0,0,0
2048-06-16,17.951,0,0,0,0,0,0,0,0,0
2048-06-17,17.951,0,0,0,0,0,0,0,0,0
2048-06-18,17.951,0,0,0,0,0,0,0,0,0
2048-06-19,17.951,0,0,0,0,0,0,0,0,0
2048-06-20,17.951,0,0,0,0,0,0,0,0,0
2048-06-21,17.951,0,0,0,0,0,0,0,0,0
2048-06-22,17.951,0,0,0,0,0,0,0,0,0
2048-06-23,17.951,0,0,0,0,0,0,0,0,0
2048-06-24,17.951,0,0,0,0,0,0,0,0,0
2048-06-25,17.951,0,0,0,0,0,0,0,0,0
2048-06-26,17.951,0,0,0,0,0,0,0,0,0
2048-06-27,17.951,0,0,0,0,0,0,0,0,0
2048-06-28,17.951,0,0,0,0,0,0,0,0,0
2048-06-29,17.951,0,0,0,0,0,0,0,0,0
2048-06-30,17.951,0,0,0,0,0,0,0,0,0
2048-07-01,16.268,0,0,0,0,0,0,0,0,0
2048-07-02,16.268,0,0,0,0,0,0,0,0,0
2048-07-03,16.268,0,0,0,0,0,0,0,0,0
2048-07-04,16.268,0,0,0,0,0,0,0,0,0
2048-07-05,16.268,0,0,0,0,0,0,0,0,0
2048-07-06,16.268,0,0,0,0,0,0,0,0,0
2048-07-07,16.268,0,0,0,0,0,0,0,0,0
2048-07-08,16.268,0,0,0,0,0,0,0,0,0
2048-07-09,16.268,0,0,0,0,0,0,0,0,0
2048-07-10,16.268,0,0,0,0,0,0,0,0,0
2048-07-11,16.268,0,0,0,0,0,0,0,0,0
2048-07-12,16.268,0,0,0,0,0,0,0,0,0
2048-07-13,16.268,0,0,0,0,0,0,0,0,0
2048-07-14,16.268,0,0,0,0,0,0,0,0,0
2048-07-15,16.268,0,0,0,0,0,0,0,0,0
2048-07-16,16.268,0,0,0,0,0,0,0,0,0
2048-07-17,16.268,0,0,0,0,0,0,0,0,0
2048-07-18,16.268,0,0,0,0,0,0,0,0,0
2048-07-19,16.268,0,0,0,0,0,0,0,0,0
2048-07-20,16.268,0,0,0,0,0,0,0,0,0
2048-07-21,16.268,0,0,0,0,0,0,0,0,0
2048-07-22,16.268,0,0,0,0,0,0,0,0,0
2048-07-23,16.268,0,0,0,0,0,0,0,0,0
2048-07-24,16.268,0,0,0,0,0,0,0,0,0
2048-07-25,16.268,0,0,0,0,0,0,0,0,0
2048-07-26,16.268,0,0,0,0,0,0,0,0,0
2048-07-27,16.268,0,0,0,0,0,0,0,0,0
2048-07-28,16.268,0,0,0,0,0,0,0,0,0
2048-07-29,16.268,0,0,0,0,0,0,0,0,0
2048-07-30,16.268,0,0,0,0,0,0,0,0,0
2048-07-31,16.268,0,0,0,0,0,0,0,0,0
2048-08-01,8.273,0,0,0,0,0,0,0,0,0
2048-08-02,8.273,0,0,0,0,0,0,0,0,0
2048-08-03,8.273,0,0,0,0,0,0,0,0,0
2048-08-04,8.273,0,0,0,0,0,0,0,0,0
2048-08-05,8.273,0,0,0,0,0,0,0,0,0
2048-08-06,8.273,0,0,0,0,0,0,0,0,0
2048-08-07,8.273,0,0,0,0,0,0,0,0,0
2048-08-08,8.273,0,0,0,0,0,0,0,0,0
2048-08-09,8.273,0,0,0,0,0,0,0,0,0
2048-08-10,8.273,0,0,0,0,0,0,0,0,0
2048-08-11,8.273,0,0,0,0,0,0,0,0,0
2048-08-12,8.273,0,0,0,0,0,0,0,0,0
2048-08-13,8.273,0,0,0,0,0,0,0,0,0
2048-08-14,8.273,0,0,0,0,0,0,0,0,0
2048-08-15,8.273,0,0,0,0,0,0,0,0,0
2048-08-16,8.273,0,0,0,0,0,0,0,0,0
2048-08-17,8.273,0,0,0,0,0,0,0,0,0
2048-08-18,8.273,0,0,0,0,0,0,0,0,0
2048-08-19,8.273,0,0,0,0,0,0,0,0,0
2048-08-20,8.273,0,0,0,0,0,0,0,0,0
2048-08-21,8.273,0,0,0,0,0,0,0,0,0
2048-08-22,8.273,0,0,0,0,0,0,0,0,0
2048-08-23,8.273,0,0,0,0,0,0,0,0,0
2048-08-24,8.273,0,0,0,0,0,0,0,0,0
2048-08-25,8.273,0,0,0,0,0,0,0,0,0
2048-08-26,8.273,0,0,0,0,0,0,0,0,0
2048-08-27,8.273,0,0,0,0,0,0,0,0,0
2048-08-28,8.273,0,0,0,0,0,0,0,0,0
2048-08-29,8.273,0,0,0,0,0,0,0,0,0
2048-08-30,8.273,0,0,0,0,0,0,0,0,0
2048-08-31,8.273,0,0,0,0,0,0,0,0,0
2048-09-01,9.838,0,0,0,0,0,0,0,0,0
2048-09-02,9.838,0,0,0,0,0,0,0,0,0
2048-09-03,9.838,0,0,0,0,0,0,0,0,0
2048-09-04,9.838,0,0,0,0,0,0,0,0,0
2048-09-05,9.838,0,0,0,0,0,0,0,0,0
2048-09-06,9.838,0,0,0,0,0,0,0,0,0
2048-09-07,9.838,0,0,0,0,0,0,0,0,0
2048-09-08,9.838,0,0,0,0,0,0,0,0,0
2048-09-09,9.838,0,0,0,0,0,0,0,0,0
2048-09-10,9.838,0,0,0,0,0,0,0,0,0
2048-09-11,9.838,0,0,0,0,0,0,0,0,0
2048-09-12,9.838,0,0,0,0,0,0,0,0,0
2048-09-13,9.838,0,0,0,0,0,0,0,0,0
2048-09-14,9.838,0,0,0,0,0,0,0,0,0
2048-09-15,9.838,0,0,0,0,0,0,0,0,0
2048-09-16,9.838,0,0,0,0,0,0,0,0,0
2048-09-17,9.838,0,0,0,0,0,0,0,0,0
2048-09-18,9.838,0,0,0,0,0,0,0,0,0
2048-09-19,9.838,0,0,0,0,0,0,0,0,0
2048-09-20,9.838,0,0,0,0,0,0,0,0,0
2048-09-21,9.838,0,0,0,0,0,0,0,0,0
2048-09-22,9.838,0,0,0,0,0,0,0,0,0
2048-09-23,9.838,0,0,0,0,0,0,0,0,0
2048-09-24,9.838,0,0,0,0,0,0,0,0,0
2048-09-25,9.838,0,0,0,0,0,0,0,0,0
2048-09-26,9.838,0,0,0,0,0,0,0,0,0
2048-09-27,9.838,0,0,0,0,0,0,0,0,0
2048-09-28,9.838,0,0,0,0,0,0,0,0,0
2048-09-29,9.838,0,0,0,0,0,0,0,0,0
2048-09-30,9.838,0,0,0,0,0,0,0,0,0
2048-10-01,3.806,0,0,0,0,0,0,0,0,0
2048-10-02,3.806,0,0,0,0,0,0,0,0,0
2048-10-03,3.806,0,0,0,0,0,0,0,0,0
2048-10-04,3.806,0,0,0,0,0,0,0,0,0
2048-10-05,3.806,0,0,0,0,0,0,0,0,0
2048-10-06,3.806,0,0,0,0,0,0,0,0,0
2048-10-07,3.806,0,0,0,0,0,0,0,0,0
2048-10-08,3.806,0,0,0,0,0,0,0,0,0
2048-10-09,3.806,0,0,0,0,0,0,0,0,0
2048-10-10,3.806,0,0,0,0,0,0,0,0,0
2048-10-11,3.806,0,0,0,0,0,0,0,0,0
2048-10-12,3.806,0,0,0,0,0,0,0,0,0
2048-10-13,3.806,0,0,0,0,0,0,0,0,0
2048-10-14,3.806,0,0,0,0,0,0,0,0,0
2048-10-15,3.806,0,0,0,0,0,0,0,0,0
2048-10-16,3.806,0,0,0,0,0,0,0,0,0
2048-10-17,3.806,0,0,0,0,0,0,0,0,0
2048-10-18,3.806,0,0,0,0,0,0,0,0,0
2048-10-19,3.806,0,0,0,0,0,0,0,0,0
2048-10-20,3.806,0,0,0,0,0,0,0,0,0
2048-10-21,3.806,0,0,0,0,0,0,0,0,0
2048-10-22,3.806,0,0,0,0,0,0,0,0,0
2048-10-23,3.806,0,0,0,0,0,0,0,0,0
2048-10-24,3.806,0,0,0,0,0,0,0,0,0
2048-10-25,3.806,0,0,0,0,0,0,0,0,0
2048-10-26,3.806,0,0,0,0,0,0,0,0,0
2048-10-27,3.806,0,0,0,0,0,0,0,0,0
2048-10-28,3.806,0,0,0,0,0,0,0,0,0
2048-10-29,3.806,0,0,0,0,0,0,0,0,0
2048-10-30,3.806,0,0,0,0,0,0,0,0,0
2048-10-31,3.806,0,0,0,0,0,0,0,0,0
2048-11-01,6.803,0,0,0,0,0,0,0,0,0
2048-11-02,6.803,0,0,0,0,0,0,0,0,0
2048-11-03,6.803,0,0,0,0,0,0,0,0,0
2048-11-04,6.803,0,0,0,0,0,0,0,0,0
2048-11-05,6.803,0,0,0,0,0,0,0,0,0
2048-11-06,6.803,0,0,0,0,0,0,0,0,0
2048-11-07,6.803,0,0,0,0,0,0,0,0,0
2048-11-08,6.803,0,0,0,0,0,0,0,0,0
2048-11-09,6.803,0,0,0,0,0,0,0,0,0
2048-11-10,6.803,0,0,0,0,0,0,0,0,0
2048-11-11,6.803,0,0,0,0,0,0,0,0,0
2048-11-12,6.803,0,0,0,0,0,0,0,0,0
2048-11-13,6.803,0,0,0,0,0,0,0,0,0
2048-11-14,6.803,0,0,0,0,0,0,0,0,0
2048-11-15,6.803,0,0,0,0,0,0,0,0,0
2048-11-16,6.803,0,0,0,0,0,0,0,0,0
2048-11-17,6.803,0,0,0,0,0,0,0,0,0
2048-11-18,6.803,0,0,0,0,0,0,0,0,0
2048-11-19,6.803,0,0,0,0,0,0,0,0,0
2048-11-20,6.803,0,0,0,0,0,0,0,0,0
2048-11-21,6.803,0,0,0,0,0,0,0,0,0
2048-11-22,6.803,0,0,0,0,0,0,0,0,0
2048-11-23,6.803,0,0,0,0,0,0,0,0,0
2048-11-24,6.803,0,0,0,0,0,0,0,0,0
2048-11-25,6.803,0,0,0,0,0,0,0,0,0
2048-11-26,6.803,0,0,0,0,0,0,0,0,0
2048-11-27,6.803,0,0,0,0,0,0,0,0,0
2048-11-28,6.803,0,0,0,0,0,0,0,0,0
2048-11-29,6.803,0,0,0,0,0,0,0,0,0
2048-11-30,6.803,0,0,0,0,0,0,0,0,0
2048-12-01,6.249,0,0,0,0,0,0,0,0,0
2048-12-02,6.249,0,0,0,0,0,0,0,0,0
2048-12-03,6.249,0,0,0,0,0,0,0,0,0
2048-12-04,6.249,0,0,0,0,0,0,0,0,0
2048-12-05,6.249,0,0,0,0,0,0,0,0,0
2048-12-06,6.249,0,0,0,0,0,0,0,0,0
2048-12-07,6.249,0,0,0,0,0,0,0,0,0
2048-12-08,6.249,0,0,0,0,0,0,0,0,0
2048-12-09,6.249,0,0,0,0,0,0,0,0,0
2048-12-10,6.249,0,0,0,0,0,0,0,0,0
2048-12-11,6.249,0,0,0,0,0,0,0,0,0
2048-12-12,6.249,0,0,0,0,0,0,0,0,0
2048-12-13,6.249,0,0,0,0,0,0,0,0,0
2048-12-14,6.249,0,0,0,0,0,0,0,0,0
2048-12-15,6.249,0,0,0,0,0,0,0,0,0
2048-12-16,6.249,0,0,0,0,0,0,0,0,0
2048-12-17,6.249,0,0,0,0,0,0,0,0,0
2048-12-18,6.249,0,0,0,0,0,0,0,0,0
2048-12-19,6.249,0,0,0,0,0,0,0,0,0
2048-12-20,6.249,0,0,0,0,0,0,0,0,0
2048-12-21,6.249,0,0,0,0,0,0,0,0,0
2048-12-22,6.249,0,0,0,0,0,0,0,0,0
2048-12-23,6.249,0,0,0,0,0,0,0,0,0
2048-12-24,6.249,0,0,0,0,0,0,0,0,0
2048-12-25,6.249,0,0,0,0,0,0,0,0,0
2048-12-26,6.249,0,0,0,0,0,0,0,0,0
2048-12-27,6.249,0,0,0,0,0,0,0,0,0
2048-12-28,6.249,0,0,0,0,0,0,0,0,0
2048-12-29,6.249,0,0,0,0,0,0,0,0,0
2048-12-30,6.249,0,0,0,0,0,0,0,0,0
2048-12-31,6.249,0,0,0,0,0,0,0,0,0
2049-01-01,9.292,0,0,0,0,0,0,0,0,0
2049-01-02,9.292,0,0,0,0,0,0,0,0,0
2049-01-03,9.292,0,0,0,0,0,0,0,0,0
2049-01-04,9.292,0,0,0,0,0,0,0,0,0
2049-01-05,9.292,0,0,0,0,0,0,0,0,0
2049-01-06,9.292,0,0,0,0,0,0,0,0,0
2049-01-07,9.292,0,0,0,0,0,0,0,0,0
2049-01-08,9.292,0,0,0,0,0,0,0,0,0
2049-01-09,9.292,0,0,0,0,0,0,0,0,0
2049-01-10,9.292,0,0,0,0,0,0,0,0,0
2049-01-11,9.292,0,0,0,0,0,0,0,0,0
2049-01-12,9.292,0,0,0,0,0,0,0,0,0
2049-01-13,9.292,0,0,0,0,0,0,0,0,0
2049-01-14,9.292,0,0,0,0,0,0,0,0,0
2049-01-15,9.292,0,0,0,0,0,0,0,0,0
2049-01-16,9.292,0,0,0,0,0,0,0,0,0
2049-01-17,9.292,0,0,0,0,0,0,0,0,0
2049-01-18,9.292,0,0,0,0,0,0,0,0,0
2049-01-19,9.292,0,0,0,0,0,0,0,0,0
2049-01-20,9.292,0,0,0,0,0,0,0,0,0
2049-01-21,9.292,0,0,0,0,0,0,0,0,0
2049-01-22,9.292,0,0,0,0,0,0,0,0,0
2049-01-23,9.292,0,0,0,0,0,0,0,0,0
2049-01-24,9.292,0,0,0,0,0,0,0,0,0
2049-01-25,9.292,0,0,0,0,0,0,0,0,0
2049-01-26,9.292,0,0,0,0,0,0,0,0,0
2049-01-27,9.292,0,0,0,0,0,0,0,0,0
2049-01-28,9.292,0,0,0,0,0,0,0,0,0
2049-01-29,9.292,0,0,0,0,0,0,0,0,0
2049-01-30,9.292,0,0,0,0,0,0,0,0,0
2049-01-31,9.292,0,0,0,0,0,0,0,0,0
2049-02-01,5.627,0,0,0,0,0,0,0,0,0
2049-02-02,5.627,0,0,0,0,0,0,0,0,0
2049-02-03,5.627,0,0,0,0,0,0,0,0,0
2049-02-04,5.627,0,0,0,0,0,0,0,0,0
2049-02-05,5.627,0,0,0,0,0,0,0,0,0
2049-02-06,5.627,0,0,0,0,0,0,0,0,0
2049-02-07,5.627,0,0,0,0,0,0,0,0,0
2049-02-08,5.627,0,0,0,0,0,0,0,0,0
2049-02-09,5.627,0,0,0,0,0,0,0,0,0
2049-02-10,5.627,0,0,0,0,0,0,0,0,0
2049-02-11,5.627,0,0,0,0,0,0,0,0,0
2049-02-12,5.627,0,0,0,0,0,0,0,0,0
2049-02-13,5.627,0,0,0,0,0,0,0,0,0
2049-02-14,5.627,0,0,0,0,0,0,0,0,0
2049-02-15,5.627,0,0,0,0,0,0,0,0,0
2049-02-16,5.627,0,0,0,0,0,0,0,0,0
2049-02-17,5.627,0,0,0,0,0,0,0,0,0
2049-02-18,5.627,0,0,0,0,0,0,0,0,0
2049-02-19,5.627,0,0,0,0,0,0,0,0,0
2049-02-20,5.627,0,0,0,0,0,0,0,0,0
2049-02-21,5.627,0,0,0,0,0,0,0,0,0
2049-02-22,5.627,0,0,0,0,0,0,0,0,0
2049-02-23,5.627,0,0,0,0,0,0,0,0,0
2049-02-24,5.627,0,0,0,0,0,0,0,0,0
2049-02-25,5.627,0,0,0,0,0,0,0,0,0
2049-02-26,5.627,0,0,0,0,0,0,0,0,0
2049-02-27,5.627,0,0,0,0,0,0,0,0,0
2049-02-28,5.627,0,0,0,0,0,0,0,0,0
2049-03-01,9.947,0,0,0,0,0,0,0,0,0
2049-03-02,9.947,0,0,0,0,0,0,0,0,0
2049-03-03,9.947,0,0,0,0,0,0,0,0,0
2049-03-04,9.947,0,0,0,0,0,0,0,0,0
2049-03-05,9.947,0,0,0,0,0,0,0,0,0
2049-03-06,9.947,0,0,0,0,0,0,0,0,0
2049-03-07,9.947,0,0,0,0,0,0,0,0,0
2049-03-08,9.947,0,0,0,0,0,0,0,0,0
2049-03-09,9.947,0,0,0,0,0,0,0,0,0
2049-03-10,9.947,0,0,0,0,0,0,0,0,0
2049-03-11,9.947,0,0,0,0,0,0,0,0,0
2049-03-12,9.947,0,0,0,0,0,0,0,0,0
2049-03-13,9.947,0,0,0,0,0,0,0,0,0
2049-03-14,9.947,0,0,0,0,0,0,0,0,0
2049-03-15,9.947,0,0,0,0,0,0,0,0,0
2049-03-16,9.947,0,0,0,0,0,0,0,0,0
2049-03-17,9.947,0,0,0,0,0,0,0,0,0
2049-03-18,9.947,0,0,0,0,0,0,0,0,0
2049-03-19,9.947,0,0,0,0,0,0,0,0,0
2049-03-20,9.947,0,0,0,0,0,0,0,0,0
2049-03-21,9.947,0,0,0,0,0,0,0,0,0
2049-03-22,9.947,0,0,0,0,0,0,0,0,0
2049-03-23,9.947,0,0,0,0,0,0,0,0,0
2049-03-24,9.947,0,0,0,0,0,0,0,0,0
2049-03-25,9.947,0,0,0,0,0,0,0,0,0
2049-03-26,9.947,0,0,0,0,0,0,0,0,0
2049-03-27,9.947,0,0,0,0,0,0,0,0,0
2049-03-28,9.947,0,0,0,0,0,0,0,0,0
2049-03-29,9.947,0,0,0,0,0,0,0,0,0
2049-03-30,9.947,0,0,0,0,0,0,0,0,0
2049-03-31,9.947,0,0,0,0,0,0,0,0,0
2049-04-01,4.226,0,0,0,0,0,0,0,0,0
2049-04-02,4.226,0,0,0,0,0,0,0,0,0
2049-04-03,4.226,0,0,0,0,0,0,0,0,0
2049-04-04,4.226,0,0,0,0,0,0,0,0,0
2049-04-05,4.226,0,0,0,0,0,0,0,0,0
2049-04-06,4.226,0,0,0,0,0,0,0,0,0
2049-04-07,4.226,0,0,0,0,0,0,0,0,0
2049-04-08,4.226,0,0,0,0,0,0,0,0,0
2049-04-09,4.226,0,0,0,0,0,0,0,0,0
2049-04-10,4.226,0,0,0,0,0,0,0,0,0
2049-04-11,4.226,0,0,0,0,0,0,0,0,0
2049-04-12,4.226,0,0,0,0,0,0,0,0,0
2049-04-13,4.226,0,0,0,0,0,0,0,0,0
2049-04-14,4.226,0,0,0,0,0,0,0,0,0
2049-04-15,4.226,0,0,0,0,0,0,0,0,0
2049-04-16,4.226,0,0,0,0,0,0,0,0,0
2049-04-17,4.226,0,0,0,0,0,0,0,0,0
2049-04-18,4.226,0,0,0,0,0,0,0,0,0
2049-04-19,4.226,0,0,0,0,0,0,0,0,0
2049-04-20,4.226,0,0,0,0,0,0,0,0,0
2049-04-21,4.226,0,0,0,0,0,0,0,0,0
2049-04-22,4.226,0,0,0,0,0,0,0,0,0
2049-04-23,4.226,0,0,0,0,0,0,0,0,0
2049-04-24,4.226,0,0,0,0,0,0,0,0,0
2049-04-25,4.226,0,0,0,0,0,0,0,0,0
2049-04-26,4.226,0,0,0,0,0,0,0,0,0
2049-04-27,4.226,0,0,0,0,0,0,0,0,0
2049-04-28,4.226,0,0,0,0,0,0,0,0,0
2049-04-29,4.226,0,0,0,0,0,0,0,0,0
2049-04-30,4.226,0,0,0,0,0,0,0,0,0
2049-05-01,8.973,0,0,0,0,0,0,0,0,0
2049-05-02,8.973,0,0,0,0,0,0,0,0,0
2049-05-03,8.973,0,0,0,0,0,0,0,0,0
2049-05-04,8.973,0,0,0,0,0,0,0,0,0
2049-05-05,8.973,0,0,0,0,0,0,0,0,0
2049-05-06,8.973,0,0,0,0,0,0,0,0,0
2049-05-07,8.973,0,0,0,0,0,0,0,0,0
2049-05-08,8.973,0,0,0,0,0,0,0,0,0
2049-05-09,8.973,0,0,0,0,0,0,0,0,0
2049-05-10,8.973,0,0,0,0,0,0,0,0,0
2049-05-11,8.973,0,0,0,0,0,0,0,0,0
2049-05-12,8.973,0,0,0,0,0,0,0,0,0
2049-05-13,8.973,0,0,0,0,0,0,0,0,0
2049-05-14,8.973,0,0,0,0,0,0,0,0,0
2049-05-15,8.973,0,0,0,0,0,0,0,0,0
2049-05-16,8.973,0,0,0,0,0,0,0,0,0
2049-05-17,8.973,0,0,0,0,0,0,0,0,0
2049-05-18,8.973,0,0,0,0,0,0,0,0,0
2049-05-19,8.973,0,0,0,0,0,0,0,0,0
2049-05-20,8.973,0,0,0,0,0,0,0,0,0
2049-05-21,8.973,0,0,0,0,0,0,0,0,0
2049-05-22,8.973,0,0,0,0,0,0,0,0,0
2049-05-23,8.973,0,0,0,0,0,0,0,0,0
2049-05-24,8.973,0,0,0,0,0,0,0,0,0
2049-05-25,8.973,0,0,0,0,0,0,0,0,0
2049-05-26,8.973,0,0,0,0,0,0,0,0,0
2049-05-27,8.973,0,0,0,0,0,0,0,0,0
2049-05-28,8.973,0,0,0,0,0,0,0,0,0
2049-05-29,8.973,0,0,0,0,0,0,0,0,0
2049-05-30,8.973,0,0,0,0,0,0,0,0,0
2049-05-31,8.973,0,0,0,0,0,0,0,0,0
2049-06-01,17.951,0,0,0,0,0,0,0,0,0
2049-06-02,17.951,0,0,0,0,0,0,0,0,0
2049-06-03,17.951,0,0,0,0,0,0,0,0,0
2049-06-04,17.951,0,0,0,0,0,0,0,0,0
2049-06-05,17.951,0,0,0,0,0,0,0,0,0
2049-06-06,17.951,0,0,0,0,0,0,0,0,0
2049-06-07,17.951,0,0,0,0,0,0,0,0,0
2049-06-08,17.951,0,0,0,0,0,0,0,0,0
2049-06-09,17.951,0,0,0,0,0,0,0,0,0
2049-06-10,17.951,0,0,0,0,0,0,0,0,0
2049-06-11,17.951,0,0,0,0,0,0,0,0,0
2049-06-12,17.951,0,0,0,0,0,0,0,0,0
2049-06-13,17.951,0,0,0,0,0,0,0,0,0
2049-06-14,17.951,0,0,0,0,0,0,0,0,0
2049-06-15,17.951,0,0,0,0,0,0,0,0,0
2049-06-16,17.951,0,0,0,0,0,0,0,0,0
2049-06-17,17.951,0,0,0,0,0,0,0,0,0
2049-06-18,17.951,0,0,0,0,0,0,0,0,0
2049-06-19,17.951,0,0,0,0,0,0,0,0,0
2049-06-20,17.951,0,0,0,0,0,0,0,0,0
2049-06-21,17.951,0,0,0,0,0,0,0,0,0
2049-06-22,17.951,0,0,0,0,0,0,0,0,0
2049-06-23,17.951,0,0,0,0,0,0,0,0,0
2049-06-24,17.951,0,0,0,0,0,0,0,0,0
2049-06-25,17.951,0,0,0,0,0,0,0,0,0
2049-06-26,17.951,0,0,0,0,0,0,0,0,0
2049-06-27,17.951,0,0,0,0,0,0,0,0,0
2049-06-28,17.951,0,0,0,0,0,0,0,0,0
2049-06-29,17.951,0,0,0,0,0,0,0,0,0
2049-06-30,17.951,0,0,0,0,0,0,0,0,0
2049-07-01,16.268,0,0,0,0,0,0,0,0,0
2049-07-02,16.268,0,0,0,0,0,0,0,0,0
2049-07-03,16.268,0,0,0,0,0,0,0,0,0
2049-07-04,16.268,0,0,0,0,0,0,0,0,0
2049-07-05,16.268,0,0,0,0,0,0,0,0,0
2049-07-06,16.268,0,0,0,0,0,0,0,0,0
2049-07-07,16.268,0,0,0,0,0,0,0,0,0
2049-07-08,16.268,0,0,0,0,0,0,0,0,0
2049-07-09,16.268,0,0,0,0,0,0,0,0,0
2049-07-10,16.268,0,0,0,0,0,0,0,0,0
2049-07-11,16.268,0,0,0,0,0,0,0,0,0
2049-07-12,16.268,0,0,0,0,0,0,0,0,0
2049-07-13,16.268,0,0,0,0,0,0,0,0,0
2049-07-14,16.268,0,0,0,0,0,0,0,0,0
2049-07-15,16.268,0,0,0,0,0,0,0,0,0
2049-07-16,16.268,0,0,0,0,0,0,0,0,0
2049-07-17,16.268,0,0,0,0,0,0,0,0,0
2049-07-18,16.268,0,0,0,0,0,0,0,0,0
2049-07-19,16.268,0,0,0,0,0,0,0,0,0
2049-07-20,16.268,0,0,0,0,0,0,0,0,0
2049-07-21,16.268,0,0,0,0,0,0,0,0,0
2049-07-22,16.268,0,0,0,0,0,0,0,0,0
2049-07-23,16.268,0,0,0,0,0,0,0,0,0
2049-07-24,16.268,0,0,0,0,0,0,0,0,0
2049-07-25,16.268,0,0,0,0,0,0,0,0,0
2049-07-26,16.268,0,0,0,0,0,0,0,0,0
2049-07-27,16.268,0,0,0,0,0,0,0,0,0
2049-07-28,16.268,0,0,0,0,0,0,0,0,0
2049-07-29,16.268,0,0,0,0,0,0,0,0,0
2049-07-30,16.268,0,0,0,0,0,0,0,0,0
2049-07-31,16.268,0,0,0,0,0,0,0,0,0
2049-08-01,8.273,0,0,0,0,0,0,0,0,0
2049-08-02,8.273,0,0,0,0,0,0,0,0,0
2049-08-03,8.273,0,0,0,0,0,0,0,0,0
2049-08-04,8.273,0,0,0,0,0,0,0,0,0
2049-08-05,8.273,0,0,0,0,0,0,0,0,0
2049-08-06,8.273,0,0,0,0,0,0,0,0,0
2049-08-07,8.273,0,0,0,0,0,0,0,0,0
2049-08-08,8.273,0,0,0,0,0,0,0,0,0
2049-08-09,8.273,0,0,0,0,0,0,0,0,0
2049-08-10,8.273,0,0,0,0,0,0,0,0,0
2049-08-11,8.273,0,0,0,0,0,0,0,0,0
2049-08-12,8.273,0,0,0,0,0,0,0,0,0
2049-08-13,8.273,0,0,0,0,0,0,0,0,0
2049-08-14,8.273,0,0,0,0,0,0,0,0,0
2049-08-15,8.273,0,0,0,0,0,0,0,0,0
2049-08-16,8.273,0,0,0,0,0,0,0,0,0
2049-08-17,8.273,0,0,0,0,0,0,0,0,0
2049-08-18,8.273,0,0,0,0,0,0,0,0,0
2049-08-19,8.273,0,0,0,0,0,0,0,0,0
2049-08-20,8.273,0,0,0,0,0,0,0,0,0
2049-08-21,8.273,0,0,0,0,0,0,0,0,0
2049-08-22,8.273,0,0,0,0,0,0,0,0,0
2049-08-23,8.273,0,0,0,0,0,0,0,0,0
2049-08-24,8.273,0,0,0,0,0,0,0,0,0
2049-08-25,8.273,0,0,0,0,0,0,0,0,0
2049-08-26,8.273,0,0,0,0,0,0,0,0,0
2049-08-27,8.273,0,0,0,0,0,0,0,0,0
2049-08-28,8.273,0,0,0,0,0,0,0,0,0
2049-08-29,8.273,0,0,0,0,0,0,0,0,0
2049-08-30,8.273,0,0,0,0,0,0,0,0,0
2049-08-31,8.273,0,0,0,0,0,0,0,0,0
2049-09-01,9.838,0,0,0,0,0,0,0,0,0
2049-09-02,9.838,0,0,0,0,0,0,0,0,0
2049-09-03,9.838,0,0,0,0,0,0,0,0,0
2049-09-04,9.838,0,0,0,0,0,0,0,0,0
2049-09-05,9.838,0,0,0,0,0,0,0,0,0
2049-09-06,9.838,0,0,0,0,0,0,0,0,0
2049-09-07,9.838,0,0,0,0,0,0,0,0,0
2049-09-08,9.838,0,0,0,0,0,0,0,0,0
2049-09-09,9.838,0,0,0,0,0,0,0,0,0
2049-09-10,9.838,0,0,0,0,0,0,0,0,0
2049-09-11,9.838,0,0,0,0,0,0,0,0,0
2049-09-12,9.838,0,0,0,0,0,0,0,0,0
2049-09-13,9.838,0,0,0,0,0,0,0,0,0
2049-09-14,9.838,0,0,0,0,0,0,0,0,0
2049-09-15,9.838,0,0,0,0,0,0,0,0,0
2049-09-16,9.838,0,0,0,0,0,0,0,0,0
2049-09-17,9.838,0,0,0,0,0,0,0,0,0
2049-09-18,9.838,0,0,0,0,0,0,0,0,0
2049-09-19,9.838,0,0,0,0,0,0,0,0,0
2049-09-20,9.838,0,0,0,0,0,0,0,0,0
2049-09-21,9.838,0,0,0,0,0,0,0,0,0
2049-09-22,9.838,0,0,0,0,0,0,0,0,0
2049-09-23,9.838,0,0,0,0,0,0,0,0,0
2049-09-24,9.838,0,0,0,0,0,0,0,0,0
2049-09-25,9.838,0,0,0,0,0,0,0,0,0
2049-09-26,9.838,0,0,0,0,0,0,0,0,0
2049-09-27,9.838,0,0,0,0,0,0,0,0,0
2049-09-28,9.838,0,0,0,0,0,0,0,0,0
2049-09-29,9.838,0,0,0,0,0,0,0,0,0
2049-09-30,9.838,0,0,0,0,0,0,0,0,0
2049-10-01,3.806,0,0,0,0,0,0,0,0,0
2049-10-02,3.806,0,0,0,0,0,0,0,0,0
2049-10-03,3.806,0,0,0,0,0,0,0,0,0
2049-10-04,3.806,0,0,0,0,0,0,0,0,0
2049-10-05,3.806,0,0,0,0,0,0,0,0,0
2049-10-06,3.806,0,0,0,0,0,0,0,0,0
2049-10-07,3.806,0,0,0,0,0,0,0,0,0
2049-10-08,3.806,0,0,0,0,0,0,0,0,0
2049-10-09,3.806,0,0,0,0,0,0,0,0,0
2049-10-10,3.806,0,0,0,0,0,0,0,0,0
2049-10-11,3.806,0,0,0,0,0,0,0,0,0
2049-10-12,3.806,0,0,0,0,0,0,0,0,0
2049-10-13,3.806,0,0,0,0,0,0,0,0,0
2049-10-14,3.806,0,0,0,0,0,0,0,0,0
2049-10-15,3.806,0,0,0,0,0,0,0,0,0
2049-10-16,3.806,0,0,0,0,0,0,0,0,0
2049-10-17,3.806,0,0,0,0,0,0,0,0,0
2049-10-18,3.806,0,0,0,0,0,0,0,0,0
2049-10-19,3.806,0,0,0,0,0,0,0,0,0
2049-10-20,3.806,0,0,0,0,0,0,0,0,0
2049-10-21,3.806,0,0,0,0,0,0,0,0,0
2049-10-22,3.806,0,0,0,0,0,0,0,0,0
2049-10-23,3.806,0,0,0,0,0,0,0,0,0
2049-10-24,3.806,0,0,0,0,0,0,0,0,0
2049-10-25,3.806,0,0,0,0,0,0,0,0,0
2049-10-26,3.806,0,0,0,0,0,0,0,0,0
2049-10-27,3.806,0,0,0,0,0,0,0,0,0
2049-10-28,3.806,0,0,0,0,0,0,0,0,0
2049-10-29,3.806,0,0,0,0,0,0,0,0,0
2049-10-30,3.806,0,0,0,0,0,0,0,0,0
2049-10-31,3.806,0,0,0,0,0,0,0,0,0
2049-11-01,6.803,0,0,0,0,0,0,0,0,0
2049-11-02,6.803,0,0,0,0,0,0,0,0,0
2049-11-03,6.803,0,0,0,0,0,0,0,0,0
2049-11-04,6.803,0,0,0,0,0,0,0,0,0
2049-11-05,6.803,0,0,0,0,0,0,0,0,0
2049-11-06,6.803,0,0,0,0,0,0,0,0,0
2049-11-07,6.803,0,0,0,0,0,0,0,0,0
2049-11-08,6.803,0,0,0,0,0,0,0,0,0
2049-11-09,6.803,0,0,0,0,0,0,0,0,0
2049-11-10,6.803,0,0,0,0,0,0,0,0,0
2049-11-11,6.803,0,0,0,0,0,0,0,0,0
2049-11-12,6.803,0,0,0,0,0,0,0,0,0
2049-11-13,6.803,0,0,0,0,0,0,0,0,0
2049-11-14,6.803,0,0,0,0,0,0,0,0,0
2049-11-15,6.803,0,0,0,0,0,0,0,0,0
2049-11-16,6.803,0,0,0,0,0,0,0,0,0
2049-11-17,6.803,0,0,0,0,0,0,0,0,0
2049-11-18,6.803,0,0,0,0,0,0,0,0,0
2049-11-19,6.803,0,0,0,0,0,0,0,0,0
2049-11-20,6.803,0,0,0,0,0,0,0,0,0
2049-11-21,6.803,0,0,0,0,0,0,0,0,0
2049-11-22,6.803,0,0,0,0,0,0,0,0,0
2049-11-23,6.803,0,0,0,0,0,0,0,0,0
2049-11-24,6.803,0,0,0,0,0,0,0,0,0
2049-11-25,6.803,0,0,0,0,0,0,0,0,0
2049-11-26,6.803,0,0,0,0,0,0,0,0,0
2049-11-27,6.803,0,0,0,0,0,0,0,0,0
2049-11-28,6.803,0,0,0,0,0,0,0,0,0
2049-11-29,6.803,0,0,0,0,0,0,0,0,0
2049-11-30,6.803,0,0,0,0,0,0,0,0,0
2049-12-01,6.249,0,0,0,0,0,0,0,0,0
2049-12-02,6.249,0,0,0,0,0,0,0,0,0
2049-12-03,6.249,0,0,0,0,0,0,0,0,0
2049-12-04,6.249,0,0,0,0,0,0,0,0,0
2049-12-05,6.249,0,0,0,0,0,0,0,0,0
2049-12-06,6.249,0,0,0,0,0,0,0,0,0
2049-12-07,6.249,0,0,0,0,0,0,0,0,0
2049-12-08,6.249,0,0,0,0,0,0,0,0,0
2049-12-09,6.249,0,0,0,0,0,0,0,0,0
2049-12-10,6.249,0,0,0,0,0,0,0,0,0
2049-12-11,6.249,0,0,0,0,0,0,0,0,0
2049-12-12,6.249,0,0,0,0,0,0,0,0,0
2049-12-13,6.249,0,0,0,0,0,0,0,0,0
2049-12-14,6.249,0,0,0,0,0,0,0,0,0
2049-12-15,6.249,0,0,0,0,0,0,0,0,0
2049-12-16,6.249,0,0,0,0,0,0,0,0,0
2049-12-17,6.249,0,0,0,0,0,0,0,0,0
2049-12-18,6.249,0,0,0,0,0,0,0,0,0
2049-12-19,6.249,0,0,0,0,0,0,0,0,0
2049-12-20,6.249,0,0,0,0,0,0,0,0,0
2049-12-21,6.249,0,0,0,0,0,0,0,0,0
2049-12-22,6.249,0,0,0,0,0,0,0,0,0
2049-12-23,6.249,0,0,0,0,0,0,0,0,0
2049-12-24,6.249,0,0,0,0,0,0,0,0,0
2049-12-25,6.249,0,0,0,0,0,0,0,0,0
2049-12-26,6.249,0,0,0,0,0,0,0,0,0
2049-12-27,6.249,0,0,0,0,0,0,0,0,0
2049-12-28,6.249,0,0,0,0,0,0,0,0,0
2049-12-29,6.249,0,0,0,0,0,0,0,0,0
2049-12-30,6.249,0,0,0,0,0,0,0,0,0
2049-12-31,6.249,0,0,0,0,0,0,0,0,0
2050-01-01,9.292,0,0,0,0,0,0,0,0,0
2050-01-02,9.292,0,0,0,0,0,0,0,0,0
2050-01-03,9.292,0,0,0,0,0,0,0,0,0
2050-01-04,9.292,0,0,0,0,0,0,0,0,0
2050-01-05,9.292,0,0,0,0,0,0,0,0,0
2050-01-06,9.292,0,0,0,0,0,0,0,0,0
2050-01-07,9.292,0,0,0,0,0,0,0,0,0
2050-01-08,9.292,0,0,0,0,0,0,0,0,0
2050-01-09,9.292,0,0,0,0,0,0,0,0,0
2050-01-10,9.292,0,0,0,0,0,0,0,0,0
2050-01-11,9.292,0,0,0,0,0,0,0,0,0
2050-01-12,9.292,0,0,0,0,0,0,0,0,0
2050-01-13,9.292,0,0,0,0,0,0,0,0,0
2050-01-14,9.292,0,0,0,0,0,0,0,0,0
2050-01-15,9.292,0,0,0,0,0,0,0,0,0
2050-01-16,9.292,0,0,0,0,0,0,0,0,0
2050-01-17,9.292,0,0,0,0,0,0,0,0,0
2050-01-18,9.292,0,0,0,0,0,0,0,0,0
2050-01-19,9.292,0,0,0,0,0,0,0,0,0
2050-01-20,9.292,0,0,0,0,0,0,0,0,0
2050-01-21,9.292,0,0,0,0,0,0,0,0,0
2050-01-22,9.292,0,0,0,0,0,0,0,0,0
2050-01-23,9.292,0,0,0,0,0,0,0,0,0
2050-01-24,9.292,0,0,0,0,0,0,0,0,0
2050-01-25,9.292,0,0,0,0,0,0,0,0,0
2050-01-26,9.292,0,0,0,0,0,0,0,0,0
2050-01-27,9.292,0,0,0,0,0,0,0,0,0
2050-01-28,9.292,0,0,0,0,0,0,0,0,0
2050-01-29,9.292,0,0,0,0,0,0,0,0,0
2050-01-30,9.292,0,0,0,0,0,0,0,0,0
2050-01-31,9.292,0,0,0,0,0,0,0,0,0
2050-02-01,5.627,0,0,0,0,0,0,0,0,0
2050-02-02,5.627,0,0,0,0,0,0,0,0,0
2050-02-03,5.627,0,0,0,0,0,0,0,0,0
2050-02-04,5.627,0,0,0,0,0,0,0,0,0
2050-02-05,5.627,0,0,0,0,0,0,0,0,0
2050-02-06,5.627,0,0,0,0,0,0,0,0,0
2050-02-07,5.627,0,0,0,0,0,0,0,0,0
2050-02-08,5.627,0,0,0,0,0,0,0,0,0
2050-02-09,5.627,0,0,0,0,0,0,0,0,0
2050-02-10,5.627,0,0,0,0,0,0,0,0,0
2050-02-11,5.627,0,0,0,0,0,0,0,0,0
2050-02-12,5.627,0,0,0,0,0,0,0,0,0
2050-02-13,5.627,0,0,0,0,0,0,0,0,0
2050-02-14,5.627,0,0,0,0,0,0,0,0,0
2050-02-15,5.627,0,0,0,0,0,0,0,0,0
2050-02-16,5.627,0,0,0,0,0,0,0,0,0
2050-02-17,5.627,0,0,0,0,0,0,0,0,0
2050-02-18,5.627,0,0,0,0,0,0,0,0,0
2050-02-19,5.627,0,0,0,0,0,0,0,0,0
2050-02-20,5.627,0,0,0,0,0,0,0,0,0
2050-02-21,5.627,0,0,0,0,0,0,0,0,0
2050-02-22,5.627,0,0,0,0,0,0,0,0,0
2050-02-23,5.627,0,0,0,0,0,0,0,0,0
2050-02-24,5.627,0,0,0,0,0,0,0,0,0
2050-02-25,5.627,0,0,0,0,0,0,0,0,0
2050-02-26,5.627,0,0,0,0,0,0,0,0,0
2050-02-27,5.627,0,0,0,0,0,0,0,0,0
2050-02-28,5.627,0,0,0,0,0,0,0,0,0
2050-03-01,9.947,0,0,0,0,0,0,0,0,0
2050-03-02,9.947,0,0,0,0,0,0,0,0,0
2050-03-03,9.947,0,0,0,0,0,0,0,0,0
2050-03-04,9.947,0,0,0,0,0,0,0,0,0
2050-03-05,9.947,0,0,0,0,0,0,0,0,0
2050-03-06,9.947,0,0,0,0,0,0,0,0,0
2050-03-07,9.947,0,0,0,0,0,0,0,0,0
2050-03-08,9.947,0,0,0,0,0,0,0,0,0
2050-03-09,9.947,0,0,0,0,0,0,0,0,0
2050-03-10,9.947,0,0,0,0,0,0,0,0,0
2050-03-11,9.947,0,0,0,0,0,0,0,0,0
2050-03-12,9.947,0,0,0,0,0,0,0,0,0
2050-03-13,9.947,0,0,0,0,0,0,0,0,0
2050-03-14,9.947,0,0,0,0,0,0,0,0,0
2050-03-15,9.947,0,0,0,0,0,0,0,0,0
2050-03-16,9.947,0,0,0,0,0,0,0,0,0
2050-03-17,9.947,0,0,0,0,0,0,0,0,0
2050-03-18,9.947,0,0,0,0,0,0,0,0,0
2050-03-19,9.947,0,0,0,0,0,0,0,0,0
2050-03-20,9.947,0,0,0,0,0,0,0,0,0
2050-03-21,9.947,0,0,0,0,0,0,0,0,0
2050-03-22,9.947,0,0,0,0,0,0,0,0,0
2050-03-23,9.947,0,0,0,0,0,0,0,0,0
2050-03-24,9.947,0,0,0,0,0,0,0,0,0
2050-03-25,9.947,0,0,0,0,0,0,0,0,0
2050-03-26,9.947,0,0,0,0,0,0,0,0,0
2050-03-27,9.947,0,0,0,0,0,0,0,0,0
2050-03-28,9.947,0,0,0,0,0,0,0,0,0
2050-03-29,9.947,0,0,0,0,0,0,0,0,0
2050-03-30,9.947,0,0,0,0,0,0,0,0,0
2050-03-31,9.947,0,0,0,0,0,0,0,0,0
2050-04-01,4.226,0,0,0,0,0,0,0,0,0
2050-04-02,4.226,0,0,0,0,0,0,0,0,0
2050-04-03,4.226,0,0,0,0,0,0,0,0,0
2050-04-04,4.226,0,0,0,0,0,0,0,0,0
2050-04-05,4.226,0,0,0,0,0,0,0,0,0
2050-04-06,4.226,0,0,0,0,0,0,0,0,0
2050-04-07,4.226,0,0,0,0,0,0,0,0,0
2050-04-08,4.226,0,0,0,0,0,0,0,0,0
2050-04-09,4.226,0,0,0,0,0,0,0,0,0
2050-04-10,4.226,0,0,0,0,0,0,0,0,0
2050-04-11,4.226,0,0,0,0,0,0,0,0,0
2050-04-12,4.226,0,0,0,0,0,0,0,0,0
2050-04-13,4.226,0,0,0,0,0,0,0,0,0
2050-04-14,4.226,0,0,0,0,0,0,0,0,0
2050-04-15,4.226,0,0,0,0,0,0,0,0,0
2050-04-16,4.226,0,0,0,0,0,0,0,0,0
2050-04-17,4.226,0,0,0,0,0,0,0,0,0
2050-04-18,4.226,0,0,0,0,0,0,0,0,0
2050-04-19,4.226,0,0,0,0,0,0,0,0,0
2050-04-20,4.226,0,0,0,0,0,0,0,0,0
2050-04-21,4.226,0,0,0,0,0,0,0,0,0
2050-04-22,4.226,0,0,0,0,0,0,0,0,0
2050-04-23,4.226,0,0,0,0,0,0,0,0,0
2050-04-24,4.226,0,0,0,0,0,0,0,0,0
2050-04-25,4.226,0,0,0,0,0,0,0,0,0
2050-04-26,4.226,0,0,0,0,0,0,0,0,0
2050-04-27,4.226,0,0,0,0,0,0,0,0,0
2050-04-28,4.226,0,0,0,0,0,0,0,0,0
2050-04-29,4.226,0,0,0,0,0,0,0,0,0
2050-04-30,4.226,0,0,0,0,0,0,0,0,0
2050-05-01,8.973,0,0,0,0,0,0,0,0,0
2050-05-02,8.973,0,0,0,0,0,0,0,0,0
2050-05-03,8.973,0,0,0,0,0,0,0,0,0
2050-05-04,8.973,0,0,0,0,0,0,0,0,0
2050-05-05,8.973,0,0,0,0,0,0,0,0,0
2050-05-06,8.973,0,0,0,0,0,0,0,0,0
2050-05-07,8.973,0,0,0,0,0,0,0,0,0
2050-05-08,8.973,0,0,0,0,0,0,0,0,0
2050-05-09,8.973,0,0,0,0,0,0,0,0,0
2050-05-10,8.973,0,0,0,0,0,0,0,0,0
2050-05-11,8.973,0,0,0,0,0,0,0,0,0
2050-05-12,8.973,0,0,0,0,0,0,0,0,0
2050-05-13,8.973,0,0,0,0,0,0,0,0,0
2050-05-14,8.973,0,0,0,0,0,0,0,0,0
2050-05-15,8.973,0,0,0,0,0,0,0,0,0
2050-05-16,8.973,0,0,0,0,0,0,0,0,0
2050-05-17,8.973,0,0,0,0,0,0,0,0,0
2050-05-18,8.973,0,0,0,0,0,0,0,0,0
2050-05-19,8.973,0,0,0,0,0,0,0,0,0
2050-05-20,8.973,0,0,0,0,0,0,0,0,0
2050-05-21,8.973,0,0,0,0,0,0,0,0,0
2050-05-22,8.973,0,0,0,0,0,0,0,0,0
2050-05-23,8.973,0,0,0,0,0,0,0,0,0
2050-05-24,8.973,0,0,0,0,0,0,0,0,0
2050-05-25,8.973,0,0,0,0,0,0,0,0,0
2050-05-26,8.973,0,0,0,0,0,0,0,0,0
2050-05-27,8.973,0,0,0,0,0,0,0,0,0
2050-05-28,8.973,0,0,0,0,0,0,0,0,0
2050-05-29,8.973,0,0,0,0,0,0,0,0,0
2050-05-30,8.973,0,0,0,0,0,0,0,0,0
2050-05-31,8.973,0,0,0,0,0,0,0,0,0
2050-06-01,17.951,0,0,0,0,0,0,0,0,0
2050-06-02,17.951,0,0,0,0,0,0,0,0,0
2050-06-03,17.951,0,0,0,0,0,0,0,0,0
2050-06-04,17.951,0,0,0,0,0,0,0,0,0
2050-06-05,17.951,0,0,0,0,0,0,0,0,0
2050-06-06,17.951,0,0,0,0,0,0,0,0,0
2050-06-07,17.951,0,0,0,0,0,0,0,0,0
2050-06-08,17.951,0,0,0,0,0,0,0,0,0
2050-06-09,17.951,0,0,0,0,0,0,0,0,0
2050-06-10,17.951,0,0,0,0,0,0,0,0,0
2050-06-11,17.951,0,0,0,0,0,0,0,0,0
2050-06-12,17.951,0,0,0,0,0,0,0,0,0
2050-06-13,17.951,0,0,0,0,0,0,0,0,0
2050-06-14,17.951,0,0,0,0,0,0,0,0,0
2050-06-15,17.951,0,0,0,0,0,0,0,0,0
2050-06-16,17.951,0,0,0,0,0,0,0,0,0
2050-06-17,17.951,0,0,0,0,0,0,0,0,0
2050-06-18,17.951,0,0,0,0,0,0,0,0,0
2050-06-19,17.951,0,0,0,0,0,0,0,0,0
2050-06-20,17.951,0,0,0,0,0,0,0,0,0
2050-06-21,17.951,0,0,0,0,0,0,0,0,0
2050-06-22,17.951,0,0,0,0,0,0,0,0,0
2050-06-23,17.951,0,0,0,0,0,0,0,0,0
2050-06-24,17.951,0,0,0,0,0,0,0,0,0
2050-06-25,17.951,0,0,0,0,0,0,0,0,0
2050-06-26,17.951,0,0,0,0,0,0,0,0,0
2050-06-27,17.951,0,0,0,0,0,0,0,0,0
2050-06-28,17.951,0,0,0,0,0,0,0,0,0
2050-06-29,17.951,0,0,0,0,0,0,0,0,0
2050-06-30,17.951,0,0,0,0,0,0,0,0,0
2050-07-01,16.268,0,0,0,0,0,0,0,0,0
2050-07-02,16.268,0,0,0,0,0,0,0,0,0
2050-07-03,16.268,0,0,0,0,0,0,0,0,0
2050-07-04,16.268,0,0,0,0,0,0,0,0,0
2050-07-05,16.268,0,0,0,0,0,0,0,0,0
2050-07-06,16.268,0,0,0,0,0,0,0,0,0
2050-07-07,16.268,0,0,0,0,0,0,0,0,0
2050-07-08,16.268,0,0,0,0,0,0,0,0,0
2050-07-09,16.268,0,0,0,0,0,0,0,0,0
2050-07-10,16.268,0,0,0,0,0,0,0,0,0
2050-07-11,16.268,0,0,0,0,0,0,0,0,0
2050-07-12,16.268,0,0,0,0,0,0,0,0,0
2050-07-13,16.268,0,0,0,0,0,0,0,0,0
2050-07-14,16.268,0,0,0,0,0,0,0,0,0
2050-07-15,16.268,0,0,0,0,0,0,0,0,0
2050-07-16,16.268,0,0,0,0,0,0,0,0,0
2050-07-17,16.268,0,0,0,0,0,0,0,0,0
2050-07-18,16.268,0,0,0,0,0,0,0,0,0
2050-07-19,16.268,0,0,0,0,0,0,0,0,0
2050-07-20,16.268,0,0,0,0,0,0,0,0,0
2050-07-21,16.268,0,0,0,0,0,0,0,0,0
2050-07-22,16.268,0,0,0,0,0,0,0,0,0
2050-07-23,16.268,0,0,0,0,0,0,0,0,0
2050-07-24,16.268,0,0,0,0,0,0,0,0,0
2050-07-25,16.268,0,0,0,0,0,0,0,0,0
2050-07-26,16.268,0,0,0,0,0,0,0,0,0
2050-07-27,16.268,0,0,0,0,0,0,0,0,0
2050-07-28,16.268,0,0,0,0,0,0,0,0,0
2050-07-29,16.268,0,0,0,0,0,0,0,0,0
2050-07-30,16.268,0,0,0,0,0,0,0,0,0
2050-07-31,16.268,0,0,0,0,0,0,0,0,0
2050-08-01,8.273,0,0,0,0,0,0,0,0,0
2050-08-02,8.273,0,0,0,0,0,0,0,0,0
2050-08-03,8.273,0,0,0,0,0,0,0,0,0
2050-08-04,8.273,0,0,0,0,0,0,0,0,0
2050-08-05,8.273,0,0,0,0,0,0,0,0,0
2050-08-06,8.273,0,0,0,0,0,0,0,0,0
2050-08-07,8.273,0,0,0,0,0,0,0,0,0
2050-08-08,8.273,0,0,0,0,0,0,0,0,0
2050-08-09,8.273,0,0,0,0,0,0,0,0,0
2050-08-10,8.273,0,0,0,0,0,0,0,0,0
2050-08-11,8.273,0,0,0,0,0,0,0,0,0
2050-08-12,8.273,0,0,0,0,0,0,0,0,0
2050-08-13,8.273,0,0,0,0,0,0,0,0,0
2050-08-14,8.273,0,0,0,0,0,0,0,0,0
2050-08-15,8.273,0,0,0,0,0,0,0,0,0
2050-08-16,8.273,0,0,0,0,0,0,0,0,0
2050-08-17,8.273,0,0,0,0,0,0,0,0,0
2050-08-18,8.273,0,0,0,0,0,0,0,0,0
2050-08-19,8.273,0,0,0,0,0,0,0,0,0
2050-08-20,8.273,0,0,0,0,0,0,0,0,0
2050-08-21,8.273,0,0,0,0,0,0,0,0,0
2050-08-22,8.273,0,0,0,0,0,0,0,0,0
2050-08-23,8.273,0,0,0,0,0,0,0,0,0
2050-08-24,8.273,0,0,0,0,0,0,0,0,0
2050-08-25,8.273,0,0,0,0,0,0,0,0,0
2050-08-26,8.273,0,0,0,0,0,0,0,0,0
2050-08-27,8.273,0,0,0,0,0,0,0,0,0
2050-08-28,8.273,0,0,0,0,0,0,0,0,0
2050-08-29,8.273,0,0,0,0,0,0,0,0,0
2050-08-30,8.273,0,0,0,0,0,0,0,0,0
2050-08-31,8.273,0,0,0,0,0,0,0,0,0
2050-09-01,9.838,0,0,0,0,0,0,0,0,0
2050-09-02,9.838,0,0,0,0,0,0,0,0,0
2050-09-03,9.838,0,0,0,0,0,0,0,0,0
2050-09-04,9.838,0,0,0,0,0,0,0,0,0
2050-09-05,9.838,0,0,0,0,0,0,0,0,0
2050-09-06,9.838,0,0,0,0,0,0,0,0,0
2050-09-07,9.838,0,0,0,0,0,0,0,0,0
2050-09-08,9.838,0,0,0,0,0,0,0,0,0
2050-09-09,9.838,0,0,0,0,0,0,0,0,0
2050-09-10,9.838,0,0,0,0,0,0,0,0,0
2050-09-11,9.838,0,0,0,0,0,0,0,0,0
2050-09-12,9.838,0,0,0,0,0,0,0,0,0
2050-09-13,9.838,0,0,0,0,0,0,0,0,0
2050-09-14,9.838,0,0,0,0,0,0,0,0,0
2050-09-15,9.838,0,0,0,0,0,0,0,0,0
2050-09-16,9.838,0,0,0,0,0,0,0,0,0
2050-09-17,9.838,0,0,0,0,0,0,0,0,0
2050-09-18,9.838,0,0,0,0,0,0,0,0,0
2050-09-19,9.838,0,0,0,0,0,0,0,0,0
2050-09-20,9.838,0,0,0,0,0,0,0,0,0
2050-09-21,9.838,0,0,0,0,0,0,0,0,0
2050-09-22,9.838,0,0,0,0,0,0,0,0,0
2050-09-23,9.838,0,0,0,0,0,0,0,0,0
2050-09-24,9.838,0,0,0,0,0,0,0,0,0
2050-09-25,9.838,0,0,0,0,0,0,0,0,0
2050-09-26,9.838,0,0,0,0,0,0,0,0,0
2050-09-27,9.838,0,0,0,0,0,0,0,0,0
2050-09-28,9.838,0,0,0,0,0,0,0,0,0
2050-09-29,9.838,0,0,0,0,0,0,0,0,0
2050-09-30,9.838,0,0,0,0,0,0,0,0,0
2050-10-01,3.806,0,0,0,0,0,0,0,0,0
2050-10-02,3.806,0,0,0,0,0,0,0,0,0
2050-10-03,3.806,0,0,0,0,0,0,0,0,0
2050-10-04,3.806,0,0,0,0,0,0,0,0,0
2050-10-05,3.806,0,0,0,0,0,0,0,0,0
2050-10-06,3.806,0,0,0,0,0,0,0,0,0
2050-10-07,3.806,0,0,0,0,0,0,0,0,0
2050-10-08,3.806,0,0,0,0,0,0,0,0,0
2050-10-09,3.806,0,0,0,0,0,0,0,0,0
2050-10-10,3.806,0,0,0,0,0,0,0,0,0
2050-10-11,3.806,0,0,0,0,0,0,0,0,0
2050-10-12,3.806,0,0,0,0,0,0,0,0,0
2050-10-13,3.806,0,0,0,0,0,0,0,0,0
2050-10-14,3.806,0,0,0,0,0,0,0,0,0
2050-10-15,3.806,0,0,0,0,0,0,0,0,0
2050-10-16,3.806,0,0,0,0,0,0,0,0,0
2050-10-17,3.806,0,0,0,0,0,0,0,0,0
2050-10-18,3.806,0,0,0,0,0,0,0,0,0
2050-10-19,3.806,0,0,0,0,0,0,0,0,0
2050-10-20,3.806,0,0,0,0,0,0,0,0,0
2050-10-21,3.806,0,0,0,0,0,0,0,0,0
2050-10-22,3.806,0,0,0,0,0,0,0,0,0
2050-10-23,3.806,0,0,0,0,0,0,0,0,0
2050-10-24,3.806,0,0,0,0,0,0,0,0,0
2050-10-25,3.806,0,0,0,0,0,0,0,0,0
2050-10-26,3.806,0,0,0,0,0,0,0,0,0
2050-10-27,3.806,0,0,0,0,0,0,0,0,0
2050-10-28,3.806,0,0,0,0,0,0,0,0,0
2050-10-29,3.806,0,0,0,0,0,0,0,0,0
2050-10-30,3.806,0,0,0,0,0,0,0,0,0
2050-10-31,3.806,0,0,0,0,0,0,0,0,0
2050-11-01,6.803,0,0,0,0,0,0,0,0,0
2050-11-02,6.803,0,0,0,0,0,0,0,0,0
2050-11-03,6.803,0,0,0,0,0,0,0,0,0
2050-11-04,6.803,0,0,0,0,0,0,0,0,0
2050-11-05,6.803,0,0,0,0,0,0,0,0,0
2050-11-06,6.803,0,0,0,0,0,0,0,0,0
2050-11-07,6.803,0,0,0,0,0,0,0,0,0
2050-11-08,6.803,0,0,0,0,0,0,0,0,0
2050-11-09,6.803,0,0,0,0,0,0,0,0,0
2050-11-10,6.803,0,0,0,0,0,0,0,0,0
2050-11-11,6.803,0,0,0,0,0,0,0,0,0
2050-11-12,6.803,0,0,0,0,0,0,0,0,0
2050-11-13,6.803,0,0,0,0,0,0,0,0,0
2050-11-14,6.803,0,0,0,0,0,0,0,0,0
2050-11-15,6.803,0,0,0,0,0,0,0,0,0
2050-11-16,6.803,0,0,0,0,0,0,0,0,0
2050-11-17,6.803,0,0,0,0,0,0,0,0,0
2050-11-18,6.803,0,0,0,0,0,0,0,0,0
2050-11-19,6.803,0,0,0,0,0,0,0,0,0
2050-11-20,6.803,0,0,0,0,0,0,0,0,0
2050-11-21,6.803,0,0,0,0,0,0,0,0,0
2050-11-22,6.803,0,0,0,0,0,0,0,0,0
2050-11-23,6.803,0,0,0,0,0,0,0,0,0
2050-11-24,6.803,0,0,0,0,0,0,0,0,0
2050-11-25,6.803,0,0,0,0,0,0,0,0,0
2050-11-26,6.803,0,0,0,0,0,0,0,0,0
2050-11-27,6.803,0,0,0,0,0,0,0,0,0
2050-11-28,6.803,0,0,0,0,0,0,0,0,0
2050-11-29,6.803,0,0,0,0,0,0,0,0,0
2050-11-30,6.803,0,0,0,0,0,0,0,0,0
2050-12-01,6.249,0,0,0,0,0,0,0,0,0
2050-12-02,6.249,0,0,0,0,0,0,0,0,0
2050-12-03,6.249,0,0,0,0,0,0,0,0,0
2050-12-04,6.249,0,0,0,0,0,0,0,0,0
2050-12-05,6.249,0,0,0,0,0,0,0,0,0
2050-12-06,6.249,0,0,0,0,0,0,0,0,0
2050-12-07,6.249,0,0,0,0,0,0,0,0,0
2050-12-08,6.249,0,0,0,0,0,0,0,0,0
2050-12-09,6.249,0,0,0,0,0,0,0,0,0
2050-12-10,6.249,0,0,0,0,0,0,0,0,0
2050-12-11,6.249,0,0,0,0,0,0,0,0,0
2050-12-12,6.249,0,0,0,0,0,0,0,0,0
2050-12-13,6.249,0,0,0,0,0,0,0,0,0
2050-12-14,6.249,0,0,0,0,0,0,0,0,0
2050-12-15,6.249,0,0,0,0,0,0,0,0,0
2050-12-16,6.249,0,0,0,0,0,0,0,0,0
2050-12-17,6.249,0,0,0,0,0,0,0,0,0
2050-12-18,6.249,0,0,0,0,0,0,0,0,0
2050-12-19,6.249,0,0,0,0,0,0,0,0,0
2050-12-20,6.249,0,0,0,0,0,0,0,0,0
2050-12-21,6.249,0,0,0,0,0,0,0,0,0
2050-12-22,6.249,0,0,0,0,0,0,0,0,0
2050-12-23,6.249,0,0,0,0,0,0,0,0,0
2050-12-24,6.249,0,0,0,0,0,0,0,0,0
2050-12-25,6.249,0,0,0,0,0,0,0,0,0
2050-12-26,6.249,0,0,0,0,0,0,0,0,0
2050-12-27,6.249,0,0,0,0,0,0,0,0,0
2050-12-28,6.249,0,0,0,0,0,0,0,0,0
2050-12-29,6.249,0,0,0,0,0,0,0,0,0
2050-12-30,6.249,0,0,0,0,0,0,0,0,0
2050-12-31,6.249,0,0,0,0,0,0,0,0,0
2051-01-01,9.292,0,0,0,0,0,0,0,0,0
2051-01-02,9.292,0,0,0,0,0,0,0,0,0
2051-01-03,9.292,0,0,0,0,0,0,0,0,0
2051-01-04,9.292,0,0,0,0,0,0,0,0,0
2051-01-05,9.292,0,0,0,0,0,0,0,0,0
2051-01-06,9.292,0,0,0,0,0,0,0,0,0
2051-01-07,9.292,0,0,0,0,0,0,0,0,0
2051-01-08,9.292,0,0,0,0,0,0,0,0,0
2051-01-09,9.292,0,0,0,0,0,0,0,0,0
2051-01-10,9.292,0,0,0,0,0,0,0,0,0
2051-01-11,9.292,0,0,0,0,0,0,0,0,0
2051-01-12,9.292,0,0,0,0,0,0,0,0,0
2051-01-13,9.292,0,0,0,0,0,0,0,0,0
2051-01-14,9.292,0,0,0,0,0,0,0,0,0
2051-01-15,9.292,0,0,0,0,0,0,0,0,0
2051-01-16,9.292,0,0,0,0,0,0,0,0,0
2051-01-17,9.292,0,0,0,0,0,0,0,0,0
2051-01-18,9.292,0,0,0,0,0,0,0,0,0
2051-01-19,9.292,0,0,0,0,0,0,0,0,0
2051-01-20,9.292,0,0,0,0,0,0,0,0,0
2051-01-21,9.292,0,0,0,0,0,0,0,0,0
2051-01-22,9.292,0,0,0,0,0,0,0,0,0
2051-01-23,9.292,0,0,0,0,0,0,0,0,0
2051-01-24,9.292,0,0,0,0,0,0,0,0,0
2051-01-25,9.292,0,0,0,0,0,0,0,0,0
2051-01-26,9.292,0,0,0,0,0,0,0,0,0
2051-01-27,9.292,0,0,0,0,0,0,0,0,0
2051-01-28,9.292,0,0,0,0,0,0,0,0,0
2051-01-29,9.292,0,0,0,0,0,0,0,0,0
2051-01-30,9.292,0,0,0,0,0,0,0,0,0
2051-01-31,9.292,0,0,0,0,0,0,0,0,0
2051-02-01,5.627,0,0,0,0,0,0,0,0,0
2051-02-02,5.627,0,0,0,0,0,0,0,0,0
2051-02-03,5.627,0,0,0,0,0,0,0,0,0
2051-02-04,5.627,0,0,0,0,0,0,0,0,0
2051-02-05,5.627,0,0,0,0,0,0,0,0,0
2051-02-06,5.627,0,0,0,0,0,0,0,0,0
2051-02-07,5.627,0,0,0,0,0,0,0,0,0
2051-02-08,5.627,0,0,0,0,0,0,0,0,0
2051-02-09,5.627,0,0,0,0,0,0,0,0,0
2051-02-10,5.627,0,0,0,0,0,0,0,0,0
2051-02-11,5.627,0,0,0,0,0,0,0,0,0
2051-02-12,5.627,0,0,0,0,0,0,0,0,0
2051-02-13,5.627,0,0,0,0,0,0,0,0,0
2051-02-14,5.627,0,0,0,0,0,0,0,0,0
2051-02-15,5.627,0,0,0,0,0,0,0,0,0
2051-02-16,5.627,0,0,0,0,0,0,0,0,0
2051-02-17,5.627,0,0,0,0,0,0,0,0,0
2051-02-18,5.627,0,0,0,0,0,0,0,0,0
2051-02-19,5.627,0,0,0,0,0,0,0,0,0
2051-02-20,5.627,0,0,0,0,0,0,0,0,0
2051-02-21,5.627,0,0,0,0,0,0,0,0,0
2051-02-22,5.627,0,0,0,0,0,0,0,0,0
2051-02-23,5.627,0,0,0,0,0,0,0,0,0
2051-02-24,5.627,0,0,0,0,0,0,0,0,0
2051-02-25,5.627,0,0,0,0,0,0,0,0,0
2051-02-26,5.627,0,0,0,0,0,0,0,0,0
2051-02-27,5.627,0,0,0,0,0,0,0,0,0
2051-02-28,5.627,0,0,0,0,0,0,0,0,0
2051-03-01,9.947,0,0,0,0,0,0,0,0,0
2051-03-02,9.947,0,0,0,0,0,0,0,0,0
2051-03-03,9.947,0,0,0,0,0,0,0,0,0
2051-03-04,9.947,0,0,0,0,0,0,0,0,0
2051-03-05,9.947,0,0,0,0,0,0,0,0,0
2051-03-06,9.947,0,0,0,0,0,0,0,0,0
2051-03-07,9.947,0,0,0,0,0,0,0,0,0
2051-03-08,9.947,0,0,0,0,0,0,0,0,0
2051-03-09,9.947,0,0,0,0,0,0,0,0,0
2051-03-10,9.947,0,0,0,0,0,0,0,0,0
2051-03-11,9.947,0,0,0,0,0,0,0,0,0
2051-03-12,9.947,0,0,0,0,0,0,0,0,0
2051-03-13,9.947,0,0,0,0,0,0,0,0,0
2051-03-14,9.947,0,0,0,0,0,0,0,0,0
2051-03-15,9.947,0,0,0,0,0,0,0,0,0
2051-03-16,9.947,0,0,0,0,0,0,0,0,0
2051-03-17,9.947,0,0,0,0,0,0,0,0,0
2051-03-18,9.947,0,0,0,0,0,0,0,0,0
2051-03-19,9.947,0,0,0,0,0,0,0,0,0
2051-03-20,9.947,0,0,0,0,0,0,0,0,0
2051-03-21,9.947,0,0,0,0,0,0,0,0,0
2051-03-22,9.947,0,0,0,0,0,0,0,0,0
2051-03-23,9.947,0,0,0,0,0,0,0,0,0
2051-03-24,9.947,0,0,0,0,0,0,0,0,0
2051-03-25,9.947,0,0,0,0,0,0,0,0,0
2051-03-26,9.947,0,0,0,0,0,0,0,0,0
2051-03-27,9.947,0,0,0,0,0,0,0,0,0
2051-03-28,9.947,0,0,0,0,0,0,0,0,0
2051-03-29,9.947,0,0,0,0,0,0,0,0,0
2051-03-30,9.947,0,0,0,0,0,0,0,0,0
2051-03-31,9.947,0,0,0,0,0,0,0,0,0
2051-04-01,4.226,0,0,0,0,0,0,0,0,0
2051-04-02,4.226,0,0,0,0,0,0,0,0,0
2051-04-03,4.226,0,0,0,0,0,0,0,0,0
2051-04-04,4.226,0,0,0,0,0,0,0,0,0
2051-04-05,4.226,0,0,0,0,0,0,0,0,0
2051-04-06,4.226,0,0,0,0,0,0,0,0,0
2051-04-07,4.226,0,0,0,0,0,0,0,0,0
2051-04-08,4.226,0,0,0,0,0,0,0,0,0
2051-04-09,4.226,0,0,0,0,0,0,0,0,0
2051-04-10,4.226,0,0,0,0,0,0,0,0,0
2051-04-11,4.226,0,0,0,0,0,0,0,0,0
2051-04-12,4.226,0,0,0,0,0,0,0,0,0
2051-04-13,4.226,0,0,0,0,0,0,0,0,0
2051-04-14,4.226,0,0,0,0,0,0,0,0,0
2051-04-15,4.226,0,0,0,0,0,0,0,0,0
2051-04-16,4.226,0,0,0,0,0,0,0,0,0
2051-04-17,4.226,0,0,0,0,0,0,0,0,0
2051-04-18,4.226,0,0,0,0,0,0,0,0,0
2051-04-19,4.226,0,0,0,0,0,0,0,0,0
2051-04-20,4.226,0,0,0,0,0,0,0,0,0
2051-04-21,4.226,0,0,0,0,0,0,0,0,0
2051-04-22,4.226,0,0,0,0,0,0,0,0,0
2051-04-23,4.226,0,0,0,0,0,0,0,0,0
2051-04-24,4.226,0,0,0,0,0,0,0,0,0
2051-04-25,4.226,0,0,0,0,0,0,0,0,0
2051-04-26,4.226,0,0,0,0,0,0,0,0,0
2051-04-27,4.226,0,0,0,0,0,0,0,0,0
2051-04-28,4.226,0,0,0,0,0,0,0,0,0
2051-04-29,4.226,0,0,0,0,0,0,0,0,0
2051-04-30,4.226,0,0,0,0,0,0,0,0,0
2051-05-01,8.973,0,0,0,0,0,0,0,0,0
2051-05-02,8.973,0,0,0,0,0,0,0,0,0
2051-05-03,8.973,0,0,0,0,0,0,0,0,0
2051-05-04,8.973,0,0,0,0,0,0,0,0,0
2051-05-05,8.973,0,0,0,0,0,0,0,0,0
2051-05-06,8.973,0,0,0,0,0,0,0,0,0
2051-05-07,8.973,0,0,0,0,0,0,0,0,0
2051-05-08,8.973,0,0,0,0,0,0,0,0,0
2051-05-09,8.973,0,0,0,0,0,0,0,0,0
2051-05-10,8.973,0,0,0,0,0,0,0,0,0
2051-05-11,8.973,0,0,0,0,0,0,0,0,0
2051-05-12,8.973,0,0,0,0,0,0,0,0,0
2051-05-13,8.973,0,0,0,0,0,0,0,0,0
2051-05-14,8.973,0,0,0,0,0,0,0,0,0
2051-05-15,8.973,0,0,0,0,0,0,0,0,0
2051-05-16,8.973,0,0,0,0,0,0,0,0,0
2051-05-17,8.973,0,0,0,0,0,0,0,0,0
2051-05-18,8.973,0,0,0,0,0,0,0,0,0
2051-05-19,8.973,0,0,0,0,0,0,0,0,0
2051-05-20,8.973,0,0,0,0,0,0,0,0,0
2051-05-21,8.973,0,0,0,0,0,0,0,0,0
2051-05-22,8.973,0,0,0,0,0,0,0,0,0
2051-05-23,8.973,0,0,0,0,0,0,0,0,0
2051-05-24,8.973,0,0,0,0,0,0,0,0,0
2051-05-25,8.973,0,0,0,0,0,0,0,0,0
2051-05-26,8.973,0,0,0,0,0,0,0,0,0
2051-05-27,8.973,0,0,0,0,0,0,0,0,0
2051-05-28,8.973,0,0,0,0,0,0,0,0,0
2051-05-29,8.973,0,0,0,0,0,0,0,0,0
2051-05-30,8.973,0,0,0,0,0,0,0,0,0
2051-05-31,8.973,0,0,0,0,0,0,0,0,0
2051-06-01,17.951,0,0,0,0,0,0,0,0,0
2051-06-02,17.951,0,0,0,0,0,0,0,0,0
2051-06-03,17.951,0,0,0,0,0,0,0,0,0
2051-06-04,17.951,0,0,0,0,0,0,0,0,0
2051-06-05,17.951,0,0,0,0,0,0,0,0,0
2051-06-06,17.951,0,0,0,0,0,0,0,0,0
2051-06-07,17.951,0,0,0,0,0,0,0,0,0
2051-06-08,17.951,0,0,0,0,0,0,0,0,0
2051-06-09,17.951,0,0,0,0,0,0,0,0,0
2051-06-10,17.951,0,0,0,0,0,0,0,0,0
2051-06-11,17.951,0,0,0,0,0,0,0,0,0
2051-06-12,17.951,0,0,0,0,0,0,0,0,0
2051-06-13,17.951,0,0,0,0,0,0,0,0,0
2051-06-14,17.951,0,0,0,0,0,0,0,0,0
2051-06-15,17.951,0,0,0,0,0,0,0,0,0
2051-06-16,17.951,0,0,0,0,0,0,0,0,0
2051-06-17,17.951,0,0,0,0,0,0,0,0,0
2051-06-18,17.951,0,0,0,0,0,0,0,0,0
2051-06-19,17.951,0,0,0,0,0,0,0,0,0
2051-06-20,17.951,0,0,0,0,0,0,0,0,0
2051-06-21,17.951,0,0,0,0,0,0,0,0,0
2051-06-22,17.951,0,0,0,0,0,0,0,0,0
2051-06-23,17.951,0,0,0,0,0,0,0,0,0
2051-06-24,17.951,0,0,0,0,0,0,0,0,0
2051-06-25,17.951,0,0,0,0,0,0,0,0,0
2051-06-26,17.951,0,0,0,0,0,0,0,0,0
2051-06-27,17.951,0,0,0,0,0,0,0,0,0
2051-06-28,17.951,0,0,0,0,0,0,0,0,0
2051-06-29,17.951,0,0,0,0,0,0,0,0,0
2051-06-30,17.951,0,0,0,0,0,0,0,0,0
2051-07-01,16.268,0,0,0,0,0,0,0,0,0
2051-07-02,16.268,0,0,0,0,0,0,0,0,0
2051-07-03,16.268,0,0,0,0,0,0,0,0,0
2051-07-04,16.268,0,0,0,0,0,0,0,0,0
2051-07-05,16.268,0,0,0,0,0,0,0,0,0
2051-07-06,16.268,0,0,0,0,0,0,0,0,0
2051-07-07,16.268,0,0,0,0,0,0,0,0,0
2051-07-08,16.268,0,0,0,0,0,0,0,0,0
2051-07-09,16.268,0,0,0,0,0,0,0,0,0
2051-07-10,16.268,0,0,0,0,0,0,0,0,0
2051-07-11,16.268,0,0,0,0,0,0,0,0,0
2051-07-12,16.268,0,0,0,0,0,0,0,0,0
2051-07-13,16.268,0,0,0,0,0,0,0,0,0
2051-07-14,16.268,0,0,0,0,0,0,0,0,0
2051-07-15,16.268,0,0,0,0,0,0,0,0,0
2051-07-16,16.268,0,0,0,0,0,0,0,0,0
2051-07-17,16.268,0,0,0,0,0,0,0,0,0
2051-07-18,16.268,0,0,0,0,0,0,0,0,0
2051-07-19,16.268,0,0,0,0,0,0,0,0,0
2051-07-20,16.268,0,0,0,0,0,0,0,0,0
2051-07-21,16.268,0,0,0,0,0,0,0,0,0
2051-07-22,16.268,0,0,0,0,0,0,0,0,0
2051-07-23,16.268,0,0,0,0,0,0,0,0,0
2051-07-24,16.268,0,0,0,0,0,0,0,0,0
2051-07-25,16.268,0,0,0,0,0,0,0,0,0
2051-07-26,16.268,0,0,0,0,0,0,0,0,0
2051-07-27,16.268,0,0,0,0,0,0,0,0,0
2051-07-28,16.268,0,0,0,0,0,0,0,0,0
2051-07-29,16.268,0,0,0,0,0,0,0,0,0
2051-07-30,16.268,0,0,0,0,0,0,0,0,0
2051-07-31,16.268,0,0,0,0,0,0,0,0,0
2051-08-01,8.273,0,0,0,0,0,0,0,0,0
2051-08-02,8.273,0,0,0,0,0,0,0,0,0
2051-08-03,8.273,0,0,0,0,0,0,0,0,0
2051-08-04,8.273,0,0,0,0,0,0,0,0,0
2051-08-05,8.273,0,0,0,0,0,0,0,0,0
2051-08-06,8.273,0,0,0,0,0,0,0,0,0
2051-08-07,8.273,0,0,0,0,0,0,0,0,0
2051-08-08,8.273,0,0,0,0,0,0,0,0,0
2051-08-09,8.273,0,0,0,0,0,0,0,0,0
2051-08-10,8.273,0,0,0,0,0,0,0,0,0
2051-08-11,8.273,0,0,0,0,0,0,0,0,0
2051-08-12,8.273,0,0,0,0,0,0,0,0,0
2051-08-13,8.273,0,0,0,0,0,0,0,0,0
2051-08-14,8.273,0,0,0,0,0,0,0,0,0
2051-08-15,8.273,0,0,0,0,0,0,0,0,0
2051-08-16,8.273,0,0,0,0,0,0,0,0,0
2051-08-17,8.273,0,0,0,0,0,0,0,0,0
2051-08-18,8.273,0,0,0,0,0,0,0,0,0
2051-08-19,8.273,0,0,0,0,0,0,0,0,0
2051-08-20,8.273,0,0,0,0,0,0,0,0,0
2051-08-21,8.273,0,0,0,0,0,0,0,0,0
2051-08-22,8.273,0,0,0,0,0,0,0,0,0
2051-08-23,8.273,0,0,0,0,0,0,0,0,0
2051-08-24,8.273,0,0,0,0,0,0,0,0,0
2051-08-25,8.273,0,0,0,0,0,0,0,0,0
2051-08-26,8.273,0,0,0,0,0,0,0,0,0
2051-08-27,8.273,0,0,0,0,0,0,0,0,0
2051-08-28,8.273,0,0,0,0,0,0,0,0,0
2051-08-29,8.273,0,0,0,0,0,0,0,0,0
2051-08-30,8.273,0,0,0,0,0,0,0,0,0
2051-08-31,8.273,0,0,0,0,0,0,0,0,0
2051-09-01,9.838,0,0,0,0,0,0,0,0,0
2051-09-02,9.838,0,0,0,0,0,0,0,0,0
2051-09-03,9.838,0,0,0,0,0,0,0,0,0
2051-09-04,9.838,0,0,0,0,0,0,0,0,0
2051-09-05,9.838,0,0,0,0,0,0,0,0,0
2051-09-06,9.838,0,0,0,0,0,0,0,0,0
2051-09-07,9.838,0,0,0,0,0,0,0,0,0
2051-09-08,9.838,0,0,0,0,0,0,0,0,0
2051-09-09,9.838,0,0,0,0,0,0,0,0,0
2051-09-10,9.838,0,0,0,0,0,0,0,0,0
2051-09-11,9.838,0,0,0,0,0,0,0,0,0
2051-09-12,9.838,0,0,0,0,0,0,0,0,0
2051-09-13,9.838,0,0,0,0,0,0,0,0,0
2051-09-14,9.838,0,0,0,0,0,0,0,0,0
2051-09-15,9.838,0,0,0,0,0,0,0,0,0
2051-09-16,9.838,0,0,0,0,0,0,0,0,0
2051-09-17,9.838,0,0,0,0,0,0,0,0,0
2051-09-18,9.838,0,0,0,0,0,0,0,0,0
2051-09-19,9.838,0,0,0,0,0,0,0,0,0
2051-09-20,9.838,0,0,0,0,0,0,0,0,0
2051-09-21,9.838,0,0,0,0,0,0,0,0,0
2051-09-22,9.838,0,0,0,0,0,0,0,0,0
2051-09-23,9.838,0,0,0,0,0,0,0,0,0
2051-09-24,9.838,0,0,0,0,0,0,0,0,0
2051-09-25,9.838,0,0,0,0,0,0,0,0,0
2051-09-26,9.838,0,0,0,0,0,0,0,0,0
2051-09-27,9.838,0,0,0,0,0,0,0,0,0
2051-09-28,9.838,0,0,0,0,0,0,0,0,0
2051-09-29,9.838,0,0,0,0,0,0,0,0,0
2051-09-30,9.838,0,0,0,0,0,0,0,0,0
2051-10-01,3.806,0,0,0,0,0,0,0,0,0
2051-10-02,3.806,0,0,0,0,0,0,0,0,0
2051-10-03,3.806,0,0,0,0,0,0,0,0,0
2051-10-04,3.806,0,0,0,0,0,0,0,0,0
2051-10-05,3.806,0,0,0,0,0,0,0,0,0
2051-10-06,3.806,0,0,0,0,0,0,0,0,0
2051-10-07,3.806,0,0,0,0,0,0,0,0,0
2051-10-08,3.806,0,0,0,0,0,0,0,0,0
2051-10-09,3.806,0,0,0,0,0,0,0,0,0
2051-10-10,3.806,0,0,0,0,0,0,0,0,0
2051-10-11,3.806,0,0,0,0,0,0,0,0,0
2051-10-12,3.806,0,0,0,0,0,0,0,0,0
2051-10-13,3.806,0,0,0,0,0,0,0,0,0
2051-10-14,3.806,0,0,0,0,0,0,0,0,0
2051-10-15,3.806,0,0,0,0,0,0,0,0,0
2051-10-16,3.806,0,0,0,0,0,0,0,0,0
2051-10-17,3.806,0,0,0,0,0,0,0,0,0
2051-10-18,3.806,0,0,0,0,0,0,0,0,0
2051-10-19,3.806,0,0,0,0,0,0,0,0,0
2051-10-20,3.806,0,0,0,0,0,0,0,0,0
2051-10-21,3.806,0,0,0,0,0,0,0,0,0
2051-10-22,3.806,0,0,0,0,0,0,0,0,0
2051-10-23,3.806,0,0,0,0,0,0,0,0,0
2051-10-24,3.806,0,0,0,0,0,0,0,0,0
2051-10-25,3.806,0,0,0,0,0,0,0,0,0
2051-10-26,3.806,0,0,0,0,0,0,0,0,0
2051-10-27,3.806,0,0,0,0,0,0,0,0,0
2051-10-28,3.806,0,0,0,0,0,0,0,0,0
2051-10-29,3.806,0,0,0,0,0,0,0,0,0
2051-10-30,3.806,0,0,0,0,0,0,0,0,0
2051-10-31,3.806,0,0,0,0,0,0,0,0,0
2051-11-01,6.803,0,0,0,0,0,0,0,0,0
2051-11-02,6.803,0,0,0,0,0,0,0,0,0
2051-11-03,6.803,0,0,0,0,0,0,0,0,0
2051-11-04,6.803,0,0,0,0,0,0,0,0,0
2051-11-05,6.803,0,0,0,0,0,0,0,0,0
2051-11-06,6.803,0,0,0,0,0,0,0,0,0
2051-11-07,6.803,0,0,0,0,0,0,0,0,0
2051-11-08,6.803,0,0,0,0,0,0,0,0,0
2051-11-09,6.803,0,0,0,0,0,0,0,0,0
2051-11-10,6.803,0,0,0,0,0,0,0,0,0
2051-11-11,6.803,0,0,0,0,0,0,0,0,0
2051-11-12,6.803,0,0,0,0,0,0,0,0,0
2051-11-13,6.803,0,0,0,0,0,0,0,0,0
2051-11-14,6.803,0,0,0,0,0,0,0,0,0
2051-11-15,6.803,0,0,0,0,0,0,0,0,0
2051-11-16,6.803,0,0,0,0,0,0,0,0,0
2051-11-17,6.803,0,0,0,0,0,0,0,0,0
2051-11-18,6.803,0,0,0,0,0,0,0,0,0
2051-11-19,6.803,0,0,0,0,0,0,0,0,0
2051-11-20,6.803,0,0,0,0,0,0,0,0,0
2051-11-21,6.803,0,0,0,0,0,0,0,0,0
2051-11-22,6.803,0,0,0,0,0,0,0,0,0
2051-11-23,6.803,0,0,0,0,0,0,0,0,0
2051-11-24,6.803,0,0,0,0,0,0,0,0,0
2051-11-25,6.803,0,0,0,0,0,0,0,0,0
2051-11-26,6.803,0,0,0,0,0,0,0,0,0
2051-11-27,6.803,0,0,0,0,0,0,0,0,0
2051-11-28,6.803,0,0,0,0,0,0,0,0,0
2051-11-29,6.803,0,0,0,0,0,0,0,0,0
2051-11-30,6.803,0,0,0,0,0,0,0,0,0
2051-12-01,6.249,0,0,0,0,0,0,0,0,0
2051-12-02,6.249,0,0,0,0,0,0,0,0,0
2051-12-03,6.249,0,0,0,0,0,0,0,0,0
2051-12-04,6.249,0,0,0,0,0,0,0,0,0
2051-12-05,6.249,0,0,0,0,0,0,0,0,0
2051-12-06,6.249,0,0,0,0,0,0,0,0,0
2051-12-07,6.249,0,0,0,0,0,0,0,0,0
2051-12-08,6.249,0,0,0,0,0,0,0,0,0
2051-12-09,6.249,0,0,0,0,0,0,0,0,0
2051-12-10,6.249,0,0,0,0,0,0,0,0,0
2051-12-11,6.249,0,0,0,0,0,0,0,0,0
2051-12-12,6.249,0,0,0,0,0,0,0,0,0
2051-12-13,6.249,0,0,0,0,0,0,0,0,0
2051-12-14,6.249,0,0,0,0,0,0,0,0,0
2051-12-15,6.249,0,0,0,0,0,0,0,0,0
2051-12-16,6.249,0,0,0,0,0,0,0,0,0
2051-12-17,6.249,0,0,0,0,0,0,0,0,0
2051-12-18,6.249,0,0,0,0,0,0,0,0,0
2051-12-19,6.249,0,0,0,0,0,0,0,0,0
2051-12-20,6.249,0,0,0,0,0,0,0,0,0
2051-12-21,6.249,0,0,0,0,0,0,0,0,0
2051-12-22,6.249,0,0,0,0,0,0,0,0,0
2051-12-23,6.249,0,0,0,0,0,0,0,0,0
2051-12-24,6.249,0,0,0,0,0,0,0,0,0
2051-12-25,6.249,0,0,0,0,0,0,0,0,0
2051-12-26,6.249,0,0,0,0,0,0,0,0,0
2051-12-27,6.249,0,0,0,0,0,0,0,0,0
2051-12-28,6.249,0,0,0,0,0,0,0,0,0
2051-12-29,6.249,0,0,0,0,0,0,0,0,0
2051-12-30,6.249,0,0,0,0,0,0,0,0,0
2051-12-31,6.249,0,0,0,0,0,0,0,0,0
2052-01-01,9.292,0,0,0,0,0,0,0,0,0
2052-01-02,9.292,0,0,0,0,0,0,0,0,0
2052-01-03,9.292,0,0,0,0,0,0,0,0,0
2052-01-04,9.292,0,0,0,0,0,0,0,0,0
2052-01-05,9.292,0,0,0,0,0,0,0,0,0
2052-01-06,9.292,0,0,0,0,0,0,0,0,0
2052-01-07,9.292,0,0,0,0,0,0,0,0,0
2052-01-08,9.292,0,0,0,0,0,0,0,0,0
2052-01-09,9.292,0,0,0,0,0,0,0,0,0
2052-01-10,9.292,0,0,0,0,0,0,0,0,0
2052-01-11,9.292,0,0,0,0,0,0,0,0,0
2052-01-12,9.292,0,0,0,0,0,0,0,0,0
2052-01-13,9.292,0,0,0,0,0,0,0,0,0
2052-01-14,9.292,0,0,0,0,0,0,0,0,0
2052-01-15,9.292,0,0,0,0,0,0,0,0,0
2052-01-16,9.292,0,0,0,0,0,0,0,0,0
2052-01-17,9.292,0,0,0,0,0,0,0,0,0
2052-01-18,9.292,0,0,0,0,0,0,0,0,0
2052-01-19,9.292,0,0,0,0,0,0,0,0,0
2052-01-20,9.292,0,0,0,0,0,0,0,0,0
2052-01-21,9.292,0,0,0,0,0,0,0,0,0
2052-01-22,9.292,0,0,0,0,0,0,0,0,0
2052-01-23,9.292,0,0,0,0,0,0,0,0,0
2052-01-24,9.292,0,0,0,0,0,0,0,0,0
2052-01-25,9.292,0,0,0,0,0,0,0,0,0
2052-01-26,9.292,0,0,0,0,0,0,0,0,0
2052-01-27,9.292,0,0,0,0,0,0,0,0,0
2052-01-28,9.292,0,0,0,0,0,0,0,0,0
2052-01-29,9.292,0,0,0,0,0,0,0,0,0
2052-01-30,9.292,0,0,0,0,0,0,0,0,0
2052-01-31,9.292,0,0,0,0,0,0,0,0,0
2052-02-01,5.627,0,0,0,0,0,0,0,0,0
2052-02-02,5.627,0,0,0,0,0,0,0,0,0
2052-02-03,5.627,0,0,0,0,0,0,0,0,0
2052-02-04,5.627,0,0,0,0,0,0,0,0,0
2052-02-05,5.627,0,0,0,0,0,0,0,0,0
2052-02-06,5.627,0,0,0,0,0,0,0,0,0
2052-02-07,5.627,0,0,0,0,0,0,0,0,0
2052-02-08,5.627,0,0,0,0,0,0,0,0,0
2052-02-09,5.627,0,0,0,0,0,0,0,0,0
2052-02-10,5.627,0,0,0,0,0,0,0,0,0
2052-02-11,5.627,0,0,0,0,0,0,0,0,0
2052-02-12,5.627,0,0,0,0,0,0,0,0,0
2052-02-13,5.627,0,0,0,0,0,0,0,0,0
2052-02-14,5.627,0,0,0,0,0,0,0,0,0
2052-02-15,5.627,0,0,0,0,0,0,0,0,0
2052-02-16,5.627,0,0,0,0,0,0,0,0,0
2052-02-17,5.627,0,0,0,0,0,0,0,0,0
2052-02-18,5.627,0,0,0,0,0,0,0,0,0
2052-02-19,5.627,0,0,0,0,0,0,0,0,0
2052-02-20,5.627,0,0,0,0,0,0,0,0,0
2052-02-21,5.627,0,0,0,0,0,0,0,0,0
2052-02-22,5.627,0,0,0,0,0,0,0,0,0
2052-02-23,5.627,0,0,0,0,0,0,0,0,0
2052-02-24,5.627,0,0,0,0,0,0,0,0,0
2052-02-25,5.627,0,0,0,0,0,0,0,0,0
2052-02-26,5.627,0,0,0,0,0,0,0,0,0
2052-02-27,5.627,0,0,0,0,0,0,0,0,0
2052-02-28,5.627,0,0,0,0,0,0,0,0,0
2052-03-01,9.947,0,0,0,0,0,0,0,0,0
2052-03-02,9.947,0,0,0,0,0,0,0,0,0
2052-03-03,9.947,0,0,0,0,0,0,0,0,0
2052-03-04,9.947,0,0,0,0,0,0,0,0,0
2052-03-05,9.947,0,0,0,0,0,0,0,0,0
2052-03-06,9.947,0,0,0,0,0,0,0,0,0
2052-03-07,9.947,0,0,0,0,0,0,0,0,0
2052-03-08,9.947,0,0,0,0,0,0,0,0,0
2052-03-09,9.947,0,0,0,0,0,0,0,0,0
2052-03-10,9.947,0,0,0,0,0,0,0,0,0
2052-03-11,9.947,0,0,0,0,0,0,0,0,0
2052-03-12,9.947,0,0,0,0,0,0,0,0,0
2052-03-13,9.947,0,0,0,0,0,0,0,0,0
2052-03-14,9.947,0,0,0,0,0,0,0,0,0
2052-03-15,9.947,0,0,0,0,0,0,0,0,0
2052-03-16,9.947,0,0,0,0,0,0,0,0,0
2052-03-17,9.947,0,0,0,0,0,0,0,0,0
2052-03-18,9.947,0,0,0,0,0,0,0,0,0
2052-03-19,9.947,0,0,0,0,0,0,0,0,0
2052-03-20,9.947,0,0,0,0,0,0,0,0,0
2052-03-21,9.947,0,0,0,0,0,0,0,0,0
2052-03-22,9.947,0,0,0,0,0,0,0,0,0
2052-03-23,9.947,0,0,0,0,0,0,0,0,0
2052-03-24,9.947,0,0,0,0,0,0,0,0,0
2052-03-25,9.947,0,0,0,0,0,0,0,0,0
2052-03-26,9.947,0,0,0,0,0,0,0,0,0
2052-03-27,9.947,0,0,0,0,0,0,0,0,0
2052-03-28,9.947,0,0,0,0,0,0,0,0,0
2052-03-29,9.947,0,0,0,0,0,0,0,0,0
2052-03-30,9.947,0,0,0,0,0,0,0,0,0
2052-03-31,9.947,0,0,0,0,0,0,0,0,0
2052-04-01,4.226,0,0,0,0,0,0,0,0,0
2052-04-02,4.226,0,0,0,0,0,0,0,0,0
2052-04-03,4.226,0,0,0,0,0,0,0,0,0
2052-04-04,4.226,0,0,0,0,0,0,0,0,0
2052-04-05,4.226,0,0,0,0,0,0,0,0,0
2052-04-06,4.226,0,0,0,0,0,0,0,0,0
2052-04-07,4.226,0,0,0,0,0,0,0,0,0
2052-04-08,4.226,0,0,0,0,0,0,0,0,0
2052-04-09,4.226,0,0,0,0,0,0,0,0,0
2052-04-10,4.226,0,0,0,0,0,0,0,0,0
2052-04-11,4.226,0,0,0,0,0,0,0,0,0
2052-04-12,4.226,0,0,0,0,0,0,0,0,0
2052-04-13,4.226,0,0,0,0,0,0,0,0,0
2052-04-14,4.226,0,0,0,0,0,0,0,0,0
2052-04-15,4.226,0,0,0,0,0,0,0,0,0
2052-04-16,4.226,0,0,0,0,0,0,0,0,0
2052-04-17,4.226,0,0,0,0,0,0,0,0,0
2052-04-18,4.226,0,0,0,0,0,0,0,0,0
2052-04-19,4.226,0,0,0,0,0,0,0,0,0
2052-04-20,4.226,0,0,0,0,0,0,0,0,0
2052-04-21,4.226,0,0,0,0,0,0,0,0,0
2052-04-22,4.226,0,0,0,0,0,0,0,0,0
2052-04-23,4.226,0,0,0,0,0,0,0,0,0
2052-04-24,4.226,0,0,0,0,0,0,0,0,0
2052-04-25,4.226,0,0,0,0,0,0,0,0,0
2052-04-26,4.226,0,0,0,0,0,0,0,0,0
2052-04-27,4.226,0,0,0,0,0,0,0,0,0
2052-04-28,4.226,0,0,0,0,0,0,0,0,0
2052-04-29,4.226,0,0,0,0,0,0,0,0,0
2052-04-30,4.226,0,0,0,0,0,0,0,0,0
2052-05-01,8.973,0,0,0,0,0,0,0,0,0
2052-05-02,8.973,0,0,0,0,0,0,0,0,0
2052-05-03,8.973,0,0,0,0,0,0,0,0,0
2052-05-04,8.973,0,0,0,0,0,0,0,0,0
2052-05-05,8.973,0,0,0,0,0,0,0,0,0
2052-05-06,8.973,0,0,0,0,0,0,0,0,0
2052-05-07,8.973,0,0,0,0,0,0,0,0,0
2052-05-08,8.973,0,0,0,0,0,0,0,0,0
2052-05-09,8.973,0,0,0,0,0,0,0,0,0
2052-05-10,8.973,0,0,0,0,0,0,0,0,0
2052-05-11,8.973,0,0,0,0,0,0,0,0,0
2052-05-12,8.973,0,0,0,0,0,0,0,0,0
2052-05-13,8.973,0,0,0,0,0,0,0,0,0
2052-05-14,8.973,0,0,0,0,0,0,0,0,0
2052-05-15,8.973,0,0,0,0,0,0,0,0,0
2052-05-16,8.973,0,0,0,0,0,0,0,0,0
2052-05-17,8.973,0,0,0,0,0,0,0,0,0
2052-05-18,8.973,0,0,0,0,0,0,0,0,0
2052-05-19,8.973,0,0,0,0,0,0,0,0,0
2052-05-20,8.973,0,0,0,0,0,0,0,0,0
2052-05-21,8.973,0,0,0,0,0,0,0,0,0
2052-05-22,8.973,0,0,0,0,0,0,0,0,0
2052-05-23,8.973,0,0,0,0,0,0,0,0,0
2052-05-24,8.973,0,0,0,0,0,0,0,0,0
2052-05-25,8.973,0,0,0,0,0,0,0,0,0
2052-05-26,8.973,0,0,0,0,0,0,0,0,0
2052-05-27,8.973,0,0,0,0,0,0,0,0,0
2052-05-28,8.973,0,0,0,0,0,0,0,0,0
2052-05-29,8.973,0,0,0,0,0,0,0,0,0
2052-05-30,8.973,0,0,0,0,0,0,0,0,0
2052-05-31,8.973,0,0,0,0,0,0,0,0,0
2052-06-01,17.951,0,0,0,0,0,0,0,0,0
2052-06-02,17.951,0,0,0,0,0,0,0,0,0
2052-06-03,17.951,0,0,0,0,0,0,0,0,0
2052-06-04,17.951,0,0,0,0,0,0,0,0,0
2052-06-05,17.951,0,0,0,0,0,0,0,0,0
2052-06-06,17.951,0,0,0,0,0,0,0,0,0
2052-06-07,17.951,0,0,0,0,0,0,0,0,0
2052-06-08,17.951,0,0,0,0,0,0,0,0,0
2052-06-09,17.951,0,0,0,0,0,0,0,0,0
2052-06-10,17.951,0,0,0,0,0,0,0,0,0
2052-06-11,17.951,0,0,0,0,0,0,0,0,0
2052-06-12,17.951,0,0,0,0,0,0,0,0,0
2052-06-13,17.951,0,0,0,0,0,0,0,0,0
2052-06-14,17.951,0,0,0,0,0,0,0,0,0
2052-06-15,17.951,0,0,0,0,0,0,0,0,0
2052-06-16,17.951,0,0,0,0,0,0,0,0,0
2052-06-17,17.951,0,0,0,0,0,0,0,0,0
2052-06-18,17.951,0,0,0,0,0,0,0,0,0
2052-06-19,17.951,0,0,0,0,0,0,0,0,0
2052-06-20,17.951,0,0,0,0,0,0,0,0,0
2052-06-21,17.951,0,0,0,0,0,0,0,0,0
2052-06-22,17.951,0,0,0,0,0,0,0,0,0
2052-06-23,17.951,0,0,0,0,0,0,0,0,0
2052-06-24,17.951,0,0,0,0,0,0,0,0,0
2052-06-25,17.951,0,0,0,0,0,0,0,0,0
2052-06-26,17.951,0,0,0,0,0,0,0,0,0
2052-06-27,17.951,0,0,0,0,0,0,0,0,0
2052-06-28,17.951,0,0,0,0,0,0,0,0,0
2052-06-29,17.951,0,0,0,0,0,0,0,0,0
2052-06-30,17.951,0,0,0,0,0,0,0,0,0
2052-07-01,16.268,0,0,0,0,0,0,0,0,0
2052-07-02,16.268,0,0,0,0,0,0,0,0,0
2052-07-03,16.268,0,0,0,0,0,0,0,0,0
2052-07-04,16.268,0,0,0,0,0,0,0,0,0
2052-07-05,16.268,0,0,0,0,0,0,0,0,0
2052-07-06,16.268,0,0,0,0,0,0,0,0,0
2052-07-07,16.268,0,0,0,0,0,0,0,0,0
2052-07-08,16.268,0,0,0,0,0,0,0,0,0
2052-07-09,16.268,0,0,0,0,0,0,0,0,0
2052-07-10,16.268,0,0,0,0,0,0,0,0,0
2052-07-11,16.268,0,0,0,0,0,0,0,0,0
2052-07-12,16.268,0,0,0,0,0,0,0,0,0
2052-07-13,16.268,0,0,0,0,0,0,0,0,0
2052-07-14,16.268,0,0,0,0,0,0,0,0,0
2052-07-15,16.268,0,0,0,0,0,0,0,0,0
2052-07-16,16.268,0,0,0,0,0,0,0,0,0
2052-07-17,16.268,0,0,0,0,0,0,0,0,0
2052-07-18,16.268,0,0,0,0,0,0,0,0,0
2052-07-19,16.268,0,0,0,0,0,0,0,0,0
2052-07-20,16.268,0,0,0,0,0,0,0,0,0
2052-07-21,16.268,0,0,0,0,0,0,0,0,0
2052-07-22,16.268,0,0,0,0,0,0,0,0,0
2052-07-23,16.268,0,0,0,0,0,0,0,0,0
2052-07-24,16.268,0,0,0,0,0,0,0,0,0
2052-07-25,16.268,0,0,0,0,0,0,0,0,0
2052-07-26,16.268,0,0,0,0,0,0,0,0,0
2052-07-27,16.268,0,0,0,0,0,0,0,0,0
2052-07-28,16.268,0,0,0,0,0,0,0,0,0
2052-07-29,16.268,0,0,0,0,0,0,0,0,0
2052-07-30,16.268,0,0,0,0,0,0,0,0,0
2052-07-31,16.268,0,0,0,0,0,0,0,0,0
2052-08-01,8.273,0,0,0,0,0,0,0,0,0
2052-08-02,8.273,0,0,0,0,0,0,0,0,0
2052-08-03,8.273,0,0,0,0,0,0,0,0,0
2052-08-04,8.273,0,0,0,0,0,0,0,0,0
2052-08-05,8.273,0,0,0,0,0,0,0,0,0
2052-08-06,8.273,0,0,0,0,0,0,0,0,0
2052-08-07,8.273,0,0,0,0,0,0,0,0,0
2052-08-08,8.273,0,0,0,0,0,0,0,0,0
2052-08-09,8.273,0,0,0,0,0,0,0,0,0
2052-08-10,8.273,0,0,0,0,0,0,0,0,0
2052-08-11,8.273,0,0,0,0,0,0,0,0,0
2052-08-12,8.273,0,0,0,0,0,0,0,0,0
2052-08-13,8.273,0,0,0,0,0,0,0,0,0
2052-08-14,8.273,0,0,0,0,0,0,0,0,0
2052-08-15,8.273,0,0,0,0,0,0,0,0,0
2052-08-16,8.273,0,0,0,0,0,0,0,0,0
2052-08-17,8.273,0,0,0,0,0,0,0,0,0
2052-08-18,8.273,0,0,0,0,0,0,0,0,0
2052-08-19,8.273,0,0,0,0,0,0,0,0,0
2052-08-20,8.273,0,0,0,0,0,0,0,0,0
2052-08-21,8.273,0,0,0,0,0,0,0,0,0
2052-08-22,8.273,0,0,0,0,0,0,0,0,0
2052-08-23,8.273,0,0,0,0,0,0,0,0,0
2052-08-24,8.273,0,0,0,0,0,0,0,0,0
2052-08-25,8.273,0,0,0,0,0,0,0,0,0
2052-08-26,8.273,0,0,0,0,0,0,0,0,0
2052-08-27,8.273,0,0,0,0,0,0,0,0,0
2052-08-28,8.273,0,0,0,0,0,0,0,0,0
2052-08-29,8.273,0,0,0,0,0,0,0,0,0
2052-08-30,8.273,0,0,0,0,0,0,0,0,0
2052-08-31,8.273,0,0,0,0,0,0,0,0,0
2052-09-01,9.838,0,0,0,0,0,0,0,0,0
2052-09-02,9.838,0,0,0,0,0,0,0,0,0
2052-09-03,9.838,0,0,0,0,0,0,0,0,0
2052-09-04,9.838,0,0,0,0,0,0,0,0,0
2052-09-05,9.838,0,0,0,0,0,0,0,0,0
2052-09-06,9.838,0,0,0,0,0,0,0,0,0
2052-09-07,9.838,0,0,0,0,0,0,0,0,0
2052-09-08,9.838,0,0,0,0,0,0,0,0,0
2052-09-09,9.838,0,0,0,0,0,0,0,0,0
2052-09-10,9.838,0,0,0,0,0,0,0,0,0
2052-09-11,9.838,0,0,0,0,0,0,0,0,0
2052-09-12,9.838,0,0,0,0,0,0,0,0,0
2052-09-13,9.838,0,0,0,0,0,0,0,0,0
2052-09-14,9.838,0,0,0,0,0,0,0,0,0
2052-09-15,9.838,0,0,0,0,0,0,0,0,0
2052-09-16,9.838,0,0,0,0,0,0,0,0,0
2052-09-17,9.838,0,0,0,0,0,0,0,0,0
2052-09-18,9.838,0,0,0,0,0,0,0,0,0
2052-09-19,9.838,0,0,0,0,0,0,0,0,0
2052-09-20,9.838,0,0,0,0,0,0,0,0,0
2052-09-21,9.838,0,0,0,0,0,0,0,0,0
2052-09-22,9.838,0,0,0,0,0,0,0,0,0
2052-09-23,9.838,0,0,0,0,0,0,0,0,0
2052-09-24,9.838,0,0,0,0,0,0,0,0,0
2052-09-25,9.838,0,0,0,0,0,0,0,0,0
2052-09-26,9.838,0,0,0,0,0,0,0,0,0
2052-09-27,9.838,0,0,0,0,0,0,0,0,0
2052-09-28,9.838,0,0,0,0,0,0,0,0,0
2052-09-29,9.838,0,0,0,0,0,0,0,0,0
2052-09-30,9.838,0,0,0,0,0,0,0,0,0
2052-10-01,3.806,0,0,0,0,0,0,0,0,0
2052-10-02,3.806,0,0,0,0,0,0,0,0,0
2052-10-03,3.806,0,0,0,0,0,0,0,0,0
2052-10-04,3.806,0,0,0,0,0,0,0,0,0
2052-10-05,3.806,0,0,0,0,0,0,0,0,0
2052-10-06,3.806,0,0,0,0,0,0,0,0,0
2052-10-07,3.806,0,0,0,0,0,0,0,0,0
2052-10-08,3.806,0,0,0,0,0,0,0,0,0
2052-10-09,3.806,0,0,0,0,0,0,0,0,0
2052-10-10,3.806,0,0,0,0,0,0,0,0,0
2052-10-11,3.806,0,0,0,0,0,0,0,0,0
2052-10-12,3.806,0,0,0,0,0,0,0,0,0
2052-10-13,3.806,0,0,0,0,0,0,0,0,0
2052-10-14,3.806,0,0,0,0,0,0,0,0,0
2052-10-15,3.806,0,0,0,0,0,0,0,0,0
2052-10-16,3.806,0,0,0,0,0,0,0,0,0
2052-10-17,3.806,0,0,0,0,0,0,0,0,0
2052-10-18,3.806,0,0,0,0,0,0,0,0,0
2052-10-19,3.806,0,0,0,0,0,0,0,0,0
2052-10-20,3.806,0,0,0,0,0,0,0,0,0
2052-10-21,3.806,0,0,0,0,0,0,0,0,0
2052-10-22,3.806,0,0,0,0,0,0,0,0,0
2052-10-23,3.806,0,0,0,0,0,0,0,0,0
2052-10-24,3.806,0,0,0,0,0,0,0,0,0
2052-10-25,3.806,0,0,0,0,0,0,0,0,0
2052-10-26,3.806,0,0,0,0,0,0,0,0,0
2052-10-27,3.806,0,0,0,0,0,0,0,0,0
2052-10-28,3.806,0,0,0,0,0,0,0,0,0
2052-10-29,3.806,0,0,0,0,0,0,0,0,0
2052-10-30,3.806,0,0,0,0,0,0,0,0,0
2052-10-31,3.806,0,0,0,0,0,0,0,0,0
2052-11-01,6.803,0,0,0,0,0,0,0,0,0
2052-11-02,6.803,0,0,0,0,0,0,0,0,0
2052-11-03,6.803,0,0,0,0,0,0,0,0,0
2052-11-04,6.803,0,0,0,0,0,0,0,0,0
2052-11-05,6.803,0,0,0,0,0,0,0,0,0
2052-11-06,6.803,0,0,0,0,0,0,0,0,0
2052-11-07,6.803,0,0,0,0,0,0,0,0,0
2052-11-08,6.803,0,0,0,0,0,0,0,0,0
2052-11-09,6.803,0,0,0,0,0,0,0,0,0
2052-11-10,6.803,0,0,0,0,0,0,0,0,0
2052-11-11,6.803,0,0,0,0,0,0,0,0,0
2052-11-12,6.803,0,0,0,0,0,0,0,0,0
2052-11-13,6.803,0,0,0,0,0,0,0,0,0
2052-11-14,6.803,0,0,0,0,0,0,0,0,0
2052-11-15,6.803,0,0,0,0,0,0,0,0,0
2052-11-16,6.803,0,0,0,0,0,0,0,0,0
2052-11-17,6.803,0,0,0,0,0,0,0,0,0
2052-11-18,6.803,0,0,0,0,0,0,0,0,0
2052-11-19,6.803,0,0,0,0,0,0,0,0,0
2052-11-20,6.803,0,0,0,0,0,0,0,0,0
2052-11-21,6.803,0,0,0,0,0,0,0,0,0
2052-11-22,6.803,0,0,0,0,0,0,0,0,0
2052-11-23,6.803,0,0,0,0,0,0,0,0,0
2052-11-24,6.803,0,0,0,0,0,0,0,0,0
2052-11-25,6.803,0,0,0,0,0,0,0,0,0
2052-11-26,6.803,0,0,0,0,0,0,0,0,0
2052-11-27,6.803,0,0,0,0,0,0,0,0,0
2052-11-28,6.803,0,0,0,0,0,0,0,0,0
2052-11-29,6.803,0,0,0,0,0,0,0,0,0
2052-11-30,6.803,0,0,0,0,0,0,0,0,0
2052-12-01,6.249,0,0,0,0,0,0,0,0,0
2052-12-02,6.249,0,0,0,0,0,0,0,0,0
2052-12-03,6.249,0,0,0,0,0,0,0,0,0
2052-12-04,6.249,0,0,0,0,0,0,0,0,0
2052-12-05,6.249,0,0,0,0,0,0,0,0,0
2052-12-06,6.249,0,0,0,0,0,0,0,0,0
2052-12-07,6.249,0,0,0,0,0,0,0,0,0
2052-12-08,6.249,0,0,0,0,0,0,0,0,0
2052-12-09,6.249,0,0,0,0,0,0,0,0,0
2052-12-10,6.249,0,0,0,0,0,0,0,0,0
2052-12-11,6.249,0,0,0,0,0,0,0,0,0
2052-12-12,6.249,0,0,0,0,0,0,0,0,0
2052-12-13,6.249,0,0,0,0,0,0,0,0,0
2052-12-14,6.249,0,0,0,0,0,0,0,0,0
2052-12-15,6.249,0,0,0,0,0,0,0,0,0
2052-12-16,6.249,0,0,0,0,0,0,0,0,0
2052-12-17,6.249,0,0,0,0,0,0,0,0,0
2052-12-18,6.249,0,0,0,0,0,0,0,0,0
2052-12-19,6.249,0,0,0,0,0,0,0,0,0
2052-12-20,6.249,0,0,0,0,0,0,0,0,0
2052-12-21,6.249,0,0,0,0,0,0,0,0,0
2052-12-22,6.249,0,0,0,0,0,0,0,0,0
2052-12-23,6.249,0,0,0,0,0,0,0,0,0
2052-12-24,6.249,0,0,0,0,0,0,0,0,0
2052-12-25,6.249,0,0,0,0,0,0,0,0,0
2052-12-26,6.249,0,0,0,0,0,0,0,0,0
2052-12-27,6.249,0,0,0,0,0,0,0,0,0
2052-12-28,6.249,0,0,0,0,0,0,0,0,0
2052-12-29,6.249,0,0,0,0,0,0,0,0,0
2052-12-30,6.249,0,0,0,0,0,0,0,0,0
2052-12-31,6.249,0,0,0,0,0,0,0,0,0
2053-01-01,9.292,0,0,0,0,0,0,0,0,0
2053-01-02,9.292,0,0,0,0,0,0,0,0,0
2053-01-03,9.292,0,0,0,0,0,0,0,0,0
2053-01-04,9.292,0,0,0,0,0,0,0,0,0
2053-01-05,9.292,0,0,0,0,0,0,0,0,0
2053-01-06,9.292,0,0,0,0,0,0,0,0,0
2053-01-07,9.292,0,0,0,0,0,0,0,0,0
2053-01-08,9.292,0,0,0,0,0,0,0,0,0
2053-01-09,9.292,0,0,0,0,0,0,0,0,0
2053-01-10,9.292,0,0,0,0,0,0,0,0,0
2053-01-11,9.292,0,0,0,0,0,0,0,0,0
2053-01-12,9.292,0,0,0,0,0,0,0,0,0
2053-01-13,9.292,0,0,0,0,0,0,0,0,0
2053-01-14,9.292,0,0,0,0,0,0,0,0,0
2053-01-15,9.292,0,0,0,0,0,0,0,0,0
2053-01-16,9.292,0,0,0,0,0,0,0,0,0
2053-01-17,9.292,0,0,0,0,0,0,0,0,0
2053-01-18,9.292,0,0,0,0,0,0,0,0,0
2053-01-19,9.292,0,0,0,0,0,0,0,0,0
2053-01-20,9.292,0,0,0,0,0,0,0,0,0
2053-01-21,9.292,0,0,0,0,0,0,0,0,0
2053-01-22,9.292,0,0,0,0,0,0,0,0,0
2053-01-23,9.292,0,0,0,0,0,0,0,0,0
2053-01-24,9.292,0,0,0,0,0,0,0,0,0
2053-01-25,9.292,0,0,0,0,0,0,0,0,0
2053-01-26,9.292,0,0,0,0,0,0,0,0,0
2053-01-27,9.292,0,0,0,0,0,0,0,0,0
2053-01-28,9.292,0,0,0,0,0,0,0,0,0
2053-01-29,9.292,0,0,0,0,0,0,0,0,0
2053-01-30,9.292,0,0,0,0,0,0,0,0,0
2053-01-31,9.292,0,0,0,0,0,0,0,0,0
2053-02-01,5.627,0,0,0,0,0,0,0,0,0
2053-02-02,5.627,0,0,0,0,0,0,0,0,0
2053-02-03,5.627,0,0,0,0,0,0,0,0,0
2053-02-04,5.627,0,0,0,0,0,0,0,0,0
2053-02-05,5.627,0,0,0,0,0,0,0,0,0
2053-02-06,5.627,0,0,0,0,0,0,0,0,0
2053-02-07,5.627,0,0,0,0,0,0,0,0,0
2053-02-08,5.627,0,0,0,0,0,0,0,0,0
2053-02-09,5.627,0,0,0,0,0,0,0,0,0
2053-02-10,5.627,0,0,0,0,0,0,0,0,0
2053-02-11,5.627,0,0,0,0,0,0,0,0,0
2053-02-12,5.627,0,0,0,0,0,0,0,0,0
2053-02-13,5.627,0,0,0,0,0,0,0,0,0
2053-02-14,5.627,0,0,0,0,0,0,0,0,0
2053-02-15,5.627,0,0,0,0,0,0,0,0,0
2053-02-16,5.627,0,0,0,0,0,0,0,0,0
2053-02-17,5.627,0,0,0,0,0,0,0,0,0
2053-02-18,5.627,0,0,0,0,0,0,0,0,0
2053-02-19,5.627,0,0,0,0,0,0,0,0,0
2053-02-20,5.627,0,0,0,0,0,0,0,0,0
2053-02-21,5.627,0,0,0,0,0,0,0,0,0
2053-02-22,5.627,0,0,0,0,0,0,0,0,0
2053-02-23,5.627,0,0,0,0,0,0,0,0,0
2053-02-24,5.627,0,0,0,0,0,0,0,0,0
2053-02-25,5.627,0,0,0,0,0,0,0,0,0
2053-02-26,5.627,0,0,0,0,0,0,0,0,0
2053-02-27,5.627,0,0,0,0,0,0,0,0,0
2053-02-28,5.627,0,0,0,0,0,0,0,0,0
2053-03-01,9.947,0,0,0,0,0,0,0,0,0
2053-03-02,9.947,0,0,0,0,0,0,0,0,0
2053-03-03,9.947,0,0,0,0,0,0,0,0,0
2053-03-04,9.947,0,0,0,0,0,0,0,0,0
2053-03-05,9.947,0,0,0,0,0,0,0,0,0
2053-03-06,9.947,0,0,0,0,0,0,0,0,0
2053-03-07,9.947,0,0,0,0,0,0,0,0,0
2053-03-08,9.947,0,0,0,0,0,0,0,0,0
2053-03-09,9.947,0,0,0,0,0,0,0,0,0
2053-03-10,9.947,0,0,0,0,0,0,0,0,0
2053-03-11,9.947,0,0,0,0,0,0,0,0,0
2053-03-12,9.947,0,0,0,0,0,0,0,0,0
2053-03-13,9.947,0,0,0,0,0,0,0,0,0
2053-03-14,9.947,0,0,0,0,0,0,0,0,0
2053-03-15,9.947,0,0,0,0,0,0,0,0,0
2053-03-16,9.947,0,0,0,0,0,0,0,0,0
2053-03-17,9.947,0,0,0,0,0,0,0,0,0
2053-03-18,9.947,0,0,0,0,0,0,0,0,0
2053-03-19,9.947,0,0,0,0,0,0,0,0,0
2053-03-20,9.947,0,0,0,0,0,0,0,0,0
2053-03-21,9.947,0,0,0,0,0,0,0,0,0
2053-03-22,9.947,0,0,0,0,0,0,0,0,0
2053-03-23,9.947,0,0,0,0,0,0,0,0,0
2053-03-24,9.947,0,0,0,0,0,0,0,0,0
2053-03-25,9.947,0,0,0,0,0,0,0,0,0
2053-03-26,9.947,0,0,0,0,0,0,0,0,0
2053-03-27,9.947,0,0,0,0,0,0,0,0,0
2053-03-28,9.947,0,0,0,0,0,0,0,0,0
2053-03-29,9.947,0,0,0,0,0,0,0,0,0
2053-03-30,9.947,0,0,0,0,0,0,0,0,0
2053-03-31,9.947,0,0,0,0,0,0,0,0,0
2053-04-01,4.226,0,0,0,0,0,0,0,0,0
2053-04-02,4.226,0,0,0,0,0,0,0,0,0
2053-04-03,4.226,0,0,0,0,0,0,0,0,0
2053-04-04,4.226,0,0,0,0,0,0,0,0,0
2053-04-05,4.226,0,0,0,0,0,0,0,0,0
2053-04-06,4.226,0,0,0,0,0,0,0,0,0
2053-04-07,4.226,0,0,0,0,0,0,0,0,0
2053-04-08,4.226,0,0,0,0,0,0,0,0,0
2053-04-09,4.226,0,0,0,0,0,0,0,0,0
2053-04-10,4.226,0,0,0,0,0,0,0,0,0
2053-04-11,4.226,0,0,0,0,0,0,0,0,0
2053-04-12,4.226,0,0,0,0,0,0,0,0,0
2053-04-13,4.226,0,0,0,0,0,0,0,0,0
2053-04-14,4.226,0,0,0,0,0,0,0,0,0
2053-04-15,4.226,0,0,0,0,0,0,0,0,0
2053-04-16,4.226,0,0,0,0,0,0,0,0,0
2053-04-17,4.226,0,0,0,0,0,0,0,0,0
2053-04-18,4.226,0,0,0,0,0,0,0,0,0
2053-04-19,4.226,0,0,0,0,0,0,0,0,0
2053-04-20,4.226,0,0,0,0,0,0,0,0,0
2053-04-21,4.226,0,0,0,0,0,0,0,0,0
2053-04-22,4.226,0,0,0,0,0,0,0,0,0
2053-04-23,4.226,0,0,0,0,0,0,0,0,0
2053-04-24,4.226,0,0,0,0,0,0,0,0,0
2053-04-25,4.226,0,0,0,0,0,0,0,0,0
2053-04-26,4.226,0,0,0,0,0,0,0,0,0
2053-04-27,4.226,0,0,0,0,0,0,0,0,0
2053-04-28,4.226,0,0,0,0,0,0,0,0,0
2053-04-29,4.226,0,0,0,0,0,0,0,0,0
2053-04-30,4.226,0,0,0,0,0,0,0,0,0
2053-05-01,8.973,0,0,0,0,0,0,0,0,0
2053-05-02,8.973,0,0,0,0,0,0,0,0,0
2053-05-03,8.973,0,0,0,0,0,0,0,0,0
2053-05-04,8.973,0,0,0,0,0,0,0,0,0
2053-05-05,8.973,0,0,0,0,0,0,0,0,0
2053-05-06,8.973,0,0,0,0,0,0,0,0,0
2053-05-07,8.973,0,0,0,0,0,0,0,0,0
2053-05-08,8.973,0,0,0,0,0,0,0,0,0
2053-05-09,8.973,0,0,0,0,0,0,0,0,0
2053-05-10,8.973,0,0,0,0,0,0,0,0,0
2053-05-11,8.973,0,0,0,0,0,0,0,0,0
2053-05-12,8.973,0,0,0,0,0,0,0,0,0
2053-05-13,8.973,0,0,0,0,0,0,0,0,0
2053-05-14,8.973,0,0,0,0,0,0,0,0,0
2053-05-15,8.973,0,0,0,0,0,0,0,0,0
2053-05-16,8.973,0,0,0,0,0,0,0,0,0
2053-05-17,8.973,0,0,0,0,0,0,0,0,0
2053-05-18,8.973,0,0,0,0,0,0,0,0,0
2053-05-19,8.973,0,0,0,0,0,0,0,0,0
2053-05-20,8.973,0,0,0,0,0,0,0,0,0
2053-05-21,8.973,0,0,0,0,0,0,0,0,0
2053-05-22,8.973,0,0,0,0,0,0,0,0,0
2053-05-23,8.973,0,0,0,0,0,0,0,0,0
2053-05-24,8.973,0,0,0,0,0,0,0,0,0
2053-05-25,8.973,0,0,0,0,0,0,0,0,0
2053-05-26,8.973,0,0,0,0,0,0,0,0,0
2053-05-27,8.973,0,0,0,0,0,0,0,0,0
2053-05-28,8.973,0,0,0,0,0,0,0,0,0
2053-05-29,8.973,0,0,0,0,0,0,0,0,0
2053-05-30,8.973,0,0,0,0,0,0,0,0,0
2053-05-31,8.973,0,0,0,0,0,0,0,0,0
2053-06-01,17.951,0,0,0,0,0,0,0,0,0
2053-06-02,17.951,0,0,0,0,0,0,0,0,0
2053-06-03,17.951,0,0,0,0,0,0,0,0,0
2053-06-04,17.951,0,0,0,0,0,0,0,0,0
2053-06-05,17.951,0,0,0,0,0,0,0,0,0
2053-06-06,17.951,0,0,0,0,0,0,0,0,0
2053-06-07,17.951,0,0,0,0,0,0,0,0,0
2053-06-08,17.951,0,0,0,0,0,0,0,0,0
2053-06-09,17.951,0,0,0,0,0,0,0,0,0
2053-06-10,17.951,0,0,0,0,0,0,0,0,0
2053-06-11,17.951,0,0,0,0,0,0,0,0,0
2053-06-12,17.951,0,0,0,0,0,0,0,0,0
2053-06-13,17.951,0,0,0,0,0,0,0,0,0
2053-06-14,17.951,0,0,0,0,0,0,0,0,0
2053-06-15,17.951,0,0,0,0,0,0,0,0,0
2053-06-16,17.951,0,0,0,0,0,0,0,0,0
2053-06-17,17.951,0,0,0,0,0,0,0,0,0
2053-06-18,17.951,0,0,0,0,0,0,0,0,0
2053-06-19,17.951,0,0,0,0,0,0,0,0,0
2053-06-20,17.951,0,0,0,0,0,0,0,0,0
2053-06-21,17.951,0,0,0,0,0,0,0,0,0
2053-06-22,17.951,0,0,0,0,0,0,0,0,0
2053-06-23,17.951,0,0,0,0,0,0,0,0,0
2053-06-24,17.951,0,0,0,0,0,0,0,0,0
2053-06-25,17.951,0,0,0,0,0,0,0,0,0
2053-06-26,17.951,0,0,0,0,0,0,0,0,0
2053-06-27,17.951,0,0,0,0,0,0,0,0,0
2053-06-28,17.951,0,0,0,0,0,0,0,0,0
2053-06-29,17.951,0,0,0,0,0,0,0,0,0
2053-06-30,17.951,0,0,0,0,0,0,0,0,0
2053-07-01,16.268,0,0,0,0,0,0,0,0,0
2053-07-02,16.268,0,0,0,0,0,0,0,0,0
2053-07-03,16.268,0,0,0,0,0,0,0,0,0
2053-07-04,16.268,0,0,0,0,0,0,0,0,0
2053-07-05,16.268,0,0,0,0,0,0,0,0,0
2053-07-06,16.268,0,0,0,0,0,0,0,0,0
2053-07-07,16.268,0,0,0,0,0,0,0,0,0
2053-07-08,16.268,0,0,0,0,0,0,0,0,0
2053-07-09,16.268,0,0,0,0,0,0,0,0,0
2053-07-10,16.268,0,0,0,0,0,0,0,0,0
2053-07-11,16.268,0,0,0,0,0,0,0,0,0
2053-07-12,16.268,0,0,0,0,0,0,0,0,0
2053-07-13,16.268,0,0,0,0,0,0,0,0,0
2053-07-14,16.268,0,0,0,0,0,0,0,0,0
2053-07-15,16.268,0,0,0,0,0,0,0,0,0
2053-07-16,16.268,0,0,0,0,0,0,0,0,0
2053-07-17,16.268,0,0,0,0,0,0,0,0,0
2053-07-18,16.268,0,0,0,0,0,0,0,0,0
2053-07-19,16.268,0,0,0,0,0,0,0,0,0
2053-07-20,16.268,0,0,0,0,0,0,0,0,0
2053-07-21,16.268,0,0,0,0,0,0,0,0,0
2053-07-22,16.268,0,0,0,0,0,0,0,0,0
2053-07-23,16.268,0,0,0,0,0,0,0,0,0
2053-07-24,16.268,0,0,0,0,0,0,0,0,0
2053-07-25,16.268,0,0,0,0,0,0,0,0,0
2053-07-26,16.268,0,0,0,0,0,0,0,0,0
2053-07-27,16.268,0,0,0,0,0,0,0,0,0
2053-07-28,16.268,0,0,0,0,0,0,0,0,0
2053-07-29,16.268,0,0,0,0,0,0,0,0,0
2053-07-30,16.268,0,0,0,0,0,0,0,0,0
2053-07-31,16.268,0,0,0,0,0,0,0,0,0
2053-08-01,8.273,0,0,0,0,0,0,0,0,0
2053-08-02,8.273,0,0,0,0,0,0,0,0,0
2053-08-03,8.273,0,0,0,0,0,0,0,0,0
2053-08-04,8.273,0,0,0,0,0,0,0,0,0
2053-08-05,8.273,0,0,0,0,0,0,0,0,0
2053-08-06,8.273,0,0,0,0,0,0,0,0,0
2053-08-07,8.273,0,0,0,0,0,0,0,0,0
2053-08-08,8.273,0,0,0,0,0,0,0,0,0
2053-08-09,8.273,0,0,0,0,0,0,0,0,0
2053-08-10,8.273,0,0,0,0,0,0,0,0,0
2053-08-11,8.273,0,0,0,0,0,0,0,0,0
2053-08-12,8.273,0,0,0,0,0,0,0,0,0
2053-08-13,8.273,0,0,0,0,0,0,0,0,0
2053-08-14,8.273,0,0,0,0,0,0,0,0,0
2053-08-15,8.273,0,0,0,0,0,0,0,0,0
2053-08-16,8.273,0,0,0,0,0,0,0,0,0
2053-08-17,8.273,0,0,0,0,0,0,0,0,0
2053-08-18,8.273,0,0,0,0,0,0,0,0,0
2053-08-19,8.273,0,0,0,0,0,0,0,0,0
2053-08-20,8.273,0,0,0,0,0,0,0,0,0
2053-08-21,8.273,0,0,0,0,0,0,0,0,0
2053-08-22,8.273,0,0,0,0,0,0,0,0,0
2053-08-23,8.273,0,0,0,0,0,0,0,0,0
2053-08-24,8.273,0,0,0,0,0,0,0,0,0
2053-08-25,8.273,0,0,0,0,0,0,0,0,0
2053-08-26,8.273,0,0,0,0,0,0,0,0,0
2053-08-27,8.273,0,0,0,0,0,0,0,0,0
2053-08-28,8.273,0,0,0,0,0,0,0,0,0
2053-08-29,8.273,0,0,0,0,0,0,0,0,0
2053-08-30,8.273,0,0,0,0,0,0,0,0,0
2053-08-31,8.273,0,0,0,0,0,0,0,0,0
2053-09-01,9.838,0,0,0,0,0,0,0,0,0
2053-09-02,9.838,0,0,0,0,0,0,0,0,0
2053-09-03,9.838,0,0,0,0,0,0,0,0,0
2053-09-04,9.838,0,0,0,0,0,0,0,0,0
2053-09-05,9.838,0,0,0,0,0,0,0,0,0
2053-09-06,9.838,0,0,0,0,0,0,0,0,0
2053-09-07,9.838,0,0,0,0,0,0,0,0,0
2053-09-08,9.838,0,0,0,0,0,0,0,0,0
2053-09-09,9.838,0,0,0,0,0,0,0,0,0
2053-09-10,9.838,0,0,0,0,0,0,0,0,0
2053-09-11,9.838,0,0,0,0,0,0,0,0,0
2053-09-12,9.838,0,0,0,0,0,0,0,0,0
2053-09-13,9.838,0,0,0,0,0,0,0,0,0
2053-09-14,9.838,0,0,0,0,0,0,0,0,0
2053-09-15,9.838,0,0,0,0,0,0,0,0,0
2053-09-16,9.838,0,0,0,0,0,0,0,0,0
2053-09-17,9.838,0,0,0,0,0,0,0,0,0
2053-09-18,9.838,0,0,0,0,0,0,0,0,0
2053-09-19,9.838,0,0,0,0,0,0,0,0,0
2053-09-20,9.838,0,0,0,0,0,0,0,0,0
2053-09-21,9.838,0,0,0,0,0,0,0,0,0
2053-09-22,9.838,0,0,0,0,0,0,0,0,0
2053-09-23,9.838,0,0,0,0,0,0,0,0,0
2053-09-24,9.838,0,0,0,0,0,0,0,0,0
2053-09-25,9.838,0,0,0,0,0,0,0,0,0
2053-09-26,9.838,0,0,0,0,0,0,0,0,0
2053-09-27,9.838,0,0,0,0,0,0,0,0,0
2053-09-28,9.838,0,0,0,0,0,0,0,0,0
2053-09-29,9.838,0,0,0,0,0,0,0,0,0
2053-09-30,9.838,0,0,0,0,0,0,0,0,0
2053-10-01,3.806,0,0,0,0,0,0,0,0,0
2053-10-02,3.806,0,0,0,0,0,0,0,0,0
2053-10-03,3.806,0,0,0,0,0,0,0,0,0
2053-10-04,3.806,0,0,0,0,0,0,0,0,0
2053-10-05,3.806,0,0,0,0,0,0,0,0,0
2053-10-06,3.806,0,0,0,0,0,0,0,0,0
2053-10-07,3.806,0,0,0,0,0,0,0,0,0
2053-10-08,3.806,0,0,0,0,0,0,0,0,0
2053-10-09,3.806,0,0,0,0,0,0,0,0,0
2053-10-10,3.806,0,0,0,0,0,0,0,0,0
2053-10-11,3.806,0,0,0,0,0,0,0,0,0
2053-10-12,3.806,0,0,0,0,0,0,0,0,0
2053-10-13,3.806,0,0,0,0,0,0,0,0,0
2053-10-14,3.806,0,0,0,0,0,0,0,0,0
2053-10-15,3.806,0,0,0,0,0,0,0,0,0
2053-10-16,3.806,0,0,0,0,0,0,0,0,0
2053-10-17,3.806,0,0,0,0,0,0,0,0,0
2053-10-18,3.806,0,0,0,0,0,0,0,0,0
2053-10-19,3.806,0,0,0,0,0,0,0,0,0
2053-10-20,3.806,0,0,0,0,0,0,0,0,0
2053-10-21,3.806,0,0,0,0,0,0,0,0,0
2053-10-22,3.806,0,0,0,0,0,0,0,0,0
2053-10-23,3.806,0,0,0,0,0,0,0,0,0
2053-10-24,3.806,0,0,0,0,0,0,0,0,0
2053-10-25,3.806,0,0,0,0,0,0,0,0,0
2053-10-26,3.806,0,0,0,0,0,0,0,0,0
2053-10-27,3.806,0,0,0,0,0,0,0,0,0
2053-10-28,3.806,0,0,0,0,0,0,0,0,0
2053-10-29,3.806,0,0,0,0,0,0,0,0,0
2053-10-30,3.806,0,0,0,0,0,0,0,0,0
2053-10-31,3.806,0,0,0,0,0,0,0,0,0
2053-11-01,6.803,0,0,0,0,0,0,0,0,0
2053-11-02,6.803,0,0,0,0,0,0,0,0,0
2053-11-03,6.803,0,0,0,0,0,0,0,0,0
2053-11-04,6.803,0,0,0,0,0,0,0,0,0
2053-11-05,6.803,0,0,0,0,0,0,0,0,0
2053-11-06,6.803,0,0,0,0,0,0,0,0,0
2053-11-07,6.803,0,0,0,0,0,0,0,0,0
2053-11-08,6.803,0,0,0,0,0,0,0,0,0
2053-11-09,6.803,0,0,0,0,0,0,0,0,0
2053-11-10,6.803,0,0,0,0,0,0,0,0,0
2053-11-11,6.803,0,0,0,0,0,0,0,0,0
2053-11-12,6.803,0,0,0,0,0,0,0,0,0
2053-11-13,6.803,0,0,0,0,0,0,0,0,0
2053-11-14,6.803,0,0,0,0,0,0,0,0,0
2053-11-15,6.803,0,0,0,0,0,0,0,0,0
2053-11-16,6.803,0,0,0,0,0,0,0,0,0
2053-11-17,6.803,0,0,0,0,0,0,0,0,0
2053-11-18,6.803,0,0,0,0,0,0,0,0,0
2053-11-19,6.803,0,0,0,0,0,0,0,0,0
2053-11-20,6.803,0,0,0,0,0,0,0,0,0
2053-11-21,6.803,0,0,0,0,0,0,0,0,0
2053-11-22,6.803,0,0,0,0,0,0,0,0,0
2053-11-23,6.803,0,0,0,0,0,0,0,0,0
2053-11-24,6.803,0,0,0,0,0,0,0,0,0
2053-11-25,6.803,0,0,0,0,0,0,0,0,0
2053-11-26,6.803,0,0,0,0,0,0,0,0,0
2053-11-27,6.803,0,0,0,0,0,0,0,0,0
2053-11-28,6.803,0,0,0,0,0,0,0,0,0
2053-11-29,6.803,0,0,0,0,0,0,0,0,0
2053-11-30,6.803,0,0,0,0,0,0,0,0,0
2053-12-01,6.249,0,0,0,0,0,0,0,0,0
2053-12-02,6.249,0,0,0,0,0,0,0,0,0
2053-12-03,6.249,0,0,0,0,0,0,0,0,0
2053-12-04,6.249,0,0,0,0,0,0,0,0,0
2053-12-05,6.249,0,0,0,0,0,0,0,0,0
2053-12-06,6.249,0,0,0,0,0,0,0,0,0
2053-12-07,6.249,0,0,0,0,0,0,0,0,0
2053-12-08,6.249,0,0,0,0,0,0,0,0,0
2053-12-09,6.249,0,0,0,0,0,0,0,0,0
2053-12-10,6.249,0,0,0,0,0,0,0,0,0
2053-12-11,6.249,0,0,0,0,0,0,0,0,0
2053-12-12,6.249,0,0,0,0,0,0,0,0,0
2053-12-13,6.249,0,0,0,0,0,0,0,0,0
2053-12-14,6.249,0,0,0,0,0,0,0,0,0
2053-12-15,6.249,0,0,0,0,0,0,0,0,0
2053-12-16,6.249,0,0,0,0,0,0,0,0,0
2053-12-17,6.249,0,0,0,0,0,0,0,0,0
2053-12-18,6.249,0,0,0,0,0,0,0,0,0
2053-12-19,6.249,0,0,0,0,0,0,0,0,0
2053-12-20,6.249,0,0,0,0,0,0,0,0,0
2053-12-21,6.249,0,0,0,0,0,0,0,0,0
2053-12-22,6.249,0,0,0,0,0,0,0,0,0
2053-12-23,6.249,0,0,0,0,0,0,0,0,0
2053-12-24,6.249,0,0,0,0,0,0,0,0,0
2053-12-25,6.249,0,0,0,0,0,0,0,0,0
2053-12-26,6.249,0,0,0,0,0,0,0,0,0
2053-12-27,6.249,0,0,0,0,0,0,0,0,0
2053-12-28,6.249,0,0,0,0,0,0,0,0,0
2053-12-29,6.249,0,0,0,0,0,0,0,0,0
2053-12-30,6.249,0,0,0,0,0,0,0,0,0
2053-12-31,6.249,0,0,0,0,0,0,0,0,0
2054-01-01,9.292,0,0,0,0,0,0,0,0,0
2054-01-02,9.292,0,0,0,0,0,0,0,0,0
2054-01-03,9.292,0,0,0,0,0,0,0,0,0
2054-01-04,9.292,0,0,0,0,0,0,0,0,0
2054-01-05,9.292,0,0,0,0,0,0,0,0,0
2054-01-06,9.292,0,0,0,0,0,0,0,0,0
2054-01-07,9.292,0,0,0,0,0,0,0,0,0
2054-01-08,9.292,0,0,0,0,0,0,0,0,0
2054-01-09,9.292,0,0,0,0,0,0,0,0,0
2054-01-10,9.292,0,0,0,0,0,0,0,0,0
2054-01-11,9.292,0,0,0,0,0,0,0,0,0
2054-01-12,9.292,0,0,0,0,0,0,0,0,0
2054-01-13,9.292,0,0,0,0,0,0,0,0,0
2054-01-14,9.292,0,0,0,0,0,0,0,0,0
2054-01-15,9.292,0,0,0,0,0,0,0,0,0
2054-01-16,9.292,0,0,0,0,0,0,0,0,0
2054-01-17,9.292,0,0,0,0,0,0,0,0,0
2054-01-18,9.292,0,0,0,0,0,0,0,0,0
2054-01-19,9.292,0,0,0,0,0,0,0,0,0
2054-01-20,9.292,0,0,0,0,0,0,0,0,0
2054-01-21,9.292,0,0,0,0,0,0,0,0,0
2054-01-22,9.292,0,0,0,0,0,0,0,0,0
2054-01-23,9.292,0,0,0,0,0,0,0,0,0
2054-01-24,9.292,0,0,0,0,0,0,0,0,0
2054-01-25,9.292,0,0,0,0,0,0,0,0,0
2054-01-26,9.292,0,0,0,0,0,0,0,0,0
2054-01-27,9.292,0,0,0,0,0,0,0,0,0
2054-01-28,9.292,0,0,0,0,0,0,0,0,0
2054-01-29,9.292,0,0,0,0,0,0,0,0,0
2054-01-30,9.292,0,0,0,0,0,0,0,0,0
2054-01-31,9.292,0,0,0,0,0,0,0,0,0
2054-02-01,5.627,0,0,0,0,0,0,0,0,0
2054-02-02,5.627,0,0,0,0,0,0,0,0,0
2054-02-03,5.627,0,0,0,0,0,0,0,0,0
2054-02-04,5.627,0,0,0,0,0,0,0,0,0
2054-02-05,5.627,0,0,0,0,0,0,0,0,0
2054-02-06,5.627,0,0,0,0,0,0,0,0,0
2054-02-07,5.627,0,0,0,0,0,0,0,0,0
2054-02-08,5.627,0,0,0,0,0,0,0,0,0
2054-02-09,5.627,0,0,0,0,0,0,0,0,0
2054-02-10,5.627,0,0,0,0,0,0,0,0,0
2054-02-11,5.627,0,0,0,0,0,0,0,0,0
2054-02-12,5.627,0,0,0,0,0,0,0,0,0
2054-02-13,5.627,0,0,0,0,0,0,0,0,0
2054-02-14,5.627,0,0,0,0,0,0,0,0,0
2054-02-15,5.627,0,0,0,0,0,0,0,0,0
2054-02-16,5.627,0,0,0,0,0,0,0,0,0
2054-02-17,5.627,0,0,0,0,0,0,0,0,0
2054-02-18,5.627,0,0,0,0,0,0,0,0,0
2054-02-19,5.627,0,0,0,0,0,0,0,0,0
2054-02-20,5.627,0,0,0,0,0,0,0,0,0
2054-02-21,5.627,0,0,0,0,0,0,0,0,0
2054-02-22,5.627,0,0,0,0,0,0,0,0,0
2054-02-23,5.627,0,0,0,0,0,0,0,0,0
2054-02-24,5.627,0,0,0,0,0,0,0,0,0
2054-02-25,5.627,0,0,0,0,0,0,0,0,0
2054-02-26,5.627,0,0,0,0,0,0,0,0,0
2054-02-27,5.627,0,0,0,0,0,0,0,0,0
2054-02-28,5.627,0,0,0,0,0,0,0,0,0
2054-03-01,9.947,0,0,0,0,0,0,0,0,0
2054-03-02,9.947,0,0,0,0,0,0,0,0,0
2054-03-03,9.947,0,0,0,0,0,0,0,0,0
2054-03-04,9.947,0,0,0,0,0,0,0,0,0
2054-03-05,9.947,0,0,0,0,0,0,0,0,0
2054-03-06,9.947,0,0,0,0,0,0,0,0,0
2054-03-07,9.947,0,0,0,0,0,0,0,0,0
2054-03-08,9.947,0,0,0,0,0,0,0,0,0
2054-03-09,9.947,0,0,0,0,0,0,0,0,0
2054-03-10,9.947,0,0,0,0,0,0,0,0,0
2054-03-11,9.947,0,0,0,0,0,0,0,0,0
2054-03-12,9.947,0,0,0,0,0,0,0,0,0
2054-03-13,9.947,0,0,0,0,0,0,0,0,0
2054-03-14,9.947,0,0,0,0,0,0,0,0,0
2054-03-15,9.947,0,0,0,0,0,0,0,0,0
2054-03-16,9.947,0,0,0,0,0,0,0,0,0
2054-03-17,9.947,0,0,0,0,0,0,0,0,0
2054-03-18,9.947,0,0,0,0,0,0,0,0,0
2054-03-19,9.947,0,0,0,0,0,0,0,0,0
2054-03-20,9.947,0,0,0,0,0,0,0,0,0
2054-03-21,9.947,0,0,0,0,0,0,0,0,0
2054-03-22,9.947,0,0,0,0,0,0,0,0,0
2054-03-23,9.947,0,0,0,0,0,0,0,0,0
2054-03-24,9.947,0,0,0,0,0,0,0,0,0
2054-03-25,9.947,0,0,0,0,0,0,0,0,0
2054-03-26,9.947,0,0,0,0,0,0,0,0,0
2054-03-27,9.947,0,0,0,0,0,0,0,0,0
2054-03-28,9.947,0,0,0,0,0,0,0,0,0
2054-03-29,9.947,0,0,0,0,0,0,0,0,0
2054-03-30,9.947,0,0,0,0,0,0,0,0,0
2054-03-31,9.947,0,0,0,0,0,0,0,0,0
2054-04-01,4.226,0,0,0,0,0,0,0,0,0
2054-04-02,4.226,0,0,0,0,0,0,0,0,0
2054-04-03,4.226,0,0,0,0,0,0,0,0,0
2054-04-04,4.226,0,0,0,0,0,0,0,0,0
2054-04-05,4.226,0,0,0,0,0,0,0,0,0
2054-04-06,4.226,0,0,0,0,0,0,0,0,0
2054-04-07,4.226,0,0,0,0,0,0,0,0,0
2054-04-08,4.226,0,0,0,0,0,0,0,0,0
2054-04-09,4.226,0,0,0,0,0,0,0,0,0
2054-04-10,4.226,0,0,0,0,0,0,0,0,0
2054-04-11,4.226,0,0,0,0,0,0,0,0,0
2054-04-12,4.226,0,0,0,0,0,0,0,0,0
2054-04-13,4.226,0,0,0,0,0,0,0,0,0
2054-04-14,4.226,0,0,0,0,0,0,0,0,0
2054-04-15,4.226,0,0,0,0,0,0,0,0,0
2054-04-16,4.226,0,0,0,0,0,0,0,0,0
2054-04-17,4.226,0,0,0,0,0,0,0,0,0
2054-04-18,4.226,0,0,0,0,0,0,0,0,0
2054-04-19,4.226,0,0,0,0,0,0,0,0,0
2054-04-20,4.226,0,0,0,0,0,0,0,0,0
2054-04-21,4.226,0,0,0,0,0,0,0,0,0
2054-04-22,4.226,0,0,0,0,0,0,0,0,0
2054-04-23,4.226,0,0,0,0,0,0,0,0,0
2054-04-24,4.226,0,0,0,0,0,0,0,0,0
2054-04-25,4.226,0,0,0,0,0,0,0,0,0
2054-04-26,4.226,0,0,0,0,0,0,0,0,0
2054-04-27,4.226,0,0,0,0,0,0,0,0,0
2054-04-28,4.226,0,0,0,0,0,0,0,0,0
2054-04-29,4.226,0,0,0,0,0,0,0,0,0
2054-04-30,4.226,0,0,0,0,0,0,0,0,0
2054-05-01,8.973,0,0,0,0,0,0,0,0,0
2054-05-02,8.973,0,0,0,0,0,0,0,0,0
2054-05-03,8.973,0,0,0,0,0,0,0,0,0
2054-05-04,8.973,0,0,0,0,0,0,0,0,0
2054-05-05,8.973,0,0,0,0,0,0,0,0,0
2054-05-06,8.973,0,0,0,0,0,0,0,0,0
2054-05-07,8.973,0,0,0,0,0,0,0,0,0
2054-05-08,8.973,0,0,0,0,0,0,0,0,0
2054-05-09,8.973,0,0,0,0,0,0,0,0,0
2054-05-10,8.973,0,0,0,0,0,0,0,0,0
2054-05-11,8.973,0,0,0,0,0,0,0,0,0
2054-05-12,8.973,0,0,0,0,0,0,0,0,0
2054-05-13,8.973,0,0,0,0,0,0,0,0,0
2054-05-14,8.973,0,0,0,0,0,0,0,0,0
2054-05-15,8.973,0,0,0,0,0,0,0,0,0
2054-05-16,8.973,0,0,0,0,0,0,0,0,0
2054-05-17,8.973,0,0,0,0,0,0,0,0,0
2054-05-18,8.973,0,0,0,0,0,0,0,0,0
2054-05-19,8.973,0,0,0,0,0,0,0,0,0
2054-05-20,8.973,0,0,0,0,0,0,0,0,0
2054-05-21,8.973,0,0,0,0,0,0,0,0,0
2054-05-22,8.973,0,0,0,0,0,0,0,0,0
2054-05-23,8.973,0,0,0,0,0,0,0,0,0
2054-05-24,8.973,0,0,0,0,0,0,0,0,0
2054-05-25,8.973,0,0,0,0,0,0,0,0,0
2054-05-26,8.973,0,0,0,0,0,0,0,0,0
2054-05-27,8.973,0,0,0,0,0,0,0,0,0
2054-05-28,8.973,0,0,0,0,0,0,0,0,0
2054-05-29,8.973,0,0,0,0,0,0,0,0,0
2054-05-30,8.973,0,0,0,0,0,0,0,0,0
2054-05-31,8.973,0,0,0,0,0,0,0,0,0
2054-06-01,17.951,0,0,0,0,0,0,0,0,0
2054-06-02,17.951,0,0,0,0,0,0,0,0,0
2054-06-03,17.951,0,0,0,0,0,0,0,0,0
2054-06-04,17.951,0,0,0,0,0,0,0,0,0
2054-06-05,17.951,0,0,0,0,0,0,0,0,0
2054-06-06,17.951,0,0,0,0,0,0,0,0,0
2054-06-07,17.951,0,0,0,0,0,0,0,0,0
2054-06-08,17.951,0,0,0,0,0,0,0,0,0
2054-06-09,17.951,0,0,0,0,0,0,0,0,0
2054-06-10,17.951,0,0,0,0,0,0,0,0,0
2054-06-11,17.951,0,0,0,0,0,0,0,0,0
2054-06-12,17.951,0,0,0,0,0,0,0,0,0
2054-06-13,17.951,0,0,0,0,0,0,0,0,0
2054-06-14,17.951,0,0,0,0,0,0,0,0,0
2054-06-15,17.951,0,0,0,0,0,0,0,0,0
2054-06-16,17.951,0,0,0,0,0,0,0,0,0
2054-06-17,17.951,0,0,0,0,0,0,0,0,0
2054-06-18,17.951,0,0,0,0,0,0,0,0,0
2054-06-19,17.951,0,0,0,0,0,0,0,0,0
2054-06-20,17.951,0,0,0,0,0,0,0,0,0
2054-06-21,17.951,0,0,0,0,0,0,0,0,0
2054-06-22,17.951,0,0,0,0,0,0,0,0,0
2054-06-23,17.951,0,0,0,0,0,0,0,0,0
2054-06-24,17.951,0,0,0,0,0,0,0,0,0
2054-06-25,17.951,0,0,0,0,0,0,0,0,0
2054-06-26,17.951,0,0,0,0,0,0,0,0,0
2054-06-27,17.951,0,0,0,0,0,0,0,0,0
2054-06-28,17.951,0,0,0,0,0,0,0,0,0
2054-06-29,17.951,0,0,0,0,0,0,0,0,0
2054-06-30,17.951,0,0,0,0,0,0,0,0,0
2054-07-01,16.268,0,0,0,0,0,0,0,0,0
2054-07-02,16.268,0,0,0,0,0,0,0,0,0
2054-07-03,16.268,0,0,0,0,0,0,0,0,0
2054-07-04,16.268,0,0,0,0,0,0,0,0,0
2054-07-05,16.268,0,0,0,0,0,0,0,0,0
2054-07-06,16.268,0,0,0,0,0,0,0,0,0
2054-07-07,16.268,0,0,0,0,0,0,0,0,0
2054-07-08,16.268,0,0,0,0,0,0,0,0,0
2054-07-09,16.268,0,0,0,0,0,0,0,0,0
2054-07-10,16.268,0,0,0,0,0,0,0,0,0
2054-07-11,16.268,0,0,0,0,0,0,0,0,0
2054-07-12,16.268,0,0,0,0,0,0,0,0,0
2054-07-13,16.268,0,0,0,0,0,0,0,0,0
2054-07-14,16.268,0,0,0,0,0,0,0,0,0
2054-07-15,16.268,0,0,0,0,0,0,0,0,0
2054-07-16,16.268,0,0,0,0,0,0,0,0,0
2054-07-17,16.268,0,0,0,0,0,0,0,0,0
2054-07-18,16.268,0,0,0,0,0,0,0,0,0
2054-07-19,16.268,0,0,0,0,0,0,0,0,0
2054-07-20,16.268,0,0,0,0,0,0,0,0,0
2054-07-21,16.268,0,0,0,0,0,0,0,0,0
2054-07-22,16.268,0,0,0,0,0,0,0,0,0
2054-07-23,16.268,0,0,0,0,0,0,0,0,0
2054-07-24,16.268,0,0,0,0,0,0,0,0,0
2054-07-25,16.268,0,0,0,0,0,0,0,0,0
2054-07-26,16.268,0,0,0,0,0,0,0,0,0
2054-07-27,16.268,0,0,0,0,0,0,0,0,0
2054-07-28,16.268,0,0,0,0,0,0,0,0,0
2054-07-29,16.268,0,0,0,0,0,0,0,0,0
2054-07-30,16.268,0,0,0,0,0,0,0,0,0
2054-07-31,16.268,0,0,0,0,0,0,0,0,0
2054-08-01,8.273,0,0,0,0,0,0,0,0,0
2054-08-02,8.273,0,0,0,0,0,0,0,0,0
2054-08-03,8.273,0,0,0,0,0,0,0,0,0
2054-08-04,8.273,0,0,0,0,0,0,0,0,0
2054-08-05,8.273,0,0,0,0,0,0,0,0,0
2054-08-06,8.273,0,0,0,0,0,0,0,0,0
2054-08-07,8.273,0,0,0,0,0,0,0,0,0
2054-08-08,8.273,0,0,0,0,0,0,0,0,0
2054-08-09,8.273,0,0,0,0,0,0,0,0,0
2054-08-10,8.273,0,0,0,0,0,0,0,0,0
2054-08-11,8.273,0,0,0,0,0,0,0,0,0
2054-08-12,8.273,0,0,0,0,0,0,0,0,0
2054-08-13,8.273,0,0,0,0,0,0,0,0,0
2054-08-14,8.273,0,0,0,0,0,0,0,0,0
2054-08-15,8.273,0,0,0,0,0,0,0,0,0
2054-08-16,8.273,0,0,0,0,0,0,0,0,0
2054-08-17,8.273,0,0,0,0,0,0,0,0,0
2054-08-18,8.273,0,0,0,0,0,0,0,0,0
2054-08-19,8.273,0,0,0,0,0,0,0,0,0
2054-08-20,8.273,0,0,0,0,0,0,0,0,0
2054-08-21,8.273,0,0,0,0,0,0,0,0,0
2054-08-22,8.273,0,0,0,0,0,0,0,0,0
2054-08-23,8.273,0,0,0,0,0,0,0,0,0
2054-08-24,8.273,0,0,0,0,0,0,0,0,0
2054-08-25,8.273,0,0,0,0,0,0,0,0,0
2054-08-26,8.273,0,0,0,0,0,0,0,0,0
2054-08-27,8.273,0,0,0,0,0,0,0,0,0
2054-08-28,8.273,0,0,0,0,0,0,0,0,0
2054-08-29,8.273,0,0,0,0,0,0,0,0,0
2054-08-30,8.273,0,0,0,0,0,0,0,0,0
2054-08-31,8.273,0,0,0,0,0,0,0,0,0
2054-09-01,9.838,0,0,0,0,0,0,0,0,0
2054-09-02,9.838,0,0,0,0,0,0,0,0,0
2054-09-03,9.838,0,0,0,0,0,0,0,0,0
2054-09-04,9.838,0,0,0,0,0,0,0,0,0
2054-09-05,9.838,0,0,0,0,0,0,0,0,0
2054-09-06,9.838,0,0,0,0,0,0,0,0,0
2054-09-07,9.838,0,0,0,0,0,0,0,0,0
2054-09-08,9.838,0,0,0,0,0,0,0,0,0
2054-09-09,9.838,0,0,0,0,0,0,0,0,0
2054-09-10,9.838,0,0,0,0,0,0,0,0,0
2054-09-11,9.838,0,0,0,0,0,0,0,0,0
2054-09-12,9.838,0,0,0,0,0,0,0,0,0
2054-09-13,9.838,0,0,0,0,0,0,0,0,0
2054-09-14,9.838,0,0,0,0,0,0,0,0,0
2054-09-15,9.838,0,0,0,0,0,0,0,0,0
2054-09-16,9.838,0,0,0,0,0,0,0,0,0
2054-09-17,9.838,0,0,0,0,0,0,0,0,0
2054-09-18,9.838,0,0,0,0,0,0,0,0,0
2054-09-19,9.838,0,0,0,0,0,0,0,0,0
2054-09-20,9.838,0,0,0,0,0,0,0,0,0
2054-09-21,9.838,0,0,0,0,0,0,0,0,0
2054-09-22,9.838,0,0,0,0,0,0,0,0,0
2054-09-23,9.838,0,0,0,0,0,0,0,0,0
2054-09-24,9.838,0,0,0,0,0,0,0,0,0
2054-09-25,9.838,0,0,0,0,0,0,0,0,0
2054-09-26,9.838,0,0,0,0,0,0,0,0,0
2054-09-27,9.838,0,0,0,0,0,0,0,0,0
2054-09-28,9.838,0,0,0,0,0,0,0,0,0
2054-09-29,9.838,0,0,0,0,0,0,0,0,0
2054-09-30,9.838,0,0,0,0,0,0,0,0,0
2054-10-01,3.806,0,0,0,0,0,0,0,0,0
2054-10-02,3.806,0,0,0,0,0,0,0,0,0
2054-10-03,3.806,0,0,0,0,0,0,0,0,0
2054-10-04,3.806,0,0,0,0,0,0,0,0,0
2054-10-05,3.806,0,0,0,0,0,0,0,0,0
2054-10-06,3.806,0,0,0,0,0,0,0,0,0
2054-10-07,3.806,0,0,0,0,0,0,0,0,0
2054-10-08,3.806,0,0,0,0,0,0,0,0,0
2054-10-09,3.806,0,0,0,0,0,0,0,0,0
2054-10-10,3.806,0,0,0,0,0,0,0,0,0
2054-10-11,3.806,0,0,0,0,0,0,0,0,0
2054-10-12,3.806,0,0,0,0,0,0,0,0,0
2054-10-13,3.806,0,0,0,0,0,0,0,0,0
2054-10-14,3.806,0,0,0,0,0,0,0,0,0
2054-10-15,3.806,0,0,0,0,0,0,0,0,0
2054-10-16,3.806,0,0,0,0,0,0,0,0,0
2054-10-17,3.806,0,0,0,0,0,0,0,0,0
2054-10-18,3.806,0,0,0,0,0,0,0,0,0
2054-10-19,3.806,0,0,0,0,0,0,0,0,0
2054-10-20,3.806,0,0,0,0,0,0,0,0,0
2054-10-21,3.806,0,0,0,0,0,0,0,0,0
2054-10-22,3.806,0,0,0,0,0,0,0,0,0
2054-10-23,3.806,0,0,0,0,0,0,0,0,0
2054-10-24,3.806,0,0,0,0,0,0,0,0,0
2054-10-25,3.806,0,0,0,0,0,0,0,0,0
2054-10-26,3.806,0,0,0,0,0,0,0,0,0
2054-10-27,3.806,0,0,0,0,0,0,0,0,0
2054-10-28,3.806,0,0,0,0,0,0,0,0,0
2054-10-29,3.806,0,0,0,0,0,0,0,0,0
2054-10-30,3.806,0,0,0,0,0,0,0,0,0
2054-10-31,3.806,0,0,0,0,0,0,0,0,0
2054-11-01,6.803,0,0,0,0,0,0,0,0,0
2054-11-02,6.803,0,0,0,0,0,0,0,0,0
2054-11-03,6.803,0,0,0,0,0,0,0,0,0
2054-11-04,6.803,0,0,0,0,0,0,0,0,0
2054-11-05,6.803,0,0,0,0,0,0,0,0,0
2054-11-06,6.803,0,0,0,0,0,0,0,0,0
2054-11-07,6.803,0,0,0,0,0,0,0,0,0
2054-11-08,6.803,0,0,0,0,0,0,0,0,0
2054-11-09,6.803,0,0,0,0,0,0,0,0,0
2054-11-10,6.803,0,0,0,0,0,0,0,0,0
2054-11-11,6.803,0,0,0,0,0,0,0,0,0
2054-11-12,6.803,0,0,0,0,0,0,0,0,0
2054-11-13,6.803,0,0,0,0,0,0,0,0,0
2054-11-14,6.803,0,0,0,0,0,0,0,0,0
2054-11-15,6.803,0,0,0,0,0,0,0,0,0
2054-11-16,6.803,0,0,0,0,0,0,0,0,0
2054-11-17,6.803,0,0,0,0,0,0,0,0,0
2054-11-18,6.803,0,0,0,0,0,0,0,0,0
2054-11-19,6.803,0,0,0,0,0,0,0,0,0
2054-11-20,6.803,0,0,0,0,0,0,0,0,0
2054-11-21,6.803,0,0,0,0,0,0,0,0,0
2054-11-22,6.803,0,0,0,0,0,0,0,0,0
2054-11-23,6.803,0,0,0,0,0,0,0,0,0
2054-11-24,6.803,0,0,0,0,0,0,0,0,0
2054-11-25,6.803,0,0,0,0,0,0,0,0,0
2054-11-26,6.803,0,0,0,0,0,0,0,0,0
2054-11-27,6.803,0,0,0,0,0,0,0,0,0
2054-11-28,6.803,0,0,0,0,0,0,0,0,0
2054-11-29,6.803,0,0,0,0,0,0,0,0,0
2054-11-30,6.803,0,0,0,0,0,0,0,0,0
2054-12-01,6.249,0,0,0,0,0,0,0,0,0
2054-12-02,6.249,0,0,0,0,0,0,0,0,0
2054-12-03,6.249,0,0,0,0,0,0,0,0,0
2054-12-04,6.249,0,0,0,0,0,0,0,0,0
2054-12-05,6.249,0,0,0,0,0,0,0,0,0
2054-12-06,6.249,0,0,0,0,0,0,0,0,0
2054-12-07,6.249,0,0,0,0,0,0,0,0,0
2054-12-08,6.249,0,0,0,0,0,0,0,0,0
2054-12-09,6.249,0,0,0,0,0,0,0,0,0
2054-12-10,6.249,0,0,0,0,0,0,0,0,0
2054-12-11,6.249,0,0,0,0,0,0,0,0,0
2054-12-12,6.249,0,0,0,0,0,0,0,0,0
2054-12-13,6.249,0,0,0,0,0,0,0,0,0
2054-12-14,6.249,0,0,0,0,0,0,0,0,0
2054-12-15,6.249,0,0,0,0,0,0,0,0,0
2054-12-16,6.249,0,0,0,0,0,0,0,0,0
2054-12-17,6.249,0,0,0,0,0,0,0,0,0
2054-12-18,6.249,0,0,0,0,0,0,0,0,0
2054-12-19,6.249,0,0,0,0,0,0,0,0,0
2054-12-20,6.249,0,0,0,0,0,0,0,0,0
2054-12-21,6.249,0,0,0,0,0,0,0,0,0
2054-12-22,6.249,0,0,0,0,0,0,0,0,0
2054-12-23,6.249,0,0,0,0,0,0,0,0,0
2054-12-24,6.249,0,0,0,0,0,0,0,0,0
2054-12-25,6.249,0,0,0,0,0,0,0,0,0
2054-12-26,6.249,0,0,0,0,0,0,0,0,0
2054-12-27,6.249,0,0,0,0,0,0,0,0,0
2054-12-28,6.249,0,0,0,0,0,0,0,0,0
2054-12-29,6.249,0,0,0,0,0,0,0,0,0
2054-12-30,6.249,0,0,0,0,0,0,0,0,0
2054-12-31,6.249,0,0,0,0,0,0,0,0,0
2055-01-01,9.292,0,0,0,0,0,0,0,0,0
2055-01-02,9.292,0,0,0,0,0,0,0,0,0
2055-01-03,9.292,0,0,0,0,0,0,0,0,0
2055-01-04,9.292,0,0,0,0,0,0,0,0,0
2055-01-05,9.292,0,0,0,0,0,0,0,0,0
2055-01-06,9.292,0,0,0,0,0,0,0,0,0
2055-01-07,9.292,0,0,0,0,0,0,0,0,0
2055-01-08,9.292,0,0,0,0,0,0,0,0,0
2055-01-09,9.292,0,0,0,0,0,0,0,0,0
2055-01-10,9.292,0,0,0,0,0,0,0,0,0
2055-01-11,9.292,0,0,0,0,0,0,0,0,0
2055-01-12,9.292,0,0,0,0,0,0,0,0,0
2055-01-13,9.292,0,0,0,0,0,0,0,0,0
2055-01-14,9.292,0,0,0,0,0,0,0,0,0
2055-01-15,9.292,0,0,0,0,0,0,0,0,0
2055-01-16,9.292,0,0,0,0,0,0,0,0,0
2055-01-17,9.292,0,0,0,0,0,0,0,0,0
2055-01-18,9.292,0,0,0,0,0,0,0,0,0
2055-01-19,9.292,0,0,0,0,0,0,0,0,0
2055-01-20,9.292,0,0,0,0,0,0,0,0,0
2055-01-21,9.292,0,0,0,0,0,0,0,0,0
2055-01-22,9.292,0,0,0,0,0,0,0,0,0
2055-01-23,9.292,0,0,0,0,0,0,0,0,0
2055-01-24,9.292,0,0,0,0,0,0,0,0,0
2055-01-25,9.292,0,0,0,0,0,0,0,0,0
2055-01-26,9.292,0,0,0,0,0,0,0,0,0
2055-01-27,9.292,0,0,0,0,0,0,0,0,0
2055-01-28,9.292,0,0,0,0,0,0,0,0,0
2055-01-29,9.292,0,0,0,0,0,0,0,0,0
2055-01-30,9.292,0,0,0,0,0,0,0,0,0
2055-01-31,9.292,0,0,0,0,0,0,0,0,0
2055-02-01,5.627,0,0,0,0,0,0,0,0,0
2055-02-02,5.627,0,0,0,0,0,0,0,0,0
2055-02-03,5.627,0,0,0,0,0,0,0,0,0
2055-02-04,5.627,0,0,0,0,0,0,0,0,0
2055-02-05,5.627,0,0,0,0,0,0,0,0,0
2055-02-06,5.627,0,0,0,0,0,0,0,0,0
2055-02-07,5.627,0,0,0,0,0,0,0,0,0
2055-02-08,5.627,0,0,0,0,0,0,0,0,0
2055-02-09,5.627,0,0,0,0,0,0,0,0,0
2055-02-10,5.627,0,0,0,0,0,0,0,0,0
2055-02-11,5.627,0,0,0,0,0,0,0,0,0
2055-02-12,5.627,0,0,0,0,0,0,0,0,0
2055-02-13,5.627,0,0,0,0,0,0,0,0,0
2055-02-14,5.627,0,0,0,0,0,0,0,0,0
2055-02-15,5.627,0,0,0,0,0,0,0,0,0
2055-02-16,5.627,0,0,0,0,0,0,0,0,0
2055-02-17,5.627,0,0,0,0,0,0,0,0,0
2055-02-18,5.627,0,0,0,0,0,0,0,0,0
2055-02-19,5.627,0,0,0,0,0,0,0,0,0
2055-02-20,5.627,0,0,0,0,0,0,0,0,0
2055-02-21,5.627,0,0,0,0,0,0,0,0,0
2055-02-22,5.627,0,0,0,0,0,0,0,0,0
2055-02-23,5.627,0,0,0,0,0,0,0,0,0
2055-02-24,5.627,0,0,0,0,0,0,0,0,0
2055-02-25,5.627,0,0,0,0,0,0,0,0,0
2055-02-26,5.627,0,0,0,0,0,0,0,0,0
2055-02-27,5.627,0,0,0,0,0,0,0,0,0
2055-02-28,5.627,0,0,0,0,0,0,0,0,0
2055-03-01,9.947,0,0,0,0,0,0,0,0,0
2055-03-02,9.947,0,0,0,0,0,0,0,0,0
2055-03-03,9.947,0,0,0,0,0,0,0,0,0
2055-03-04,9.947,0,0,0,0,0,0,0,0,0
2055-03-05,9.947,0,0,0,0,0,0,0,0,0
2055-03-06,9.947,0,0,0,0,0,0,0,0,0
2055-03-07,9.947,0,0,0,0,0,0,0,0,0
2055-03-08,9.947,0,0,0,0,0,0,0,0,0
2055-03-09,9.947,0,0,0,0,0,0,0,0,0
2055-03-10,9.947,0,0,0,0,0,0,0,0,0
2055-03-11,9.947,0,0,0,0,0,0,0,0,0
2055-03-12,9.947,0,0,0,0,0,0,0,0,0
2055-03-13,9.947,0,0,0,0,0,0,0,0,0
2055-03-14,9.947,0,0,0,0,0,0,0,0,0
2055-03-15,9.947,0,0,0,0,0,0,0,0,0
2055-03-16,9.947,0,0,0,0,0,0,0,0,0
2055-03-17,9.947,0,0,0,0,0,0,0,0,0
2055-03-18,9.947,0,0,0,0,0,0,0,0,0
2055-03-19,9.947,0,0,0,0,0,0,0,0,0
2055-03-20,9.947,0,0,0,0,0,0,0,0,0
2055-03-21,9.947,0,0,0,0,0,0,0,0,0
2055-03-22,9.947,0,0,0,0,0,0,0,0,0
2055-03-23,9.947,0,0,0,0,0,0,0,0,0
2055-03-24,9.947,0,0,0,0,0,0,0,0,0
2055-03-25,9.947,0,0,0,0,0,0,0,0,0
2055-03-26,9.947,0,0,0,0,0,0,0,0,0
2055-03-27,9.947,0,0,0,0,0,0,0,0,0
2055-03-28,9.947,0,0,0,0,0,0,0,0,0
2055-03-29,9.947,0,0,0,0,0,0,0,0,0
2055-03-30,9.947,0,0,0,0,0,0,0,0,0
2055-03-31,9.947,0,0,0,0,0,0,0,0,0
2055-04-01,4.226,0,0,0,0,0,0,0,0,0
2055-04-02,4.226,0,0,0,0,0,0,0,0,0
2055-04-03,4.226,0,0,0,0,0,0,0,0,0
2055-04-04,4.226,0,0,0,0,0,0,0,0,0
2055-04-05,4.226,0,0,0,0,0,0,0,0,0
2055-04-06,4.226,0,0,0,0,0,0,0,0,0
2055-04-07,4.226,0,0,0,0,0,0,0,0,0
2055-04-08,4.226,0,0,0,0,0,0,0,0,0
2055-04-09,4.226,0,0,0,0,0,0,0,0,0
2055-04-10,4.226,0,0,0,0,0,0,0,0,0
2055-04-11,4.226,0,0,0,0,0,0,0,0,0
2055-04-12,4.226,0,0,0,0,0,0,0,0,0
2055-04-13,4.226,0,0,0,0,0,0,0,0,0
2055-04-14,4.226,0,0,0,0,0,0,0,0,0
2055-04-15,4.226,0,0,0,0,0,0,0,0,0
2055-04-16,4.226,0,0,0,0,0,0,0,0,0
2055-04-17,4.226,0,0,0,0,0,0,0,0,0
2055-04-18,4.226,0,0,0,0,0,0,0,0,0
2055-04-19,4.226,0,0,0,0,0,0,0,0,0
2055-04-20,4.226,0,0,0,0,0,0,0,0,0
2055-04-21,4.226,0,0,0,0,0,0,0,0,0
2055-04-22,4.226,0,0,0,0,0,0,0,0,0
2055-04-23,4.226,0,0,0,0,0,0,0,0,0
2055-04-24,4.226,0,0,0,0,0,0,0,0,0
2055-04-25,4.226,0,0,0,0,0,0,0,0,0
2055-04-26,4.226,0,0,0,0,0,0,0,0,0
2055-04-27,4.226,0,0,0,0,0,0,0,0,0
2055-04-28,4.226,0,0,0,0,0,0,0,0,0
2055-04-29,4.226,0,0,0,0,0,0,0,0,0
2055-04-30,4.226,0,0,0,0,0,0,0,0,0
2055-05-01,8.973,0,0,0,0,0,0,0,0,0
2055-05-02,8.973,0,0,0,0,0,0,0,0,0
2055-05-03,8.973,0,0,0,0,0,0,0,0,0
2055-05-04,8.973,0,0,0,0,0,0,0,0,0
2055-05-05,8.973,0,0,0,0,0,0,0,0,0
2055-05-06,8.973,0,0,0,0,0,0,0,0,0
2055-05-07,8.973,0,0,0,0,0,0,0,0,0
2055-05-08,8.973,0,0,0,0,0,0,0,0,0
2055-05-09,8.973,0,0,0,0,0,0,0,0,0
2055-05-10,8.973,0,0,0,0,0,0,0,0,0
2055-05-11,8.973,0,0,0,0,0,0,0,0,0
2055-05-12,8.973,0,0,0,0,0,0,0,0,0
2055-05-13,8.973,0,0,0,0,0,0,0,0,0
2055-05-14,8.973,0,0,0,0,0,0,0,0,0
2055-05-15,8.973,0,0,0,0,0,0,0,0,0
2055-05-16,8.973,0,0,0,0,0,0,0,0,0
2055-05-17,8.973,0,0,0,0,0,0,0,0,0
2055-05-18,8.973,0,0,0,0,0,0,0,0,0
2055-05-19,8.973,0,0,0,0,0,0,0,0,0
2055-05-20,8.973,0,0,0,0,0,0,0,0,0
2055-05-21,8.973,0,0,0,0,0,0,0,0,0
2055-05-22,8.973,0,0,0,0,0,0,0,0,0
2055-05-23,8.973,0,0,0,0,0,0,0,0,0
2055-05-24,8.973,0,0,0,0,0,0,0,0,0
2055-05-25,8.973,0,0,0,0,0,0,0,0,0
2055-05-26,8.973,0,0,0,0,0,0,0,0,0
2055-05-27,8.973,0,0,0,0,0,0,0,0,0
2055-05-28,8.973,0,0,0,0,0,0,0,0,0
2055-05-29,8.973,0,0,0,0,0,0,0,0,0
2055-05-30,8.973,0,0,0,0,0,0,0,0,0
2055-05-31,8.973,0,0,0,0,0,0,0,0,0
2055-06-01,17.951,0,0,0,0,0,0,0,0,0
2055-06-02,17.951,0,0,0,0,0,0,0,0,0
2055-06-03,17.951,0,0,0,0,0,0,0,0,0
2055-06-04,17.951,0,0,0,0,0,0,0,0,0
2055-06-05,17.951,0,0,0,0,0,0,0,0,0
2055-06-06,17.951,0,0,0,0,0,0,0,0,0
2055-06-07,17.951,0,0,0,0,0,0,0,0,0
2055-06-08,17.951,0,0,0,0,0,0,0,0,0
2055-06-09,17.951,0,0,0,0,0,0,0,0,0
2055-06-10,17.951,0,0,0,0,0,0,0,0,0
2055-06-11,17.951,0,0,0,0,0,0,0,0,0
2055-06-12,17.951,0,0,0,0,0,0,0,0,0
2055-06-13,17.951,0,0,0,0,0,0,0,0,0
2055-06-14,17.951,0,0,0,0,0,0,0,0,0
2055-06-15,17.951,0,0,0,0,0,0,0,0,0
2055-06-16,17.951,0,0,0,0,0,0,0,0,0
2055-06-17,17.951,0,0,0,0,0,0,0,0,0
2055-06-18,17.951,0,0,0,0,0,0,0,0,0
2055-06-19,17.951,0,0,0,0,0,0,0,0,0
2055-06-20,17.951,0,0,0,0,0,0,0,0,0
2055-06-21,17.951,0,0,0,0,0,0,0,0,0
2055-06-22,17.951,0,0,0,0,0,0,0,0,0
2055-06-23,17.951,0,0,0,0,0,0,0,0,0
2055-06-24,17.951,0,0,0,0,0,0,0,0,0
2055-06-25,17.951,0,0,0,0,0,0,0,0,0
2055-06-26,17.951,0,0,0,0,0,0,0,0,0
2055-06-27,17.951,0,0,0,0,0,0,0,0,0
2055-06-28,17.951,0,0,0,0,0,0,0,0,0
2055-06-29,17.951,0,0,0,0,0,0,0,0,0
2055-06-30,17.951,0,0,0,0,0,0,0,0,0
2055-07-01,16.268,0,0,0,0,0,0,0,0,0
2055-07-02,16.268,0,0,0,0,0,0,0,0,0
2055-07-03,16.268,0,0,0,0,0,0,0,0,0
2055-07-04,16.268,0,0,0,0,0,0,0,0,0
2055-07-05,16.268,0,0,0,0,0,0,0,0,0
2055-07-06,16.268,0,0,0,0,0,0,0,0,0
2055-07-07,16.268,0,0,0,0,0,0,0,0,0
2055-07-08,16.268,0,0,0,0,0,0,0,0,0
2055-07-09,16.268,0,0,0,0,0,0,0,0,0
2055-07-10,16.268,0,0,0,0,0,0,0,0,0
2055-07-11,16.268,0,0,0,0,0,0,0,0,0
2055-07-12,16.268,0,0,0,0,0,0,0,0,0
2055-07-13,16.268,0,0,0,0,0,0,0,0,0
2055-07-14,16.268,0,0,0,0,0,0,0,0,0
2055-07-15,16.268,0,0,0,0,0,0,0,0,0
2055-07-16,16.268,0,0,0,0,0,0,0,0,0
2055-07-17,16.268,0,0,0,0,0,0,0,0,0
2055-07-18,16.268,0,0,0,0,0,0,0,0,0
2055-07-19,16.268,0,0,0,0,0,0,0,0,0
2055-07-20,16.268,0,0,0,0,0,0,0,0,0
2055-07-21,16.268,0,0,0,0,0,0,0,0,0
2055-07-22,16.268,0,0,0,0,0,0,0,0,0
2055-07-23,16.268,0,0,0,0,0,0,0,0,0
2055-07-24,16.268,0,0,0,0,0,0,0,0,0
2055-07-25,16.268,0,0,0,0,0,0,0,0,0
2055-07-26,16.268,0,0,0,0,0,0,0,0,0
2055-07-27,16.268,0,0,0,0,0,0,0,0,0
2055-07-28,16.268,0,0,0,0,0,0,0,0,0
2055-07-29,16.268,0,0,0,0,0,0,0,0,0
2055-07-30,16.268,0,0,0,0,0,0,0,0,0
2055-07-31,16.268,0,0,0,0,0,0,0,0,0
2055-08-01,8.273,0,0,0,0,0,0,0,0,0
2055-08-02,8.273,0,0,0,0,0,0,0,0,0
2055-08-03,8.273,0,0,0,0,0,0,0,0,0
2055-08-04,8.273,0,0,0,0,0,0,0,0,0
2055-08-05,8.273,0,0,0,0,0,0,0,0,0
2055-08-06,8.273,0,0,0,0,0,0,0,0,0
2055-08-07,8.273,0,0,0,0,0,0,0,0,0
2055-08-08,8.273,0,0,0,0,0,0,0,0,0
2055-08-09,8.273,0,0,0,0,0,0,0,0,0
2055-08-10,8.273,0,0,0,0,0,0,0,0,0
2055-08-11,8.273,0,0,0,0,0,0,0,0,0
2055-08-12,8.273,0,0,0,0,0,0,0,0,0
2055-08-13,8.273,0,0,0,0,0,0,0,0,0
2055-08-14,8.273,0,0,0,0,0,0,0,0,0
2055-08-15,8.273,0,0,0,0,0,0,0,0,0
2055-08-16,8.273,0,0,0,0,0,0,0,0,0
2055-08-17,8.273,0,0,0,0,0,0,0,0,0
2055-08-18,8.273,0,0,0,0,0,0,0,0,0
2055-08-19,8.273,0,0,0,0,0,0,0,0,0
2055-08-20,8.273,0,0,0,0,0,0,0,0,0
2055-08-21,8.273,0,0,0,0,0,0,0,0,0
2055-08-22,8.273,0,0,0,0,0,0,0,0,0
2055-08-23,8.273,0,0,0,0,0,0,0,0,0
2055-08-24,8.273,0,0,0,0,0,0,0,0,0
2055-08-25,8.273,0,0,0,0,0,0,0,0,0
2055-08-26,8.273,0,0,0,0,0,0,0,0,0
2055-08-27,8.273,0,0,0,0,0,0,0,0,0
2055-08-28,8.273,0,0,0,0,0,0,0,0,0
2055-08-29,8.273,0,0,0,0,0,0,0,0,0
2055-08-30,8.273,0,0,0,0,0,0,0,0,0
2055-08-31,8.273,0,0,0,0,0,0,0,0,0
2055-09-01,9.838,0,0,0,0,0,0,0,0,0
2055-09-02,9.838,0,0,0,0,0,0,0,0,0
2055-09-03,9.838,0,0,0,0,0,0,0,0,0
2055-09-04,9.838,0,0,0,0,0,0,0,0,0
2055-09-05,9.838,0,0,0,0,0,0,0,0,0
2055-09-06,9.838,0,0,0,0,0,0,0,0,0
2055-09-07,9.838,0,0,0,0,0,0,0,0,0
2055-09-08,9.838,0,0,0,0,0,0,0,0,0
2055-09-09,9.838,0,0,0,0,0,0,0,0,0
2055-09-10,9.838,0,0,0,0,0,0,0,0,0
2055-09-11,9.838,0,0,0,0,0,0,0,0,0
2055-09-12,9.838,0,0,0,0,0,0,0,0,0
2055-09-13,9.838,0,0,0,0,0,0,0,0,0
2055-09-14,9.838,0,0,0,0,0,0,0,0,0
2055-09-15,9.838,0,0,0,0,0,0,0,0,0
2055-09-16,9.838,0,0,0,0,0,0,0,0,0
2055-09-17,9.838,0,0,0,0,0,0,0,0,0
2055-09-18,9.838,0,0,0,0,0,0,0,0,0
2055-09-19,9.838,0,0,0,0,0,0,0,0,0
2055-09-20,9.838,0,0,0,0,0,0,0,0,0
2055-09-21,9.838,0,0,0,0,0,0,0,0,0
2055-09-22,9.838,0,0,0,0,0,0,0,0,0
2055-09-23,9.838,0,0,0,0,0,0,0,0,0
2055-09-24,9.838,0,0,0,0,0,0,0,0,0
2055-09-25,9.838,0,0,0,0,0,0,0,0,0
2055-09-26,9.838,0,0,0,0,0,0,0,0,0
2055-09-27,9.838,0,0,0,0,0,0,0,0,0
2055-09-28,9.838,0,0,0,0,0,0,0,0,0
2055-09-29,9.838,0,0,0,0,0,0,0,0,0
2055-09-30,9.838,0,0,0,0,0,0,0,0,0
2055-10-01,3.806,0,0,0,0,0,0,0,0,0
2055-10-02,3.806,0,0,0,0,0,0,0,0,0
2055-10-03,3.806,0,0,0,0,0,0,0,0,0
2055-10-04,3.806,0,0,0,0,0,0,0,0,0
2055-10-05,3.806,0,0,0,0,0,0,0,0,0
2055-10-06,3.806,0,0,0,0,0,0,0,0,0
2055-10-07,3.806,0,0,0,0,0,0,0,0,0
2055-10-08,3.806,0,0,0,0,0,0,0,0,0
2055-10-09,3.806,0,0,0,0,0,0,0,0,0
2055-10-10,3.806,0,0,0,0,0,0,0,0,0
2055-10-11,3.806,0,0,0,0,0,0,0,0,0
2055-10-12,3.806,0,0,0,0,0,0,0,0,0
2055-10-13,3.806,0,0,0,0,0,0,0,0,0
2055-10-14,3.806,0,0,0,0,0,0,0,0,0
2055-10-15,3.806,0,0,0,0,0,0,0,0,0
2055-10-16,3.806,0,0,0,0,0,0,0,0,0
2055-10-17,3.806,0,0,0,0,0,0,0,0,0
2055-10-18,3.806,0,0,0,0,0,0,0,0,0
2055-10-19,3.806,0,0,0,0,0,0,0,0,0
2055-10-20,3.806,0,0,0,0,0,0,0,0,0
2055-10-21,3.806,0,0,0,0,0,0,0,0,0
2055-10-22,3.806,0,0,0,0,0,0,0,0,0
2055-10-23,3.806,0,0,0,0,0,0,0,0,0
2055-10-24,3.806,0,0,0,0,0,0,0,0,0
2055-10-25,3.806,0,0,0,0,0,0,0,0,0
2055-10-26,3.806,0,0,0,0,0,0,0,0,0
2055-10-27,3.806,0,0,0,0,0,0,0,0,0
2055-10-28,3.806,0,0,0,0,0,0,0,0,0
2055-10-29,3.806,0,0,0,0,0,0,0,0,0
2055-10-30,3.806,0,0,0,0,0,0,0,0,0
2055-10-31,3.806,0,0,0,0,0,0,0,0,0
2055-11-01,6.803,0,0,0,0,0,0,0,0,0
2055-11-02,6.803,0,0,0,0,0,0,0,0,0
2055-11-03,6.803,0,0,0,0,0,0,0,0,0
2055-11-04,6.803,0,0,0,0,0,0,0,0,0
2055-11-05,6.803,0,0,0,0,0,0,0,0,0
2055-11-06,6.803,0,0,0,0,0,0,0,0,0
2055-11-07,6.803,0,0,0,0,0,0,0,0,0
2055-11-08,6.803,0,0,0,0,0,0,0,0,0
2055-11-09,6.803,0,0,0,0,0,0,0,0,0
2055-11-10,6.803,0,0,0,0,0,0,0,0,0
2055-11-11,6.803,0,0,0,0,0,0,0,0,0
2055-11-12,6.803,0,0,0,0,0,0,0,0,0
2055-11-13,6.803,0,0,0,0,0,0,0,0,0
2055-11-14,6.803,0,0,0,0,0,0,0,0,0
2055-11-15,6.803,0,0,0,0,0,0,0,0,0
2055-11-16,6.803,0,0,0,0,0,0,0,0,0
2055-11-17,6.803,0,0,0,0,0,0,0,0,0
2055-11-18,6.803,0,0,0,0,0,0,0,0,0
2055-11-19,6.803,0,0,0,0,0,0,0,0,0
2055-11-20,6.803,0,0,0,0,0,0,0,0,0
2055-11-21,6.803,0,0,0,0,0,0,0,0,0
2055-11-22,6.803,0,0,0,0,0,0,0,0,0
2055-11-23,6.803,0,0,0,0,0,0,0,0,0
2055-11-24,6.803,0,0,0,0,0,0,0,0,0
2055-11-25,6.803,0,0,0,0,0,0,0,0,0
2055-11-26,6.803,0,0,0,0,0,0,0,0,0
2055-11-27,6.803,0,0,0,0,0,0,0,0,0
2055-11-28,6.803,0,0,0,0,0,0,0,0,0
2055-11-29,6.803,0,0,0,0,0,0,0,0,0
2055-11-30,6.803,0,0,0,0,0,0,0,0,0
2055-12-01,6.249,0,0,0,0,0,0,0,0,0
2055-12-02,6.249,0,0,0,0,0,0,0,0,0
2055-12-03,6.249,0,0,0,0,0,0,0,0,0
2055-12-04,6.249,0,0,0,0,0,0,0,0,0
2055-12-05,6.249,0,0,0,0,0,0,0,0,0
2055-12-06,6.249,0,0,0,0,0,0,0,0,0
2055-12-07,6.249,0,0,0,0,0,0,0,0,0
2055-12-08,6.249,0,0,0,0,0,0,0,0,0
2055-12-09,6.249,0,0,0,0,0,0,0,0,0
2055-12-10,6.249,0,0,0,0,0,0,0,0,0
2055-12-11,6.249,0,0,0,0,0,0,0,0,0
2055-12-12,6.249,0,0,0,0,0,0,0,0,0
2055-12-13,6.249,0,0,0,0,0,0,0,0,0
2055-12-14,6.249,0,0,0,0,0,0,0,0,0
2055-12-15,6.249,0,0,0,0,0,0,0,0,0
2055-12-16,6.249,0,0,0,0,0,0,0,0,0
2055-12-17,6.249,0,0,0,0,0,0,0,0,0
2055-12-18,6.249,0,0,0,0,0,0,0,0,0
2055-12-19,6.249,0,0,0,0,0,0,0,0,0
2055-12-20,6.249,0,0,0,0,0,0,0,0,0
2055-12-21,6.249,0,0,0,0,0,0,0,0,0
2055-12-22,6.249,0,0,0,0,0,0,0,0,0
2055-12-23,6.249,0,0,0,0,0,0,0,0,0
2055-12-24,6.249,0,0,0,0,0,0,0,0,0
2055-12-25,6.249,0,0,0,0,0,0,0,0,0
2055-12-26,6.249,0,0,0,0,0,0,0,0,0
2055-12-27,6.249,0,0,0,0,0,0,0,0,0
2055-12-28,6.249,0,0,0,0,0,0,0,0,0
2055-12-29,6.249,0,0,0,0,0,0,0,0,0
2055-12-30,6.249,0,0,0,0,0,0,0,0,0
2055-12-31,6.249,0,0,0,0,0,0,0,0,0
2056-01-01,9.292,0,0,0,0,0,0,0,0,0
2056-01-02,9.292,0,0,0,0,0,0,0,0,0
2056-01-03,9.292,0,0,0,0,0,0,0,0,0
2056-01-04,9.292,0,0,0,0,0,0,0,0,0
2056-01-05,9.292,0,0,0,0,0,0,0,0,0
2056-01-06,9.292,0,0,0,0,0,0,0,0,0
2056-01-07,9.292,0,0,0,0,0,0,0,0,0
2056-01-08,9.292,0,0,0,0,0,0,0,0,0
2056-01-09,9.292,0,0,0,0,0,0,0,0,0
2056-01-10,9.292,0,0,0,0,0,0,0,0,0
2056-01-11,9.292,0,0,0,0,0,0,0,0,0
2056-01-12,9.292,0,0,0,0,0,0,0,0,0
2056-01-13,9.292,0,0,0,0,0,0,0,0,0
2056-01-14,9.292,0,0,0,0,0,0,0,0,0
2056-01-15,9.292,0,0,0,0,0,0,0,0,0
2056-01-16,9.292,0,0,0,0,0,0,0,0,0
2056-01-17,9.292,0,0,0,0,0,0,0,0,0
2056-01-18,9.292,0,0,0,0,0,0,0,0,0
2056-01-19,9.292,0,0,0,0,0,0,0,0,0
2056-01-20,9.292,0,0,0,0,0,0,0,0,0
2056-01-21,9.292,0,0,0,0,0,0,0,0,0
2056-01-22,9.292,0,0,0,0,0,0,0,0,0
2056-01-23,9.292,0,0,0,0,0,0,0,0,0
2056-01-24,9.292,0,0,0,0,0,0,0,0,0
2056-01-25,9.292,0,0,0,0,0,0,0,0,0
2056-01-26,9.292,0,0,0,0,0,0,0,0,0
2056-01-27,9.292,0,0,0,0,0,0,0,0,0
2056-01-28,9.292,0,0,0,0,0,0,0,0,0
2056-01-29,9.292,0,0,0,0,0,0,0,0,0
2056-01-30,9.292,0,0,0,0,0,0,0,0,0
2056-01-31,9.292,0,0,0,0,0,0,0,0,0
2056-02-01,5.627,0,0,0,0,0,0,0,0,0
2056-02-02,5.627,0,0,0,0,0,0,0,0,0
2056-02-03,5.627,0,0,0,0,0,0,0,0,0
2056-02-04,5.627,0,0,0,0,0,0,0,0,0
2056-02-05,5.627,0,0,0,0,0,0,0,0,0
2056-02-06,5.627,0,0,0,0,0,0,0,0,0
2056-02-07,5.627,0,0,0,0,0,0,0,0,0
2056-02-08,5.627,0,0,0,0,0,0,0,0,0
2056-02-09,5.627,0,0,0,0,0,0,0,0,0
2056-02-10,5.627,0,0,0,0,0,0,0,0,0
2056-02-11,5.627,0,0,0,0,0,0,0,0,0
2056-02-12,5.627,0,0,0,0,0,0,0,0,0
2056-02-13,5.627,0,0,0,0,0,0,0,0,0
2056-02-14,5.627,0,0,0,0,0,0,0,0,0
2056-02-15,5.627,0,0,0,0,0,0,0,0,0
2056-02-16,5.627,0,0,0,0,0,0,0,0,0
2056-02-17,5.627,0,0,0,0,0,0,0,0,0
2056-02-18,5.627,0,0,0,0,0,0,0,0,0
2056-02-19,5.627,0,0,0,0,0,0,0,0,0
2056-02-20,5.627,0,0,0,0,0,0,0,0,0
2056-02-21,5.627,0,0,0,0,0,0,0,0,0
2056-02-22,5.627,0,0,0,0,0,0,0,0,0
2056-02-23,5.627,0,0,0,0,0,0,0,0,0
2056-02-24,5.627,0,0,0,0,0,0,0,0,0
2056-02-25,5.627,0,0,0,0,0,0,0,0,0
2056-02-26,5.627,0,0,0,0,0,0,0,0,0
2056-02-27,5.627,0,0,0,0,0,0,0,0,0
2056-02-28,5.627,0,0,0,0,0,0,0,0,0
2056-03-01,9.947,0,0,0,0,0,0,0,0,0
2056-03-02,9.947,0,0,0,0,0,0,0,0,0
2056-03-03,9.947,0,0,0,0,0,0,0,0,0
2056-03-04,9.947,0,0,0,0,0,0,0,0,0
2056-03-05,9.947,0,0,0,0,0,0,0,0,0
2056-03-06,9.947,0,0,0,0,0,0,0,0,0
2056-03-07,9.947,0,0,0,0,0,0,0,0,0
2056-03-08,9.947,0,0,0,0,0,0,0,0,0
2056-03-09,9.947,0,0,0,0,0,0,0,0,0
2056-03-10,9.947,0,0,0,0,0,0,0,0,0
2056-03-11,9.947,0,0,0,0,0,0,0,0,0
2056-03-12,9.947,0,0,0,0,0,0,0,0,0
2056-03-13,9.947,0,0,0,0,0,0,0,0,0
2056-03-14,9.947,0,0,0,0,0,0,0,0,0
2056-03-15,9.947,0,0,0,0,0,0,0,0,0
2056-03-16,9.947,0,0,0,0,0,0,0,0,0
2056-03-17,9.947,0,0,0,0,0,0,0,0,0
2056-03-18,9.947,0,0,0,0,0,0,0,0,0
2056-03-19,9.947,0,0,0,0,0,0,0,0,0
2056-03-20,9.947,0,0,0,0,0,0,0,0,0
2056-03-21,9.947,0,0,0,0,0,0,0,0,0
2056-03-22,9.947,0,0,0,0,0,0,0,0,0
2056-03-23,9.947,0,0,0,0,0,0,0,0,0
2056-03-24,9.947,0,0,0,0,0,0,0,0,0
2056-03-25,9.947,0,0,0,0,0,0,0,0,0
2056-03-26,9.947,0,0,0,0,0,0,0,0,0
2056-03-27,9.947,0,0,0,0,0,0,0,0,0
2056-03-28,9.947,0,0,0,0,0,0,0,0,0
2056-03-29,9.947,0,0,0,0,0,0,0,0,0
2056-03-30,9.947,0,0,0,0,0,0,0,0,0
2056-03-31,9.947,0,0,0,0,0,0,0,0,0
2056-04-01,4.226,0,0,0,0,0,0,0,0,0
2056-04-02,4.226,0,0,0,0,0,0,0,0,0
2056-04-03,4.226,0,0,0,0,0,0,0,0,0
2056-04-04,4.226,0,0,0,0,0,0,0,0,0
2056-04-05,4.226,0,0,0,0,0,0,0,0,0
2056-04-06,4.226,0,0,0,0,0,0,0,0,0
2056-04-07,4.226,0,0,0,0,0,0,0,0,0
2056-04-08,4.226,0,0,0,0,0,0,0,0,0
2056-04-09,4.226,0,0,0,0,0,0,0,0,0
2056-04-10,4.226,0,0,0,0,0,0,0,0,0
2056-04-11,4.226,0,0,0,0,0,0,0,0,0
2056-04-12,4.226,0,0,0,0,0,0,0,0,0
2056-04-13,4.226,0,0,0,0,0,0,0,0,0
2056-04-14,4.226,0,0,0,0,0,0,0,0,0
2056-04-15,4.226,0,0,0,0,0,0,0,0,0
2056-04-16,4.226,0,0,0,0,0,0,0,0,0
2056-04-17,4.226,0,0,0,0,0,0,0,0,0
2056-04-18,4.226,0,0,0,0,0,0,0,0,0
2056-04-19,4.226,0,0,0,0,0,0,0,0,0
2056-04-20,4.226,0,0,0,0,0,0,0,0,0
2056-04-21,4.226,0,0,0,0,0,0,0,0,0
2056-04-22,4.226,0,0,0,0,0,0,0,0,0
2056-04-23,4.226,0,0,0,0,0,0,0,0,0
2056-04-24,4.226,0,0,0,0,0,0,0,0,0
2056-04-25,4.226,0,0,0,0,0,0,0,0,0
2056-04-26,4.226,0,0,0,0,0,0,0,0,0
2056-04-27,4.226,0,0,0,0,0,0,0,0,0
2056-04-28,4.226,0,0,0,0,0,0,0,0,0
2056-04-29,4.226,0,0,0,0,0,0,0,0,0
2056-04-30,4.226,0,0,0,0,0,0,0,0,0
2056-05-01,8.973,0,0,0,0,0,0,0,0,0
2056-05-02,8.973,0,0,0,0,0,0,0,0,0
2056-05-03,8.973,0,0,0,0,0,0,0,0,0
2056-05-04,8.973,0,0,0,0,0,0,0,0,0
2056-05-05,8.973,0,0,0,0,0,0,0,0,0
2056-05-06,8.973,0,0,0,0,0,0,0,0,0
2056-05-07,8.973,0,0,0,0,0,0,0,0,0
2056-05-08,8.973,0,0,0,0,0,0,0,0,0
2056-05-09,8.973,0,0,0,0,0,0,0,0,0
2056-05-10,8.973,0,0,0,0,0,0,0,0,0
2056-05-11,8.973,0,0,0,0,0,0,0,0,0
2056-05-12,8.973,0,0,0,0,0,0,0,0,0
2056-05-13,8.973,0,0,0,0,0,0,0,0,0
2056-05-14,8.973,0,0,0,0,0,0,0,0,0
2056-05-15,8.973,0,0,0,0,0,0,0,0,0
2056-05-16,8.973,0,0,0,0,0,0,0,0,0
2056-05-17,8.973,0,0,0,0,0,0,0,0,0
2056-05-18,8.973,0,0,0,0,0,0,0,0,0
2056-05-19,8.973,0,0,0,0,0,0,0,0,0
2056-05-20,8.973,0,0,0,0,0,0,0,0,0
2056-05-21,8.973,0,0,0,0,0,0,0,0,0
2056-05-22,8.973,0,0,0,0,0,0,0,0,0
2056-05-23,8.973,0,0,0,0,0,0,0,0,0
2056-05-24,8.973,0,0,0,0,0,0,0,0,0
2056-05-25,8.973,0,0,0,0,0,0,0,0,0
2056-05-26,8.973,0,0,0,0,0,0,0,0,0
2056-05-27,8.973,0,0,0,0,0,0,0,0,0
2056-05-28,8.973,0,0,0,0,0,0,0,0,0
2056-05-29,8.973,0,0,0,0,0,0,0,0,0
2056-05-30,8.973,0,0,0,0,0,0,0,0,0
2056-05-31,8.973,0,0,0,0,0,0,0,0,0
2056-06-01,17.951,0,0,0,0,0,0,0,0,0
2056-06-02,17.951,0,0,0,0,0,0,0,0,0
2056-06-03,17.951,0,0,0,0,0,0,0,0,0
2056-06-04,17.951,0,0,0,0,0,0,0,0,0
2056-06-05,17.951,0,0,0,0,0,0,0,0,0
2056-06-06,17.951,0,0,0,0,0,0,0,0,0
2056-06-07,17.951,0,0,0,0,0,0,0,0,0
2056-06-08,17.951,0,0,0,0,0,0,0,0,0
2056-06-09,17.951,0,0,0,0,0,0,0,0,0
2056-06-10,17.951,0,0,0,0,0,0,0,0,0
2056-06-11,17.951,0,0,0,0,0,0,0,0,0
2056-06-12,17.951,0,0,0,0,0,0,0,0,0
2056-06-13,17.951,0,0,0,0,0,0,0,0,0
2056-06-14,17.951,0,0,0,0,0,0,0,0,0
2056-06-15,17.951,0,0,0,0,0,0,0,0,0
2056-06-16,17.951,0,0,0,0,0,0,0,0,0
2056-06-17,17.951,0,0,0,0,0,0,0,0,0
2056-06-18,17.951,0,0,0,0,0,0,0,0,0
2056-06-19,17.951,0,0,0,0,0,0,0,0,0
2056-06-20,17.951,0,0,0,0,0,0,0,0,0
2056-06-21,17.951,0,0,0,0,0,0,0,0,0
2056-06-22,17.951,0,0,0,0,0,0,0,0,0
2056-06-23,17.951,0,0,0,0,0,0,0,0,0
2056-06-24,17.951,0,0,0,0,0,0,0,0,0
2056-06-25,17.951,0,0,0,0,0,0,0,0,0
2056-06-26,17.951,0,0,0,0,0,0,0,0,0
2056-06-27,17.951,0,0,0,0,0,0,0,0,0
2056-06-28,17.951,0,0,0,0,0,0,0,0,0
2056-06-29,17.951,0,0,0,0,0,0,0,0,0
2056-06-30,17.951,0,0,0,0,0,0,0,0,0
2056-07-01,16.268,0,0,0,0,0,0,0,0,0
2056-07-02,16.268,0,0,0,0,0,0,0,0,0
2056-07-03,16.268,0,0,0,0,0,0,0,0,0
2056-07-04,16.268,0,0,0,0,0,0,0,0,0
2056-07-05,16.268,0,0,0,0,0,0,0,0,0
2056-07-06,16.268,0,0,0,0,0,0,0,0,0
2056-07-07,16.268,0,0,0,0,0,0,0,0,0
2056-07-08,16.268,0,0,0,0,0,0,0,0,0
2056-07-09,16.268,0,0,0,0,0,0,0,0,0
2056-07-10,16.268,0,0,0,0,0,0,0,0,0
2056-07-11,16.268,0,0,0,0,0,0,0,0,0
2056-07-12,16.268,0,0,0,0,0,0,0,0,0
2056-07-13,16.268,0,0,0,0,0,0,0,0,0
2056-07-14,16.268,0,0,0,0,0,0,0,0,0
2056-07-15,16.268,0,0,0,0,0,0,0,0,0
2056-07-16,16.268,0,0,0,0,0,0,0,0,0
2056-07-17,16.268,0,0,0,0,0,0,0,0,0
2056-07-18,16.268,0,0,0,0,0,0,0,0,0
2056-07-19,16.268,0,0,0,0,0,0,0,0,0
2056-07-20,16.268,0,0,0,0,0,0,0,0,0
2056-07-21,16.268,0,0,0,0,0,0,0,0,0
2056-07-22,16.268,0,0,0,0,0,0,0,0,0
2056-07-23,16.268,0,0,0,0,0,0,0,0,0
2056-07-24,16.268,0,0,0,0,0,0,0,0,0
2056-07-25,16.268,0,0,0,0,0,0,0,0,0
2056-07-26,16.268,0,0,0,0,0,0,0,0,0
2056-07-27,16.268,0,0,0,0,0,0,0,0,0
2056-07-28,16.268,0,0,0,0,0,0,0,0,0
2056-07-29,16.268,0,0,0,0,0,0,0,0,0
2056-07-30,16.268,0,0,0,0,0,0,0,0,0
2056-07-31,16.268,0,0,0,0,0,0,0,0,0
2056-08-01,8.273,0,0,0,0,0,0,0,0,0
2056-08-02,8.273,0,0,0,0,0,0,0,0,0
2056-08-03,8.273,0,0,0,0,0,0,0,0,0
2056-08-04,8.273,0,0,0,0,0,0,0,0,0
2056-08-05,8.273,0,0,0,0,0,0,0,0,0
2056-08-06,8.273,0,0,0,0,0,0,0,0,0
2056-08-07,8.273,0,0,0,0,0,0,0,0,0
2056-08-08,8.273,0,0,0,0,0,0,0,0,0
2056-08-09,8.273,0,0,0,0,0,0,0,0,0
2056-08-10,8.273,0,0,0,0,0,0,0,0,0
2056-08-11,8.273,0,0,0,0,0,0,0,0,0
2056-08-12,8.273,0,0,0,0,0,0,0,0,0
2056-08-13,8.273,0,0,0,0,0,0,0,0,0
2056-08-14,8.273,0,0,0,0,0,0,0,0,0
2056-08-15,8.273,0,0,0,0,0,0,0,0,0
2056-08-16,8.273,0,0,0,0,0,0,0,0,0
2056-08-17,8.273,0,0,0,0,0,0,0,0,0
2056-08-18,8.273,0,0,0,0,0,0,0,0,0
2056-08-19,8.273,0,0,0,0,0,0,0,0,0
2056-08-20,8.273,0,0,0,0,0,0,0,0,0
2056-08-21,8.273,0,0,0,0,0,0,0,0,0
2056-08-22,8.273,0,0,0,0,0,0,0,0,0
2056-08-23,8.273,0,0,0,0,0,0,0,0,0
2056-08-24,8.273,0,0,0,0,0,0,0,0,0
2056-08-25,8.273,0,0,0,0,0,0,0,0,0
2056-08-26,8.273,0,0,0,0,0,0,0,0,0
2056-08-27,8.273,0,0,0,0,0,0,0,0,0
2056-08-28,8.273,0,0,0,0,0,0,0,0,0
2056-08-29,8.273,0,0,0,0,0,0,0,0,0
2056-08-30,8.273,0,0,0,0,0,0,0,0,0
2056-08-31,8.273,0,0,0,0,0,0,0,0,0
2056-09-01,9.838,0,0,0,0,0,0,0,0,0
2056-09-02,9.838,0,0,0,0,0,0,0,0,0
2056-09-03,9.838,0,0,0,0,0,0,0,0,0
2056-09-04,9.838,0,0,0,0,0,0,0,0,0
2056-09-05,9.838,0,0,0,0,0,0,0,0,0
2056-09-06,9.838,0,0,0,0,0,0,0,0,0
2056-09-07,9.838,0,0,0,0,0,0,0,0,0
2056-09-08,9.838,0,0,0,0,0,0,0,0,0
2056-09-09,9.838,0,0,0,0,0,0,0,0,0
2056-09-10,9.838,0,0,0,0,0,0,0,0,0
2056-09-11,9.838,0,0,0,0,0,0,0,0,0
2056-09-12,9.838,0,0,0,0,0,0,0,0,0
2056-09-13,9.838,0,0,0,0,0,0,0,0,0
2056-09-14,9.838,0,0,0,0,0,0,0,0,0
2056-09-15,9.838,0,0,0,0,0,0,0,0,0
2056-09-16,9.838,0,0,0,0,0,0,0,0,0
2056-09-17,9.838,0,0,0,0,0,0,0,0,0
2056-09-18,9.838,0,0,0,0,0,0,0,0,0
2056-09-19,9.838,0,0,0,0,0,0,0,0,0
2056-09-20,9.838,0,0,0,0,0,0,0,0,0
2056-09-21,9.838,0,0,0,0,0,0,0,0,0
2056-09-22,9.838,0,0,0,0,0,0,0,0,0
2056-09-23,9.838,0,0,0,0,0,0,0,0,0
2056-09-24,9.838,0,0,0,0,0,0,0,0,0
2056-09-25,9.838,0,0,0,0,0,0,0,0,0
2056-09-26,9.838,0,0,0,0,0,0,0,0,0
2056-09-27,9.838,0,0,0,0,0,0,0,0,0
2056-09-28,9.838,0,0,0,0,0,0,0,0,0
2056-09-29,9.838,0,0,0,0,0,0,0,0,0
2056-09-30,9.838,0,0,0,0,0,0,0,0,0
2056-10-01,3.806,0,0,0,0,0,0,0,0,0
2056-10-02,3.806,0,0,0,0,0,0,0,0,0
2056-10-03,3.806,0,0,0,0,0,0,0,0,0
2056-10-04,3.806,0,0,0,0,0,0,0,0,0
2056-10-05,3.806,0,0,0,0,0,0,0,0,0
2056-10-06,3.806,0,0,0,0,0,0,0,0,0
2056-10-07,3.806,0,0,0,0,0,0,0,0,0
2056-10-08,3.806,0,0,0,0,0,0,0,0,0
2056-10-09,3.806,0,0,0,0,0,0,0,0,0
2056-10-10,3.806,0,0,0,0,0,0,0,0,0
2056-10-11,3.806,0,0,0,0,0,0,0,0,0
2056-10-12,3.806,0,0,0,0,0,0,0,0,0
2056-10-13,3.806,0,0,0,0,0,0,0,0,0
2056-10-14,3.806,0,0,0,0,0,0,0,0,0
2056-10-15,3.806,0,0,0,0,0,0,0,0,0
2056-10-16,3.806,0,0,0,0,0,0,0,0,0
2056-10-17,3.806,0,0,0,0,0,0,0,0,0
2056-10-18,3.806,0,0,0,0,0,0,0,0,0
2056-10-19,3.806,0,0,0,0,0,0,0,0,0
2056-10-20,3.806,0,0,0,0,0,0,0,0,0
2056-10-21,3.806,0,0,0,0,0,0,0,0,0
2056-10-22,3.806,0,0,0,0,0,0,0,0,0
2056-10-23,3.806,0,0,0,0,0,0,0,0,0
2056-10-24,3.806,0,0,0,0,0,0,0,0,0
2056-10-25,3.806,0,0,0,0,0,0,0,0,0
2056-10-26,3.806,0,0,0,0,0,0,0,0,0
2056-10-27,3.806,0,0,0,0,0,0,0,0,0
2056-10-28,3.806,0,0,0,0,0,0,0,0,0
2056-10-29,3.806,0,0,0,0,0,0,0,0,0
2056-10-30,3.806,0,0,0,0,0,0,0,0,0
2056-10-31,3.806,0,0,0,0,0,0,0,0,0
2056-11-01,6.803,0,0,0,0,0,0,0,0,0
2056-11-02,6.803,0,0,0,0,0,0,0,0,0
2056-11-03,6.803,0,0,0,0,0,0,0,0,0
2056-11-04,6.803,0,0,0,0,0,0,0,0,0
2056-11-05,6.803,0,0,0,0,0,0,0,0,0
2056-11-06,6.803,0,0,0,0,0,0,0,0,0
2056-11-07,6.803,0,0,0,0,0,0,0,0,0
2056-11-08,6.803,0,0,0,0,0,0,0,0,0
2056-11-09,6.803,0,0,0,0,0,0,0,0,0
2056-11-10,6.803,0,0,0,0,0,0,0,0,0
2056-11-11,6.803,0,0,0,0,0,0,0,0,0
2056-11-12,6.803,0,0,0,0,0,0,0,0,0
2056-11-13,6.803,0,0,0,0,0,0,0,0,0
2056-11-14,6.803,0,0,0,0,0,0,0,0,0
2056-11-15,6.803,0,0,0,0,0,0,0,0,0
2056-11-16,6.803,0,0,0,0,0,0,0,0,0
2056-11-17,6.803,0,0,0,0,0,0,0,0,0
2056-11-18,6.803,0,0,0,0,0,0,0,0,0
2056-11-19,6.803,0,0,0,0,0,0,0,0,0
2056-11-20,6.803,0,0,0,0,0,0,0,0,0
2056-11-21,6.803,0,0,0,0,0,0,0,0,0
2056-11-22,6.803,0,0,0,0,0,0,0,0,0
2056-11-23,6.803,0,0,0,0,0,0,0,0,0
2056-11-24,6.803,0,0,0,0,0,0,0,0,0
2056-11-25,6.803,0,0,0,0,0,0,0,0,0
2056-11-26,6.803,0,0,0,0,0,0,0,0,0
2056-11-27,6.803,0,0,0,0,0,0,0,0,0
2056-11-28,6.803,0,0,0,0,0,0,0,0,0
2056-11-29,6.803,0,0,0,0,0,0,0,0,0
2056-11-30,6.803,0,0,0,0,0,0,0,0,0
2056-12-01,6.249,0,0,0,0,0,0,0,0,0
2056-12-02,6.249,0,0,0,0,0,0,0,0,0
2056-12-03,6.249,0,0,0,0,0,0,0,0,0
2056-12-04,6.249,0,0,0,0,0,0,0,0,0
2056-12-05,6.249,0,0,0,0,0,0,0,0,0
2056-12-06,6.249,0,0,0,0,0,0,0,0,0
2056-12-07,6.249,0,0,0,0,0,0,0,0,0
2056-12-08,6.249,0,0,0,0,0,0,0,0,0
2056-12-09,6.249,0,0,0,0,0,0,0,0,0
2056-12-10,6.249,0,0,0,0,0,0,0,0,0
2056-12-11,6.249,0,0,0,0,0,0,0,0,0
2056-12-12,6.249,0,0,0,0,0,0,0,0,0
2056-12-13,6.249,0,0,0,0,0,0,0,0,0
2056-12-14,6.249,0,0,0,0,0,0,0,0,0
2056-12-15,6.249,0,0,0,0,0,0,0,0,0
2056-12-16,6.249,0,0,0,0,0,0,0,0,0
2056-12-17,6.249,0,0,0,0,0,0,0,0,0
2056-12-18,6.249,0,0,0,0,0,0,0,0,0
2056-12-19,6.249,0,0,0,0,0,0,0,0,0
2056-12-20,6.249,0,0,0,0,0,0,0,0,0
2056-12-21,6.249,0,0,0,0,0,0,0,0,0
2056-12-22,6.249,0,0,0,0,0,0,0,0,0
2056-12-23,6.249,0,0,0,0,0,0,0,0,0
2056-12-24,6.249,0,0,0,0,0,0,0,0,0
2056-12-25,6.249,0,0,0,0,0,0,0,0,0
2056-12-26,6.249,0,0,0,0,0,0,0,0,0
2056-12-27,6.249,0,0,0,0,0,0,0,0,0
2056-12-28,6.249,0,0,0,0,0,0,0,0,0
2056-12-29,6.249,0,0,0,0,0,0,0,0,0
2056-12-30,6.249,0,0,0,0,0,0,0,0,0
2056-12-31,6.249,0,0,0,0,0,0,0,0,0
2057-01-01,9.292,0,0,0,0,0,0,0,0,0
2057-01-02,9.292,0,0,0,0,0,0,0,0,0
2057-01-03,9.292,0,0,0,0,0,0,0,0,0
2057-01-04,9.292,0,0,0,0,0,0,0,0,0
2057-01-05,9.292,0,0,0,0,0,0,0,0,0
2057-01-06,9.292,0,0,0,0,0,0,0,0,0
2057-01-07,9.292,0,0,0,0,0,0,0,0,0
2057-01-08,9.292,0,0,0,0,0,0,0,0,0
2057-01-09,9.292,0,0,0,0,0,0,0,0,0
2057-01-10,9.292,0,0,0,0,0,0,0,0,0
2057-01-11,9.292,0,0,0,0,0,0,0,0,0
2057-01-12,9.292,0,0,0,0,0,0,0,0,0
2057-01-13,9.292,0,0,0,0,0,0,0,0,0
2057-01-14,9.292,0,0,0,0,0,0,0,0,0
2057-01-15,9.292,0,0,0,0,0,0,0,0,0
2057-01-16,9.292,0,0,0,0,0,0,0,0,0
2057-01-17,9.292,0,0,0,0,0,0,0,0,0
2057-01-18,9.292,0,0,0,0,0,0,0,0,0
2057-01-19,9.292,0,0,0,0,0,0,0,0,0
2057-01-20,9.292,0,0,0,0,0,0,0,0,0
2057-01-21,9.292,0,0,0,0,0,0,0,0,0
2057-01-22,9.292,0,0,0,0,0,0,0,0,0
2057-01-23,9.292,0,0,0,0,0,0,0,0,0
2057-01-24,9.292,0,0,0,0,0,0,0,0,0
2057-01-25,9.292,0,0,0,0,0,0,0,0,0
2057-01-26,9.292,0,0,0,0,0,0,0,0,0
2057-01-27,9.292,0,0,0,0,0,0,0,0,0
2057-01-28,9.292,0,0,0,0,0,0,0,0,0
2057-01-29,9.292,0,0,0,0,0,0,0,0,0
2057-01-30,9.292,0,0,0,0,0,0,0,0,0
2057-01-31,9.292,0,0,0,0,0,0,0,0,0
2057-02-01,5.627,0,0,0,0,0,0,0,0,0
2057-02-02,5.627,0,0,0,0,0,0,0,0,0
2057-02-03,5.627,0,0,0,0,0,0,0,0,0
2057-02-04,5.627,0,0,0,0,0,0,0,0,0
2057-02-05,5.627,0,0,0,0,0,0,0,0,0
2057-02-06,5.627,0,0,0,0,0,0,0,0,0
2057-02-07,5.627,0,0,0,0,0,0,0,0,0
2057-02-08,5.627,0,0,0,0,0,0,0,0,0
2057-02-09,5.627,0,0,0,0,0,0,0,0,0
2057-02-10,5.627,0,0,0,0,0,0,0,0,0
2057-02-11,5.627,0,0,0,0,0,0,0,0,0
2057-02-12,5.627,0,0,0,0,0,0,0,0,0
2057-02-13,5.627,0,0,0,0,0,0,0,0,0
2057-02-14,5.627,0,0,0,0,0,0,0,0,0
2057-02-15,5.627,0,0,0,0,0,0,0,0,0
2057-02-16,5.627,0,0,0,0,0,0,0,0,0
2057-02-17,5.627,0,0,0,0,0,0,0,0,0
2057-02-18,5.627,0,0,0,0,0,0,0,0,0
2057-02-19,5.627,0,0,0,0,0,0,0,0,0
2057-02-20,5.627,0,0,0,0,0,0,0,0,0
2057-02-21,5.627,0,0,0,0,0,0,0,0,0
2057-02-22,5.627,0,0,0,0,0,0,0,0,0
2057-02-23,5.627,0,0,0,0,0,0,0,0,0
2057-02-24,5.627,0,0,0,0,0,0,0,0,0
2057-02-25,5.627,0,0,0,0,0,0,0,0,0
2057-02-26,5.627,0,0,0,0,0,0,0,0,0
2057-02-27,5.627,0,0,0,0,0,0,0,0,0
2057-02-28,5.627,0,0,0,0,0,0,0,0,0
2057-03-01,9.947,0,0,0,0,0,0,0,0,0
2057-03-02,9.947,0,0,0,0,0,0,0,0,0
2057-03-03,9.947,0,0,0,0,0,0,0,0,0
2057-03-04,9.947,0,0,0,0,0,0,0,0,0
2057-03-05,9.947,0,0,0,0,0,0,0,0,0
2057-03-06,9.947,0,0,0,0,0,0,0,0,0
2057-03-07,9.947,0,0,0,0,0,0,0,0,0
2057-03-08,9.947,0,0,0,0,0,0,0,0,0
2057-03-09,9.947,0,0,0,0,0,0,0,0,0
2057-03-10,9.947,0,0,0,0,0,0,0,0,0
2057-03-11,9.947,0,0,0,0,0,0,0,0,0
2057-03-12,9.947,0,0,0,0,0,0,0,0,0
2057-03-13,9.947,0,0,0,0,0,0,0,0,0
2057-03-14,9.947,0,0,0,0,0,0,0,0,0
2057-03-15,9.947,0,0,0,0,0,0,0,0,0
2057-03-16,9.947,0,0,0,0,0,0,0,0,0
2057-03-17,9.947,0,0,0,0,0,0,0,0,0
2057-03-18,9.947,0,0,0,0,0,0,0,0,0
2057-03-19,9.947,0,0,0,0,0,0,0,0,0
2057-03-20,9.947,0,0,0,0,0,0,0,0,0
2057-03-21,9.947,0,0,0,0,0,0,0,0,0
2057-03-22,9.947,0,0,0,0,0,0,0,0,0
2057-03-23,9.947,0,0,0,0,0,0,0,0,0
2057-03-24,9.947,0,0,0,0,0,0,0,0,0
2057-03-25,9.947,0,0,0,0,0,0,0,0,0
2057-03-26,9.947,0,0,0,0,0,0,0,0,0
2057-03-27,9.947,0,0,0,0,0,0,0,0,0
2057-03-28,9.947,0,0,0,0,0,0,0,0,0
2057-03-29,9.947,0,0,0,0,0,0,0,0,0
2057-03-30,9.947,0,0,0,0,0,0,0,0,0
2057-03-31,9.947,0,0,0,0,0,0,0,0,0
2057-04-01,4.226,0,0,0,0,0,0,0,0,0
2057-04-02,4.226,0,0,0,0,0,0,0,0,0
2057-04-03,4.226,0,0,0,0,0,0,0,0,0
2057-04-04,4.226,0,0,0,0,0,0,0,0,0
2057-04-05,4.226,0,0,0,0,0,0,0,0,0
2057-04-06,4.226,0,0,0,0,0,0,0,0,0
2057-04-07,4.226,0,0,0,0,0,0,0,0,0
2057-04-08,4.226,0,0,0,0,0,0,0,0,0
2057-04-09,4.226,0,0,0,0,0,0,0,0,0
2057-04-10,4.226,0,0,0,0,0,0,0,0,0
2057-04-11,4.226,0,0,0,0,0,0,0,0,0
2057-04-12,4.226,0,0,0,0,0,0,0,0,0
2057-04-13,4.226,0,0,0,0,0,0,0,0,0
2057-04-14,4.226,0,0,0,0,0,0,0,0,0
2057-04-15,4.226,0,0,0,0,0,0,0,0,0
2057-04-16,4.226,0,0,0,0,0,0,0,0,0
2057-04-17,4.226,0,0,0,0,0,0,0,0,0
2057-04-18,4.226,0,0,0,0,0,0,0,0,0
2057-04-19,4.226,0,0,0,0,0,0,0,0,0
2057-04-20,4.226,0,0,0,0,0,0,0,0,0
2057-04-21,4.226,0,0,0,0,0,0,0,0,0
2057-04-22,4.226,0,0,0,0,0,0,0,0,0
2057-04-23,4.226,0,0,0,0,0,0,0,0,0
2057-04-24,4.226,0,0,0,0,0,0,0,0,0
2057-04-25,4.226,0,0,0,0,0,0,0,0,0
2057-04-26,4.226,0,0,0,0,0,0,0,0,0
2057-04-27,4.226,0,0,0,0,0,0,0,0,0
2057-04-28,4.226,0,0,0,0,0,0,0,0,0
2057-04-29,4.226,0,0,0,0,0,0,0,0,0
2057-04-30,4.226,0,0,0,0,0,0,0,0,0
2057-05-01,8.973,0,0,0,0,0,0,0,0,0
2057-05-02,8.973,0,0,0,0,0,0,0,0,0
2057-05-03,8.973,0,0,0,0,0,0,0,0,0
2057-05-04,8.973,0,0,0,0,0,0,0,0,0
2057-05-05,8.973,0,0,0,0,0,0,0,0,0
2057-05-06,8.973,0,0,0,0,0,0,0,0,0
2057-05-07,8.973,0,0,0,0,0,0,0,0,0
2057-05-08,8.973,0,0,0,0,0,0,0,0,0
2057-05-09,8.973,0,0,0,0,0,0,0,0,0
2057-05-10,8.973,0,0,0,0,0,0,0,0,0
2057-05-11,8.973,0,0,0,0,0,0,0,0,0
2057-05-12,8.973,0,0,0,0,0,0,0,0,0
2057-05-13,8.973,0,0,0,0,0,0,0,0,0
2057-05-14,8.973,0,0,0,0,0,0,0,0,0
2057-05-15,8.973,0,0,0,0,0,0,0,0,0
2057-05-16,8.973,0,0,0,0,0,0,0,0,0
2057-05-17,8.973,0,0,0,0,0,0,0,0,0
2057-05-18,8.973,0,0,0,0,0,0,0,0,0
2057-05-19,8.973,0,0,0,0,0,0,0,0,0
2057-05-20,8.973,0,0,0,0,0,0,0,0,0
2057-05-21,8.973,0,0,0,0,0,0,0,0,0
2057-05-22,8.973,0,0,0,0,0,0,0,0,0
2057-05-23,8.973,0,0,0,0,0,0,0,0,0
2057-05-24,8.973,0,0,0,0,0,0,0,0,0
2057-05-25,8.973,0,0,0,0,0,0,0,0,0
2057-05-26,8.973,0,0,0,0,0,0,0,0,0
2057-05-27,8.973,0,0,0,0,0,0,0,0,0
2057-05-28,8.973,0,0,0,0,0,0,0,0,0
2057-05-29,8.973,0,0,0,0,0,0,0,0,0
2057-05-30,8.973,0,0,0,0,0,0,0,0,0
2057-05-31,8.973,0,0,0,0,0,0,0,0,0
2057-06-01,17.951,0,0,0,0,0,0,0,0,0
2057-06-02,17.951,0,0,0,0,0,0,0,0,0
2057-06-03,17.951,0,0,0,0,0,0,0,0,0
2057-06-04,17.951,0,0,0,0,0,0,0,0,0
2057-06-05,17.951,0,0,0,0,0,0,0,0,0
2057-06-06,17.951,0,0,0,0,0,0,0,0,0
2057-06-07,17.951,0,0,0,0,0,0,0,0,0
2057-06-08,17.951,0,0,0,0,0,0,0,0,0
2057-06-09,17.951,0,0,0,0,0,0,0,0,0
2057-06-10,17.951,0,0,0,0,0,0,0,0,0
2057-06-11,17.951,0,0,0,0,0,0,0,0,0
2057-06-12,17.951,0,0,0,0,0,0,0,0,0
2057-06-13,17.951,0,0,0,0,0,0,0,0,0
2057-06-14,17.951,0,0,0,0,0,0,0,0,0
2057-06-15,17.951,0,0,0,0,0,0,0,0,0
2057-06-16,17.951,0,0,0,0,0,0,0,0,0
2057-06-17,17.951,0,0,0,0,0,0,0,0,0
2057-06-18,17.951,0,0,0,0,0,0,0,0,0
2057-06-19,17.951,0,0,0,0,0,0,0,0,0
2057-06-20,17.951,0,0,0,0,0,0,0,0,0
2057-06-21,17.951,0,0,0,0,0,0,0,0,0
2057-06-22,17.951,0,0,0,0,0,0,0,0,0
2057-06-23,17.951,0,0,0,0,0,0,0,0,0
2057-06-24,17.951,0,0,0,0,0,0,0,0,0
2057-06-25,17.951,0,0,0,0,0,0,0,0,0
2057-06-26,17.951,0,0,0,0,0,0,0,0,0
2057-06-27,17.951,0,0,0,0,0,0,0,0,0
2057-06-28,17.951,0,0,0,0,0,0,0,0,0
2057-06-29,17.951,0,0,0,0,0,0,0,0,0
2057-06-30,17.951,0,0,0,0,0,0,0,0,0
2057-07-01,16.268,0,0,0,0,0,0,0,0,0
2057-07-02,16.268,0,0,0,0,0,0,0,0,0
2057-07-03,16.268,0,0,0,0,0,0,0,0,0
2057-07-04,16.268,0,0,0,0,0,0,0,0,0
2057-07-05,16.268,0,0,0,0,0,0,0,0,0
2057-07-06,16.268,0,0,0,0,0,0,0,0,0
2057-07-07,16.268,0,0,0,0,0,0,0,0,0
2057-07-08,16.268,0,0,0,0,0,0,0,0,0
2057-07-09,16.268,0,0,0,0,0,0,0,0,0
2057-07-10,16.268,0,0,0,0,0,0,0,0,0
2057-07-11,16.268,0,0,0,0,0,0,0,0,0
2057-07-12,16.268,0,0,0,0,0,0,0,0,0
2057-07-13,16.268,0,0,0,0,0,0,0,0,0
2057-07-14,16.268,0,0,0,0,0,0,0,0,0
2057-07-15,16.268,0,0,0,0,0,0,0,0,0
2057-07-16,16.268,0,0,0,0,0,0,0,0,0
2057-07-17,16.268,0,0,0,0,0,0,0,0,0
2057-07-18,16.268,0,0,0,0,0,0,0,0,0
2057-07-19,16.268,0,0,0,0,0,0,0,0,0
2057-07-20,16.268,0,0,0,0,0,0,0,0,0
2057-07-21,16.268,0,0,0,0,0,0,0,0,0
2057-07-22,16.268,0,0,0,0,0,0,0,0,0
2057-07-23,16.268,0,0,0,0,0,0,0,0,0
2057-07-24,16.268,0,0,0,0,0,0,0,0,0
2057-07-25,16.268,0,0,0,0,0,0,0,0,0
2057-07-26,16.268,0,0,0,0,0,0,0,0,0
2057-07-27,16.268,0,0,0,0,0,0,0,0,0
2057-07-28,16.268,0,0,0,0,0,0,0,0,0
2057-07-29,16.268,0,0,0,0,0,0,0,0,0
2057-07-30,16.268,0,0,0,0,0,0,0,0,0
2057-07-31,16.268,0,0,0,0,0,0,0,0,0
2057-08-01,8.273,0,0,0,0,0,0,0,0,0
2057-08-02,8.273,0,0,0,0,0,0,0,0,0
2057-08-03,8.273,0,0,0,0,0,0,0,0,0
2057-08-04,8.273,0,0,0,0,0,0,0,0,0
2057-08-05,8.273,0,0,0,0,0,0,0,0,0
2057-08-06,8.273,0,0,0,0,0,0,0,0,0
2057-08-07,8.273,0,0,0,0,0,0,0,0,0
2057-08-08,8.273,0,0,0,0,0,0,0,0,0
2057-08-09,8.273,0,0,0,0,0,0,0,0,0
2057-08-10,8.273,0,0,0,0,0,0,0,0,0
2057-08-11,8.273,0,0,0,0,0,0,0,0,0
2057-08-12,8.273,0,0,0,0,0,0,0,0,0
2057-08-13,8.273,0,0,0,0,0,0,0,0,0
2057-08-14,8.273,0,0,0,0,0,0,0,0,0
2057-08-15,8.273,0,0,0,0,0,0,0,0,0
2057-08-16,8.273,0,0,0,0,0,0,0,0,0
2057-08-17,8.273,0,0,0,0,0,0,0,0,0
2057-08-18,8.273,0,0,0,0,0,0,0,0,0
2057-08-19,8.273,0,0,0,0,0,0,0,0,0
2057-08-20,8.273,0,0,0,0,0,0,0,0,0
2057-08-21,8.273,0,0,0,0,0,0,0,0,0
2057-08-22,8.273,0,0,0,0,0,0,0,0,0
2057-08-23,8.273,0,0,0,0,0,0,0,0,0
2057-08-24,8.273,0,0,0,0,0,0,0,0,0
2057-08-25,8.273,0,0,0,0,0,0,0,0,0
2057-08-26,8.273,0,0,0,0,0,0,0,0,0
2057-08-27,8.273,0,0,0,0,0,0,0,0,0
2057-08-28,8.273,0,0,0,0,0,0,0,0,0
2057-08-29,8.273,0,0,0,0,0,0,0,0,0
2057-08-30,8.273,0,0,0,0,0,0,0,0,0
2057-08-31,8.273,0,0,0,0,0,0,0,0,0
2057-09-01,9.838,0,0,0,0,0,0,0,0,0
2057-09-02,9.838,0,0,0,0,0,0,0,0,0
2057-09-03,9.838,0,0,0,0,0,0,0,0,0
2057-09-04,9.838,0,0,0,0,0,0,0,0,0
2057-09-05,9.838,0,0,0,0,0,0,0,0,0
2057-09-06,9.838,0,0,0,0,0,0,0,0,0
2057-09-07,9.838,0,0,0,0,0,0,0,0,0
2057-09-08,9.838,0,0,0,0,0,0,0,0,0
2057-09-09,9.838,0,0,0,0,0,0,0,0,0
2057-09-10,9.838,0,0,0,0,0,0,0,0,0
2057-09-11,9.838,0,0,0,0,0,0,0,0,0
2057-09-12,9.838,0,0,0,0,0,0,0,0,0
2057-09-13,9.838,0,0,0,0,0,0,0,0,0
2057-09-14,9.838,0,0,0,0,0,0,0,0,0
2057-09-15,9.838,0,0,0,0,0,0,0,0,0
2057-09-16,9.838,0,0,0,0,0,0,0,0,0
2057-09-17,9.838,0,0,0,0,0,0,0,0,0
2057-09-18,9.838,0,0,0,0,0,0,0,0,0
2057-09-19,9.838,0,0,0,0,0,0,0,0,0
2057-09-20,9.838,0,0,0,0,0,0,0,0,0
2057-09-21,9.838,0,0,0,0,0,0,0,0,0
2057-09-22,9.838,0,0,0,0,0,0,0,0,0
2057-09-23,9.838,0,0,0,0,0,0,0,0,0
2057-09-24,9.838,0,0,0,0,0,0,0,0,0
2057-09-25,9.838,0,0,0,0,0,0,0,0,0
2057-09-26,9.838,0,0,0,0,0,0,0,0,0
2057-09-27,9.838,0,0,0,0,0,0,0,0,0
2057-09-28,9.838,0,0,0,0,0,0,0,0,0
2057-09-29,9.838,0,0,0,0,0,0,0,0,0
2057-09-30,9.838,0,0,0,0,0,0,0,0,0
2057-10-01,3.806,0,0,0,0,0,0,0,0,0
2057-10-02,3.806,0,0,0,0,0,0,0,0,0
2057-10-03,3.806,0,0,0,0,0,0,0,0,0
2057-10-04,3.806,0,0,0,0,0,0,0,0,0
2057-10-05,3.806,0,0,0,0,0,0,0,0,0
2057-10-06,3.806,0,0,0,0,0,0,0,0,0
2057-10-07,3.806,0,0,0,0,0,0,0,0,0
2057-10-08,3.806,0,0,0,0,0,0,0,0,0
2057-10-09,3.806,0,0,0,0,0,0,0,0,0
2057-10-10,3.806,0,0,0,0,0,0,0,0,0
2057-10-11,3.806,0,0,0,0,0,0,0,0,0
2057-10-12,3.806,0,0,0,0,0,0,0,0,0
2057-10-13,3.806,0,0,0,0,0,0,0,0,0
2057-10-14,3.806,0,0,0,0,0,0,0,0,0
2057-10-15,3.806,0,0,0,0,0,0,0,0,0
2057-10-16,3.806,0,0,0,0,0,0,0,0,0
2057-10-17,3.806,0,0,0,0,0,0,0,0,0
2057-10-18,3.806,0,0,0,0,0,0,0,0,0
2057-10-19,3.806,0,0,0,0,0,0,0,0,0
2057-10-20,3.806,0,0,0,0,0,0,0,0,0
2057-10-21,3.806,0,0,0,0,0,0,0,0,0
2057-10-22,3.806,0,0,0,0,0,0,0,0,0
2057-10-23,3.806,0,0,0,0,0,0,0,0,0
2057-10-24,3.806,0,0,0,0,0,0,0,0,0
2057-10-25,3.806,0,0,0,0,0,0,0,0,0
2057-10-26,3.806,0,0,0,0,0,0,0,0,0
2057-10-27,3.806,0,0,0,0,0,0,0,0,0
2057-10-28,3.806,0,0,0,0,0,0,0,0,0
2057-10-29,3.806,0,0,0,0,0,0,0,0,0
2057-10-30,3.806,0,0,0,0,0,0,0,0,0
2057-10-31,3.806,0,0,0,0,0,0,0,0,0
2057-11-01,6.803,0,0,0,0,0,0,0,0,0
2057-11-02,6.803,0,0,0,0,0,0,0,0,0
2057-11-03,6.803,0,0,0,0,0,0,0,0,0
2057-11-04,6.803,0,0,0,0,0,0,0,0,0
2057-11-05,6.803,0,0,0,0,0,0,0,0,0
2057-11-06,6.803,0,0,0,0,0,0,0,0,0
2057-11-07,6.803,0,0,0,0,0,0,0,0,0
2057-11-08,6.803,0,0,0,0,0,0,0,0,0
2057-11-09,6.803,0,0,0,0,0,0,0,0,0
2057-11-10,6.803,0,0,0,0,0,0,0,0,0
2057-11-11,6.803,0,0,0,0,0,0,0,0,0
2057-11-12,6.803,0,0,0,0,0,0,0,0,0
2057-11-13,6.803,0,0,0,0,0,0,0,0,0
2057-11-14,6.803,0,0,0,0,0,0,0,0,0
2057-11-15,6.803,0,0,0,0,0,0,0,0,0
2057-11-16,6.803,0,0,0,0,0,0,0,0,0
2057-11-17,6.803,0,0,0,0,0,0,0,0,0
2057-11-18,6.803,0,0,0,0,0,0,0,0,0
2057-11-19,6.803,0,0,0,0,0,0,0,0,0
2057-11-20,6.803,0,0,0,0,0,0,0,0,0
2057-11-21,6.803,0,0,0,0,0,0,0,0,0
2057-11-22,6.803,0,0,0,0,0,0,0,0,0
2057-11-23,6.803,0,0,0,0,0,0,0,0,0
2057-11-24,6.803,0,0,0,0,0,0,0,0,0
2057-11-25,6.803,0,0,0,0,0,0,0,0,0
2057-11-26,6.803,0,0,0,0,0,0,0,0,0
2057-11-27,6.803,0,0,0,0,0,0,0,0,0
2057-11-28,6.803,0,0,0,0,0,0,0,0,0
2057-11-29,6.803,0,0,0,0,0,0,0,0,0
2057-11-30,6.803,0,0,0,0,0,0,0,0,0
2057-12-01,6.249,0,0,0,0,0,0,0,0,0
2057-12-02,6.249,0,0,0,0,0,0,0,0,0
2057-12-03,6.249,0,0,0,0,0,0,0,0,0
2057-12-04,6.249,0,0,0,0,0,0,0,0,0
2057-12-05,6.249,0,0,0,0,0,0,0,0,0
2057-12-06,6.249,0,0,0,0,0,0,0,0,0
2057-12-07,6.249,0,0,0,0,0,0,0,0,0
2057-12-08,6.249,0,0,0,0,0,0,0,0,0
2057-12-09,6.249,0,0,0,0,0,0,0,0,0
2057-12-10,6.249,0,0,0,0,0,0,0,0,0
2057-12-11,6.249,0,0,0,0,0,0,0,0,0
2057-12-12,6.249,0,0,0,0,0,0,0,0,0
2057-12-13,6.249,0,0,0,0,0,0,0,0,0
2057-12-14,6.249,0,0,0,0,0,0,0,0,0
2057-12-15,6.249,0,0,0,0,0,0,0,0,0
2057-12-16,6.249,0,0,0,0,0,0,0,0,0
2057-12-17,6.249,0,0,0,0,0,0,0,0,0
2057-12-18,6.249,0,0,0,0,0,0,0,0,0
2057-12-19,6.249,0,0,0,0,0,0,0,0,0
2057-12-20,6.249,0,0,0,0,0,0,0,0,0
2057-12-21,6.249,0,0,0,0,0,0,0,0,0
2057-12-22,6.249,0,0,0,0,0,0,0,0,0
2057-12-23,6.249,0,0,0,0,0,0,0,0,0
2057-12-24,6.249,0,0,0,0,0,0,0,0,0
2057-12-25,6.249,0,0,0,0,0,0,0,0,0
2057-12-26,6.249,0,0,0,0,0,0,0,0,0
2057-12-27,6.249,0,0,0,0,0,0,0,0,0
2057-12-28,6.249,0,0,0,0,0,0,0,0,0
2057-12-29,6.249,0,0,0,0,0,0,0,0,0
2057-12-30,6.249,0,0,0,0,0,0,0,0,0
2057-12-31,6.249,0,0,0,0,0,0,0,0,0
2058-01-01,9.292,0,0,0,0,0,0,0,0,0
2058-01-02,9.292,0,0,0,0,0,0,0,0,0
2058-01-03,9.292,0,0,0,0,0,0,0,0,0
2058-01-04,9.292,0,0,0,0,0,0,0,0,0
2058-01-05,9.292,0,0,0,0,0,0,0,0,0
2058-01-06,9.292,0,0,0,0,0,0,0,0,0
2058-01-07,9.292,0,0,0,0,0,0,0,0,0
2058-01-08,9.292,0,0,0,0,0,0,0,0,0
2058-01-09,9.292,0,0,0,0,0,0,0,0,0
2058-01-10,9.292,0,0,0,0,0,0,0,0,0
2058-01-11,9.292,0,0,0,0,0,0,0,0,0
2058-01-12,9.292,0,0,0,0,0,0,0,0,0
2058-01-13,9.292,0,0,0,0,0,0,0,0,0
2058-01-14,9.292,0,0,0,0,0,0,0,0,0
2058-01-15,9.292,0,0,0,0,0,0,0,0,0
2058-01-16,9.292,0,0,0,0,0,0,0,0,0
2058-01-17,9.292,0,0,0,0,0,0,0,0,0
2058-01-18,9.292,0,0,0,0,0,0,0,0,0
2058-01-19,9.292,0,0,0,0,0,0,0,0,0
2058-01-20,9.292,0,0,0,0,0,0,0,0,0
2058-01-21,9.292,0,0,0,0,0,0,0,0,0
2058-01-22,9.292,0,0,0,0,0,0,0,0,0
2058-01-23,9.292,0,0,0,0,0,0,0,0,0
2058-01-24,9.292,0,0,0,0,0,0,0,0,0
2058-01-25,9.292,0,0,0,0,0,0,0,0,0
2058-01-26,9.292,0,0,0,0,0,0,0,0,0
2058-01-27,9.292,0,0,0,0,0,0,0,0,0
2058-01-28,9.292,0,0,0,0,0,0,0,0,0
2058-01-29,9.292,0,0,0,0,0,0,0,0,0
2058-01-30,9.292,0,0,0,0,0,0,0,0,0
2058-01-31,9.292,0,0,0,0,0,0,0,0,0
2058-02-01,5.627,0,0,0,0,0,0,0,0,0
2058-02-02,5.627,0,0,0,0,0,0,0,0,0
2058-02-03,5.627,0,0,0,0,0,0,0,0,0
2058-02-04,5.627,0,0,0,0,0,0,0,0,0
2058-02-05,5.627,0,0,0,0,0,0,0,0,0
2058-02-06,5.627,0,0,0,0,0,0,0,0,0
2058-02-07,5.627,0,0,0,0,0,0,0,0,0
2058-02-08,5.627,0,0,0,0,0,0,0,0,0
2058-02-09,5.627,0,0,0,0,0,0,0,0,0
2058-02-10,5.627,0,0,0,0,0,0,0,0,0
2058-02-11,5.627,0,0,0,0,0,0,0,0,0
2058-02-12,5.627,0,0,0,0,0,0,0,0,0
2058-02-13,5.627,0,0,0,0,0,0,0,0,0
2058-02-14,5.627,0,0,0,0,0,0,0,0,0
2058-02-15,5.627,0,0,0,0,0,0,0,0,0
2058-02-16,5.627,0,0,0,0,0,0,0,0,0
2058-02-17,5.627,0,0,0,0,0,0,0,0,0
2058-02-18,5.627,0,0,0,0,0,0,0,0,0
2058-02-19,5.627,0,0,0,0,0,0,0,0,0
2058-02-20,5.627,0,0,0,0,0,0,0,0,0
2058-02-21,5.627,0,0,0,0,0,0,0,0,0
2058-02-22,5.627,0,0,0,0,0,0,0,0,0
2058-02-23,5.627,0,0,0,0,0,0,0,0,0
2058-02-24,5.627,0,0,0,0,0,0,0,0,0
2058-02-25,5.627,0,0,0,0,0,0,0,0,0
2058-02-26,5.627,0,0,0,0,0,0,0,0,0
2058-02-27,5.627,0,0,0,0,0,0,0,0,0
2058-02-28,5.627,0,0,0,0,0,0,0,0,0
2058-03-01,9.947,0,0,0,0,0,0,0,0,0
2058-03-02,9.947,0,0,0,0,0,0,0,0,0
2058-03-03,9.947,0,0,0,0,0,0,0,0,0
2058-03-04,9.947,0,0,0,0,0,0,0,0,0
2058-03-05,9.947,0,0,0,0,0,0,0,0,0
2058-03-06,9.947,0,0,0,0,0,0,0,0,0
2058-03-07,9.947,0,0,0,0,0,0,0,0,0
2058-03-08,9.947,0,0,0,0,0,0,0,0,0
2058-03-09,9.947,0,0,0,0,0,0,0,0,0
2058-03-10,9.947,0,0,0,0,0,0,0,0,0
2058-03-11,9.947,0,0,0,0,0,0,0,0,0
2058-03-12,9.947,0,0,0,0,0,0,0,0,0
2058-03-13,9.947,0,0,0,0,0,0,0,0,0
2058-03-14,9.947,0,0,0,0,0,0,0,0,0
2058-03-15,9.947,0,0,0,0,0,0,0,0,0
2058-03-16,9.947,0,0,0,0,0,0,0,0,0
2058-03-17,9.947,0,0,0,0,0,0,0,0,0
2058-03-18,9.947,0,0,0,0,0,0,0,0,0
2058-03-19,9.947,0,0,0,0,0,0,0,0,0
2058-03-20,9.947,0,0,0,0,0,0,0,0,0
2058-03-21,9.947,0,0,0,0,0,0,0,0,0
2058-03-22,9.947,0,0,0,0,0,0,0,0,0
2058-03-23,9.947,0,0,0,0,0,0,0,0,0
2058-03-24,9.947,0,0,0,0,0,0,0,0,0
2058-03-25,9.947,0,0,0,0,0,0,0,0,0
2058-03-26,9.947,0,0,0,0,0,0,0,0,0
2058-03-27,9.947,0,0,0,0,0,0,0,0,0
2058-03-28,9.947,0,0,0,0,0,0,0,0,0
2058-03-29,9.947,0,0,0,0,0,0,0,0,0
2058-03-30,9.947,0,0,0,0,0,0,0,0,0
2058-03-31,9.947,0,0,0,0,0,0,0,0,0
2058-04-01,4.226,0,0,0,0,0,0,0,0,0
2058-04-02,4.226,0,0,0,0,0,0,0,0,0
2058-04-03,4.226,0,0,0,0,0,0,0,0,0
2058-04-04,4.226,0,0,0,0,0,0,0,0,0
2058-04-05,4.226,0,0,0,0,0,0,0,0,0
2058-04-06,4.226,0,0,0,0,0,0,0,0,0
2058-04-07,4.226,0,0,0,0,0,0,0,0,0
2058-04-08,4.226,0,0,0,0,0,0,0,0,0
2058-04-09,4.226,0,0,0,0,0,0,0,0,0
2058-04-10,4.226,0,0,0,0,0,0,0,0,0
2058-04-11,4.226,0,0,0,0,0,0,0,0,0
2058-04-12,4.226,0,0,0,0,0,0,0,0,0
2058-04-13,4.226,0,0,0,0,0,0,0,0,0
2058-04-14,4.226,0,0,0,0,0,0,0,0,0
2058-04-15,4.226,0,0,0,0,0,0,0,0,0
2058-04-16,4.226,0,0,0,0,0,0,0,0,0
2058-04-17,4.226,0,0,0,0,0,0,0,0,0
2058-04-18,4.226,0,0,0,0,0,0,0,0,0
2058-04-19,4.226,0,0,0,0,0,0,0,0,0
2058-04-20,4.226,0,0,0,0,0,0,0,0,0
2058-04-21,4.226,0,0,0,0,0,0,0,0,0
2058-04-22,4.226,0,0,0,0,0,0,0,0,0
2058-04-23,4.226,0,0,0,0,0,0,0,0,0
2058-04-24,4.226,0,0,0,0,0,0,0,0,0
2058-04-25,4.226,0,0,0,0,0,0,0,0,0
2058-04-26,4.226,0,0,0,0,0,0,0,0,0
2058-04-27,4.226,0,0,0,0,0,0,0,0,0
2058-04-28,4.226,0,0,0,0,0,0,0,0,0
2058-04-29,4.226,0,0,0,0,0,0,0,0,0
2058-04-30,4.226,0,0,0,0,0,0,0,0,0
2058-05-01,8.973,0,0,0,0,0,0,0,0,0
2058-05-02,8.973,0,0,0,0,0,0,0,0,0
2058-05-03,8.973,0,0,0,0,0,0,0,0,0
2058-05-04,8.973,0,0,0,0,0,0,0,0,0
2058-05-05,8.973,0,0,0,0,0,0,0,0,0
2058-05-06,8.973,0,0,0,0,0,0,0,0,0
2058-05-07,8.973,0,0,0,0,0,0,0,0,0
2058-05-08,8.973,0,0,0,0,0,0,0,0,0
2058-05-09,8.973,0,0,0,0,0,0,0,0,0
2058-05-10,8.973,0,0,0,0,0,0,0,0,0
2058-05-11,8.973,0,0,0,0,0,0,0,0,0
2058-05-12,8.973,0,0,0,0,0,0,0,0,0
2058-05-13,8.973,0,0,0,0,0,0,0,0,0
2058-05-14,8.973,0,0,0,0,0,0,0,0,0
2058-05-15,8.973,0,0,0,0,0,0,0,0,0
2058-05-16,8.973,0,0,0,0,0,0,0,0,0
2058-05-17,8.973,0,0,0,0,0,0,0,0,0
2058-05-18,8.973,0,0,0,0,0,0,0,0,0
2058-05-19,8.973,0,0,0,0,0,0,0,0,0
2058-05-20,8.973,0,0,0,0,0,0,0,0,0
2058-05-21,8.973,0,0,0,0,0,0,0,0,0
2058-05-22,8.973,0,0,0,0,0,0,0,0,0
2058-05-23,8.973,0,0,0,0,0,0,0,0,0
2058-05-24,8.973,0,0,0,0,0,0,0,0,0
2058-05-25,8.973,0,0,0,0,0,0,0,0,0
2058-05-26,8.973,0,0,0,0,0,0,0,0,0
2058-05-27,8.973,0,0,0,0,0,0,0,0,0
2058-05-28,8.973,0,0,0,0,0,0,0,0,0
2058-05-29,8.973,0,0,0,0,0,0,0,0,0
2058-05-30,8.973,0,0,0,0,0,0,0,0,0
2058-05-31,8.973,0,0,0,0,0,0,0,0,0
2058-06-01,17.951,0,0,0,0,0,0,0,0,0
2058-06-02,17.951,0,0,0,0,0,0,0,0,0
2058-06-03,17.951,0,0,0,0,0,0,0,0,0
2058-06-04,17.951,0,0,0,0,0,0,0,0,0
2058-06-05,17.951,0,0,0,0,0,0,0,0,0
2058-06-06,17.951,0,0,0,0,0,0,0,0,0
2058-06-07,17.951,0,0,0,0,0,0,0,0,0
2058-06-08,17.951,0,0,0,0,0,0,0,0,0
2058-06-09,17.951,0,0,0,0,0,0,0,0,0
2058-06-10,17.951,0,0,0,0,0,0,0,0,0
2058-06-11,17.951,0,0,0,0,0,0,0,0,0
2058-06-12,17.951,0,0,0,0,0,0,0,0,0
2058-06-13,17.951,0,0,0,0,0,0,0,0,0
2058-06-14,17.951,0,0,0,0,0,0,0,0,0
2058-06-15,17.951,0,0,0,0,0,0,0,0,0
2058-06-16,17.951,0,0,0,0,0,0,0,0,0
2058-06-17,17.951,0,0,0,0,0,0,0,0,0
2058-06-18,17.951,0,0,0,0,0,0,0,0,0
2058-06-19,17.951,0,0,0,0,0,0,0,0,0
2058-06-20,17.951,0,0,0,0,0,0,0,0,0
2058-06-21,17.951,0,0,0,0,0,0,0,0,0
2058-06-22,17.951,0,0,0,0,0,0,0,0,0
2058-06-23,17.951,0,0,0,0,0,0,0,0,0
2058-06-24,17.951,0,0,0,0,0,0,0,0,0
2058-06-25,17.951,0,0,0,0,0,0,0,0,0
2058-06-26,17.951,0,0,0,0,0,0,0,0,0
2058-06-27,17.951,0,0,0,0,0,0,0,0,0
2058-06-28,17.951,0,0,0,0,0,0,0,0,0
2058-06-29,17.951,0,0,0,0,0,0,0,0,0
2058-06-30,17.951,0,0,0,0,0,0,0,0,0
2058-07-01,16.268,0,0,0,0,0,0,0,0,0
2058-07-02,16.268,0,0,0,0,0,0,0,0,0
2058-07-03,16.268,0,0,0,0,0,0,0,0,0
2058-07-04,16.268,0,0,0,0,0,0,0,0,0
2058-07-05,16.268,0,0,0,0,0,0,0,0,0
2058-07-06,16.268,0,0,0,0,0,0,0,0,0
2058-07-07,16.268,0,0,0,0,0,0,0,0,0
2058-07-08,16.268,0,0,0,0,0,0,0,0,0
2058-07-09,16.268,0,0,0,0,0,0,0,0,0
2058-07-10,16.268,0,0,0,0,0,0,0,0,0
2058-07-11,16.268,0,0,0,0,0,0,0,0,0
2058-07-12,16.268,0,0,0,0,0,0,0,0,0
2058-07-13,16.268,0,0,0,0,0,0,0,0,0
2058-07-14,16.268,0,0,0,0,0,0,0,0,0
2058-07-15,16.268,0,0,0,0,0,0,0,0,0
2058-07-16,16.268,0,0,0,0,0,0,0,0,0
2058-07-17,16.268,0,0,0,0,0,0,0,0,0
2058-07-18,16.268,0,0,0,0,0,0,0,0,0
2058-07-19,16.268,0,0,0,0,0,0,0,0,0
2058-07-20,16.268,0,0,0,0,0,0,0,0,0
2058-07-21,16.268,0,0,0,0,0,0,0,0,0
2058-07-22,16.268,0,0,0,0,0,0,0,0,0
2058-07-23,16.268,0,0,0,0,0,0,0,0,0
2058-07-24,16.268,0,0,0,0,0,0,0,0,0
2058-07-25,16.268,0,0,0,0,0,0,0,0,0
2058-07-26,16.268,0,0,0,0,0,0,0,0,0
2058-07-27,16.268,0,0,0,0,0,0,0,0,0
2058-07-28,16.268,0,0,0,0,0,0,0,0,0
2058-07-29,16.268,0,0,0,0,0,0,0,0,0
2058-07-30,16.268,0,0,0,0,0,0,0,0,0
2058-07-31,16.268,0,0,0,0,0,0,0,0,0
2058-08-01,8.273,0,0,0,0,0,0,0,0,0
2058-08-02,8.273,0,0,0,0,0,0,0,0,0
2058-08-03,8.273,0,0,0,0,0,0,0,0,0
2058-08-04,8.273,0,0,0,0,0,0,0,0,0
2058-08-05,8.273,0,0,0,0,0,0,0,0,0
2058-08-06,8.273,0,0,0,0,0,0,0,0,0
2058-08-07,8.273,0,0,0,0,0,0,0,0,0
2058-08-08,8.273,0,0,0,0,0,0,0,0,0
2058-08-09,8.273,0,0,0,0,0,0,0,0,0
2058-08-10,8.273,0,0,0,0,0,0,0,0,0
2058-08-11,8.273,0,0,0,0,0,0,0,0,0
2058-08-12,8.273,0,0,0,0,0,0,0,0,0
2058-08-13,8.273,0,0,0,0,0,0,0,0,0
2058-08-14,8.273,0,0,0,0,0,0,0,0,0
2058-08-15,8.273,0,0,0,0,0,0,0,0,0
2058-08-16,8.273,0,0,0,0,0,0,0,0,0
2058-08-17,8.273,0,0,0,0,0,0,0,0,0
2058-08-18,8.273,0,0,0,0,0,0,0,0,0
2058-08-19,8.273,0,0,0,0,0,0,0,0,0
2058-08-20,8.273,0,0,0,0,0,0,0,0,0
2058-08-21,8.273,0,0,0,0,0,0,0,0,0
2058-08-22,8.273,0,0,0,0,0,0,0,0,0
2058-08-23,8.273,0,0,0,0,0,0,0,0,0
2058-08-24,8.273,0,0,0,0,0,0,0,0,0
2058-08-25,8.273,0,0,0,0,0,0,0,0,0
2058-08-26,8.273,0,0,0,0,0,0,0,0,0
2058-08-27,8.273,0,0,0,0,0,0,0,0,0
2058-08-28,8.273,0,0,0,0,0,0,0,0,0
2058-08-29,8.273,0,0,0,0,0,0,0,0,0
2058-08-30,8.273,0,0,0,0,0,0,0,0,0
2058-08-31,8.273,0,0,0,0,0,0,0,0,0
2058-09-01,9.838,0,0,0,0,0,0,0,0,0
2058-09-02,9.838,0,0,0,0,0,0,0,0,0
2058-09-03,9.838,0,0,0,0,0,0,0,0,0
2058-09-04,9.838,0,0,0,0,0,0,0,0,0
2058-09-05,9.838,0,0,0,0,0,0,0,0,0
2058-09-06,9.838,0,0,0,0,0,0,0,0,0
2058-09-07,9.838,0,0,0,0,0,0,0,0,0
2058-09-08,9.838,0,0,0,0,0,0,0,0,0
2058-09-09,9.838,0,0,0,0,0,0,0,0,0
2058-09-10,9.838,0,0,0,0,0,0,0,0,0
2058-09-11,9.838,0,0,0,0,0,0,0,0,0
2058-09-12,9.838,0,0,0,0,0,0,0,0,0
2058-09-13,9.838,0,0,0,0,0,0,0,0,0
2058-09-14,9.838,0,0,0,0,0,0,0,0,0
2058-09-15,9.838,0,0,0,0,0,0,0,0,0
2058-09-16,9.838,0,0,0,0,0,0,0,0,0
2058-09-17,9.838,0,0,0,0,0,0,0,0,0
2058-09-18,9.838,0,0,0,0,0,0,0,0,0
2058-09-19,9.838,0,0,0,0,0,0,0,0,0
2058-09-20,9.838,0,0,0,0,0,0,0,0,0
2058-09-21,9.838,0,0,0,0,0,0,0,0,0
2058-09-22,9.838,0,0,0,0,0,0,0,0,0
2058-09-23,9.838,0,0,0,0,0,0,0,0,0
2058-09-24,9.838,0,0,0,0,0,0,0,0,0
2058-09-25,9.838,0,0,0,0,0,0,0,0,0
2058-09-26,9.838,0,0,0,0,0,0,0,0,0
2058-09-27,9.838,0,0,0,0,0,0,0,0,0
2058-09-28,9.838,0,0,0,0,0,0,0,0,0
2058-09-29,9.838,0,0,0,0,0,0,0,0,0
2058-09-30,9.838,0,0,0,0,0,0,0,0,0
2058-10-01,3.806,0,0,0,0,0,0,0,0,0
2058-10-02,3.806,0,0,0,0,0,0,0,0,0
2058-10-03,3.806,0,0,0,0,0,0,0,0,0
2058-10-04,3.806,0,0,0,0,0,0,0,0,0
2058-10-05,3.806,0,0,0,0,0,0,0,0,0
2058-10-06,3.806,0,0,0,0,0,0,0,0,0
2058-10-07,3.806,0,0,0,0,0,0,0,0,0
2058-10-08,3.806,0,0,0,0,0,0,0,0,0
2058-10-09,3.806,0,0,0,0,0,0,0,0,0
2058-10-10,3.806,0,0,0,0,0,0,0,0,0
2058-10-11,3.806,0,0,0,0,0,0,0,0,0
2058-10-12,3.806,0,0,0,0,0,0,0,0,0
2058-10-13,3.806,0,0,0,0,0,0,0,0,0
2058-10-14,3.806,0,0,0,0,0,0,0,0,0
2058-10-15,3.806,0,0,0,0,0,0,0,0,0
2058-10-16,3.806,0,0,0,0,0,0,0,0,0
2058-10-17,3.806,0,0,0,0,0,0,0,0,0
2058-10-18,3.806,0,0,0,0,0,0,0,0,0
2058-10-19,3.806,0,0,0,0,0,0,0,0,0
2058-10-20,3.806,0,0,0,0,0,0,0,0,0
2058-10-21,3.806,0,0,0,0,0,0,0,0,0
2058-10-22,3.806,0,0,0,0,0,0,0,0,0
2058-10-23,3.806,0,0,0,0,0,0,0,0,0
2058-10-24,3.806,0,0,0,0,0,0,0,0,0
2058-10-25,3.806,0,0,0,0,0,0,0,0,0
2058-10-26,3.806,0,0,0,0,0,0,0,0,0
2058-10-27,3.806,0,0,0,0,0,0,0,0,0
2058-10-28,3.806,0,0,0,0,0,0,0,0,0
2058-10-29,3.806,0,0,0,0,0,0,0,0,0
2058-10-30,3.806,0,0,0,0,0,0,0,0,0
2058-10-31,3.806,0,0,0,0,0,0,0,0,0
2058-11-01,6.803,0,0,0,0,0,0,0,0,0
2058-11-02,6.803,0,0,0,0,0,0,0,0,0
2058-11-03,6.803,0,0,0,0,0,0,0,0,0
2058-11-04,6.803,0,0,0,0,0,0,0,0,0
2058-11-05,6.803,0,0,0,0,0,0,0,0,0
2058-11-06,6.803,0,0,0,0,0,0,0,0,0
2058-11-07,6.803,0,0,0,0,0,0,0,0,0
2058-11-08,6.803,0,0,0,0,0,0,0,0,0
2058-11-09,6.803,0,0,0,0,0,0,0,0,0
2058-11-10,6.803,0,0,0,0,0,0,0,0,0
2058-11-11,6.803,0,0,0,0,0,0,0,0,0
2058-11-12,6.803,0,0,0,0,0,0,0,0,0
2058-11-13,6.803,0,0,0,0,0,0,0,0,0
2058-11-14,6.803,0,0,0,0,0,0,0,0,0
2058-11-15,6.803,0,0,0,0,0,0,0,0,0
2058-11-16,6.803,0,0,0,0,0,0,0,0,0
2058-11-17,6.803,0,0,0,0,0,0,0,0,0
2058-11-18,6.803,0,0,0,0,0,0,0,0,0
2058-11-19,6.803,0,0,0,0,0,0,0,0,0
2058-11-20,6.803,0,0,0,0,0,0,0,0,0
2058-11-21,6.803,0,0,0,0,0,0,0,0,0
2058-11-22,6.803,0,0,0,0,0,0,0,0,0
2058-11-23,6.803,0,0,0,0,0,0,0,0,0
2058-11-24,6.803,0,0,0,0,0,0,0,0,0
2058-11-25,6.803,0,0,0,0,0,0,0,0,0
2058-11-26,6.803,0,0,0,0,0,0,0,0,0
2058-11-27,6.803,0,0,0,0,0,0,0,0,0
2058-11-28,6.803,0,0,0,0,0,0,0,0,0
2058-11-29,6.803,0,0,0,0,0,0,0,0,0
2058-11-30,6.803,0,0,0,0,0,0,0,0,0
2058-12-01,6.249,0,0,0,0,0,0,0,0,0
2058-12-02,6.249,0,0,0,0,0,0,0,0,0
2058-12-03,6.249,0,0,0,0,0,0,0,0,0
2058-12-04,6.249,0,0,0,0,0,0,0,0,0
2058-12-05,6.249,0,0,0,0,0,0,0,0,0
2058-12-06,6.249,0,0,0,0,0,0,0,0,0
2058-12-07,6.249,0,0,0,0,0,0,0,0,0
2058-12-08,6.249,0,0,0,0,0,0,0,0,0
2058-12-09,6.249,0,0,0,0,0,0,0,0,0
2058-12-10,6.249,0,0,0,0,0,0,0,0,0
2058-12-11,6.249,0,0,0,0,0,0,0,0,0
2058-12-12,6.249,0,0,0,0,0,0,0,0,0
2058-12-13,6.249,0,0,0,0,0,0,0,0,0
2058-12-14,6.249,0,0,0,0,0,0,0,0,0
2058-12-15,6.249,0,0,0,0,0,0,0,0,0
2058-12-16,6.249,0,0,0,0,0,0,0,0,0
2058-12-17,6.249,0,0,0,0,0,0,0,0,0
2058-12-18,6.249,0,0,0,0,0,0,0,0,0
2058-12-19,6.249,0,0,0,0,0,0,0,0,0
2058-12-20,6.249,0,0,0,0,0,0,0,0,0
2058-12-21,6.249,0,0,0,0,0,0,0,0,0
2058-12-22,6.249,0,0,0,0,0,0,0,0,0
2058-12-23,6.249,0,0,0,0,0,0,0,0,0
2058-12-24,6.249,0,0,0,0,0,0,0,0,0
2058-12-25,6.249,0,0,0,0,0,0,0,0,0
2058-12-26,6.249,0,0,0,0,0,0,0,0,0
2058-12-27,6.249,0,0,0,0,0,0,0,0,0
2058-12-28,6.249,0,0,0,0,0,0,0,0,0
2058-12-29,6.249,0,0,0,0,0,0,0,0,0
2058-12-30,6.249,0,0,0,0,0,0,0,0,0
2058-12-31,6.249,0,0,0,0,0,0,0,0,0
2059-01-01,9.292,0,0,0,0,0,0,0,0,0
2059-01-02,9.292,0,0,0,0,0,0,0,0,0
2059-01-03,9.292,0,0,0,0,0,0,0,0,0
2059-01-04,9.292,0,0,0,0,0,0,0,0,0
2059-01-05,9.292,0,0,0,0,0,0,0,0,0
2059-01-06,9.292,0,0,0,0,0,0,0,0,0
2059-01-07,9.292,0,0,0,0,0,0,0,0,0
2059-01-08,9.292,0,0,0,0,0,0,0,0,0
2059-01-09,9.292,0,0,0,0,0,0,0,0,0
2059-01-10,9.292,0,0,0,0,0,0,0,0,0
2059-01-11,9.292,0,0,0,0,0,0,0,0,0
2059-01-12,9.292,0,0,0,0,0,0,0,0,0
2059-01-13,9.292,0,0,0,0,0,0,0,0,0
2059-01-14,9.292,0,0,0,0,0,0,0,0,0
2059-01-15,9.292,0,0,0,0,0,0,0,0,0
2059-01-16,9.292,0,0,0,0,0,0,0,0,0
2059-01-17,9.292,0,0,0,0,0,0,0,0,0
2059-01-18,9.292,0,0,0,0,0,0,0,0,0
2059-01-19,9.292,0,0,0,0,0,0,0,0,0
2059-01-20,9.292,0,0,0,0,0,0,0,0,0
2059-01-21,9.292,0,0,0,0,0,0,0,0,0
2059-01-22,9.292,0,0,0,0,0,0,0,0,0
2059-01-23,9.292,0,0,0,0,0,0,0,0,0
2059-01-24,9.292,0,0,0,0,0,0,0,0,0
2059-01-25,9.292,0,0,0,0,0,0,0,0,0
2059-01-26,9.292,0,0,0,0,0,0,0,0,0
2059-01-27,9.292,0,0,0,0,0,0,0,0,0
2059-01-28,9.292,0,0,0,0,0,0,0,0,0
2059-01-29,9.292,0,0,0,0,0,0,0,0,0
2059-01-30,9.292,0,0,0,0,0,0,0,0,0
2059-01-31,9.292,0,0,0,0,0,0,0,0,0
2059-02-01,5.627,0,0,0,0,0,0,0,0,0
2059-02-02,5.627,0,0,0,0,0,0,0,0,0
2059-02-03,5.627,0,0,0,0,0,0,0,0,0
2059-02-04,5.627,0,0,0,0,0,0,0,0,0
2059-02-05,5.627,0,0,0,0,0,0,0,0,0
2059-02-06,5.627,0,0,0,0,0,0,0,0,0
2059-02-07,5.627,0,0,0,0,0,0,0,0,0
2059-02-08,5.627,0,0,0,0,0,0,0,0,0
2059-02-09,5.627,0,0,0,0,0,0,0,0,0
2059-02-10,5.627,0,0,0,0,0,0,0,0,0
2059-02-11,5.627,0,0,0,0,0,0,0,0,0
2059-02-12,5.627,0,0,0,0,0,0,0,0,0
2059-02-13,5.627,0,0,0,0,0,0,0,0,0
2059-02-14,5.627,0,0,0,0,0,0,0,0,0
2059-02-15,5.627,0,0,0,0,0,0,0,0,0
2059-02-16,5.627,0,0,0,0,0,0,0,0,0
2059-02-17,5.627,0,0,0,0,0,0,0,0,0
2059-02-18,5.627,0,0,0,0,0,0,0,0,0
2059-02-19,5.627,0,0,0,0,0,0,0,0,0
2059-02-20,5.627,0,0,0,0,0,0,0,0,0
2059-02-21,5.627,0,0,0,0,0,0,0,0,0
2059-02-22,5.627,0,0,0,0,0,0,0,0,0
2059-02-23,5.627,0,0,0,0,0,0,0,0,0
2059-02-24,5.627,0,0,0,0,0,0,0,0,0
2059-02-25,5.627,0,0,0,0,0,0,0,0,0
2059-02-26,5.627,0,0,0,0,0,0,0,0,0
2059-02-27,5.627,0,0,0,0,0,0,0,0,0
2059-02-28,5.627,0,0,0,0,0,0,0,0,0
2059-03-01,9.947,0,0,0,0,0,0,0,0,0
2059-03-02,9.947,0,0,0,0,0,0,0,0,0
2059-03-03,9.947,0,0,0,0,0,0,0,0,0
2059-03-04,9.947,0,0,0,0,0,0,0,0,0
2059-03-05,9.947,0,0,0,0,0,0,0,0,0
2059-03-06,9.947,0,0,0,0,0,0,0,0,0
2059-03-07,9.947,0,0,0,0,0,0,0,0,0
2059-03-08,9.947,0,0,0,0,0,0,0,0,0
2059-03-09,9.947,0,0,0,0,0,0,0,0,0
2059-03-10,9.947,0,0,0,0,0,0,0,0,0
2059-03-11,9.947,0,0,0,0,0,0,0,0,0
2059-03-12,9.947,0,0,0,0,0,0,0,0,0
2059-03-13,9.947,0,0,0,0,0,0,0,0,0
2059-03-14,9.947,0,0,0,0,0,0,0,0,0
2059-03-15,9.947,0,0,0,0,0,0,0,0,0
2059-03-16,9.947,0,0,0,0,0,0,0,0,0
2059-03-17,9.947,0,0,0,0,0,0,0,0,0
2059-03-18,9.947,0,0,0,0,0,0,0,0,0
2059-03-19,9.947,0,0,0,0,0,0,0,0,0
2059-03-20,9.947,0,0,0,0,0,0,0,0,0
2059-03-21,9.947,0,0,0,0,0,0,0,0,0
2059-03-22,9.947,0,0,0,0,0,0,0,0,0
2059-03-23,9.947,0,0,0,0,0,0,0,0,0
2059-03-24,9.947,0,0,0,0,0,0,0,0,0
2059-03-25,9.947,0,0,0,0,0,0,0,0,0
2059-03-26,9.947,0,0,0,0,0,0,0,0,0
2059-03-27,9.947,0,0,0,0,0,0,0,0,0
2059-03-28,9.947,0,0,0,0,0,0,0,0,0
2059-03-29,9.947,0,0,0,0,0,0,0,0,0
2059-03-30,9.947,0,0,0,0,0,0,0,0,0
2059-03-31,9.947,0,0,0,0,0,0,0,0,0
2059-04-01,4.226,0,0,0,0,0,0,0,0,0
2059-04-02,4.226,0,0,0,0,0,0,0,0,0
2059-04-03,4.226,0,0,0,0,0,0,0,0,0
2059-04-04,4.226,0,0,0,0,0,0,0,0,0
2059-04-05,4.226,0,0,0,0,0,0,0,0,0
2059-04-06,4.226,0,0,0,0,0,0,0,0,0
2059-04-07,4.226,0,0,0,0,0,0,0,0,0
2059-04-08,4.226,0,0,0,0,0,0,0,0,0
2059-04-09,4.226,0,0,0,0,0,0,0,0,0
2059-04-10,4.226,0,0,0,0,0,0,0,0,0
2059-04-11,4.226,0,0,0,0,0,0,0,0,0
2059-04-12,4.226,0,0,0,0,0,0,0,0,0
2059-04-13,4.226,0,0,0,0,0,0,0,0,0
2059-04-14,4.226,0,0,0,0,0,0,0,0,0
2059-04-15,4.226,0,0,0,0,0,0,0,0,0
2059-04-16,4.226,0,0,0,0,0,0,0,0,0
2059-04-17,4.226,0,0,0,0,0,0,0,0,0
2059-04-18,4.226,0,0,0,0,0,0,0,0,0
2059-04-19,4.226,0,0,0,0,0,0,0,0,0
2059-04-20,4.226,0,0,0,0,0,0,0,0,0
2059-04-21,4.226,0,0,0,0,0,0,0,0,0
2059-04-22,4.226,0,0,0,0,0,0,0,0,0
2059-04-23,4.226,0,0,0,0,0,0,0,0,0
2059-04-24,4.226,0,0,0,0,0,0,0,0,0
2059-04-25,4.226,0,0,0,0,0,0,0,0,0
2059-04-26,4.226,0,0,0,0,0,0,0,0,0
2059-04-27,4.226,0,0,0,0,0,0,0,0,0
2059-04-28,4.226,0,0,0,0,0,0,0,0,0
2059-04-29,4.226,0,0,0,0,0,0,0,0,0
2059-04-30,4.226,0,0,0,0,0,0,0,0,0
2059-05-01,8.973,0,0,0,0,0,0,0,0,0
2059-05-02,8.973,0,0,0,0,0,0,0,0,0
2059-05-03,8.973,0,0,0,0,0,0,0,0,0
2059-05-04,8.973,0,0,0,0,0,0,0,0,0
2059-05-05,8.973,0,0,0,0,0,0,0,0,0
2059-05-06,8.973,0,0,0,0,0,0,0,0,0
2059-05-07,8.973,0,0,0,0,0,0,0,0,0
2059-05-08,8.973,0,0,0,0,0,0,0,0,0
2059-05-09,8.973,0,0,0,0,0,0,0,0,0
2059-05-10,8.973,0,0,0,0,0,0,0,0,0
2059-05-11,8.973,0,0,0,0,0,0,0,0,0
2059-05-12,8.973,0,0,0,0,0,0,0,0,0
2059-05-13,8.973,0,0,0,0,0,0,0,0,0
2059-05-14,8.973,0,0,0,0,0,0,0,0,0
2059-05-15,8.973,0,0,0,0,0,0,0,0,0
2059-05-16,8.973,0,0,0,0,0,0,0,0,0
2059-05-17,8.973,0,0,0,0,0,0,0,0,0
2059-05-18,8.973,0,0,0,0,0,0,0,0,0
2059-05-19,8.973,0,0,0,0,0,0,0,0,0
2059-05-20,8.973,0,0,0,0,0,0,0,0,0
2059-05-21,8.973,0,0,0,0,0,0,0,0,0
2059-05-22,8.973,0,0,0,0,0,0,0,0,0
2059-05-23,8.973,0,0,0,0,0,0,0,0,0
2059-05-24,8.973,0,0,0,0,0,0,0,0,0
2059-05-25,8.973,0,0,0,0,0,0,0,0,0
2059-05-26,8.973,0,0,0,0,0,0,0,0,0
2059-05-27,8.973,0,0,0,0,0,0,0,0,0
2059-05-28,8.973,0,0,0,0,0,0,0,0,0
2059-05-29,8.973,0,0,0,0,0,0,0,0,0
2059-05-30,8.973,0,0,0,0,0,0,0,0,0
2059-05-31,8.973,0,0,0,0,0,0,0,0,0
2059-06-01,17.951,0,0,0,0,0,0,0,0,0
2059-06-02,17.951,0,0,0,0,0,0,0,0,0
2059-06-03,17.951,0,0,0,0,0,0,0,0,0
2059-06-04,17.951,0,0,0,0,0,0,0,0,0
2059-06-05,17.951,0,0,0,0,0,0,0,0,0
2059-06-06,17.951,0,0,0,0,0,0,0,0,0
2059-06-07,17.951,0,0,0,0,0,0,0,0,0
2059-06-08,17.951,0,0,0,0,0,0,0,0,0
2059-06-09,17.951,0,0,0,0,0,0,0,0,0
2059-06-10,17.951,0,0,0,0,0,0,0,0,0
2059-06-11,17.951,0,0,0,0,0,0,0,0,0
2059-06-12,17.951,0,0,0,0,0,0,0,0,0
2059-06-13,17.951,0,0,0,0,0,0,0,0,0
2059-06-14,17.951,0,0,0,0,0,0,0,0,0
2059-06-15,17.951,0,0,0,0,0,0,0,0,0
2059-06-16,17.951,0,0,0,0,0,0,0,0,0
2059-06-17,17.951,0,0,0,0,0,0,0,0,0
2059-06-18,17.951,0,0,0,0,0,0,0,0,0
2059-06-19,17.951,0,0,0,0,0,0,0,0,0
2059-06-20,17.951,0,0,0,0,0,0,0,0,0
2059-06-21,17.951,0,0,0,0,0,0,0,0,0
2059-06-22,17.951,0,0,0,0,0,0,0,0,0
2059-06-23,17.951,0,0,0,0,0,0,0,0,0
2059-06-24,17.951,0,0,0,0,0,0,0,0,0
2059-06-25,17.951,0,0,0,0,0,0,0,0,0
2059-06-26,17.951,0,0,0,0,0,0,0,0,0
2059-06-27,17.951,0,0,0,0,0,0,0,0,0
2059-06-28,17.951,0,0,0,0,0,0,0,0,0
2059-06-29,17.951,0,0,0,0,0,0,0,0,0
2059-06-30,17.951,0,0,0,0,0,0,0,0,0
2059-07-01,16.268,0,0,0,0,0,0,0,0,0
2059-07-02,16.268,0,0,0,0,0,0,0,0,0
2059-07-03,16.268,0,0,0,0,0,0,0,0,0
2059-07-04,16.268,0,0,0,0,0,0,0,0,0
2059-07-05,16.268,0,0,0,0,0,0,0,0,0
2059-07-06,16.268,0,0,0,0,0,0,0,0,0
2059-07-07,16.268,0,0,0,0,0,0,0,0,0
2059-07-08,16.268,0,0,0,0,0,0,0,0,0
2059-07-09,16.268,0,0,0,0,0,0,0,0,0
2059-07-10,16.268,0,0,0,0,0,0,0,0,0
2059-07-11,16.268,0,0,0,0,0,0,0,0,0
2059-07-12,16.268,0,0,0,0,0,0,0,0,0
2059-07-13,16.268,0,0,0,0,0,0,0,0,0
2059-07-14,16.268,0,0,0,0,0,0,0,0,0
2059-07-15,16.268,0,0,0,0,0,0,0,0,0
2059-07-16,16.268,0,0,0,0,0,0,0,0,0
2059-07-17,16.268,0,0,0,0,0,0,0,0,0
2059-07-18,16.268,0,0,0,0,0,0,0,0,0
2059-07-19,16.268,0,0,0,0,0,0,0,0,0
2059-07-20,16.268,0,0,0,0,0,0,0,0,0
2059-07-21,16.268,0,0,0,0,0,0,0,0,0
2059-07-22,16.268,0,0,0,0,0,0,0,0,0
2059-07-23,16.268,0,0,0,0,0,0,0,0,0
2059-07-24,16.268,0,0,0,0,0,0,0,0,0
2059-07-25,16.268,0,0,0,0,0,0,0,0,0
2059-07-26,16.268,0,0,0,0,0,0,0,0,0
2059-07-27,16.268,0,0,0,0,0,0,0,0,0
2059-07-28,16.268,0,0,0,0,0,0,0,0,0
2059-07-29,16.268,0,0,0,0,0,0,0,0,0
2059-07-30,16.268,0,0,0,0,0,0,0,0,0
2059-07-31,16.268,0,0,0,0,0,0,0,0,0
2059-08-01,8.273,0,0,0,0,0,0,0,0,0
2059-08-02,8.273,0,0,0,0,0,0,0,0,0
2059-08-03,8.273,0,0,0,0,0,0,0,0,0
2059-08-04,8.273,0,0,0,0,0,0,0,0,0
2059-08-05,8.273,0,0,0,0,0,0,0,0,0
2059-08-06,8.273,0,0,0,0,0,0,0,0,0
2059-08-07,8.273,0,0,0,0,0,0,0,0,0
2059-08-08,8.273,0,0,0,0,0,0,0,0,0
2059-08-09,8.273,0,0,0,0,0,0,0,0,0
2059-08-10,8.273,0,0,0,0,0,0,0,0,0
2059-08-11,8.273,0,0,0,0,0,0,0,0,0
2059-08-12,8.273,0,0,0,0,0,0,0,0,0
2059-08-13,8.273,0,0,0,0,0,0,0,0,0
2059-08-14,8.273,0,0,0,0,0,0,0,0,0
2059-08-15,8.273,0,0,0,0,0,0,0,0,0
2059-08-16,8.273,0,0,0,0,0,0,0,0,0
2059-08-17,8.273,0,0,0,0,0,0,0,0,0
2059-08-18,8.273,0,0,0,0,0,0,0,0,0
2059-08-19,8.273,0,0,0,0,0,0,0,0,0
2059-08-20,8.273,0,0,0,0,0,0,0,0,0
2059-08-21,8.273,0,0,0,0,0,0,0,0,0
2059-08-22,8.273,0,0,0,0,0,0,0,0,0
2059-08-23,8.273,0,0,0,0,0,0,0,0,0
2059-08-24,8.273,0,0,0,0,0,0,0,0,0
2059-08-25,8.273,0,0,0,0,0,0,0,0,0
2059-08-26,8.273,0,0,0,0,0,0,0,0,0
2059-08-27,8.273,0,0,0,0,0,0,0,0,0
2059-08-28,8.273,0,0,0,0,0,0,0,0,0
2059-08-29,8.273,0,0,0,0,0,0,0,0,0
2059-08-30,8.273,0,0,0,0,0,0,0,0,0
2059-08-31,8.273,0,0,0,0,0,0,0,0,0
2059-09-01,9.838,0,0,0,0,0,0,0,0,0
2059-09-02,9.838,0,0,0,0,0,0,0,0,0
2059-09-03,9.838,0,0,0,0,0,0,0,0,0
2059-09-04,9.838,0,0,0,0,0,0,0,0,0
2059-09-05,9.838,0,0,0,0,0,0,0,0,0
2059-09-06,9.838,0,0,0,0,0,0,0,0,0
2059-09-07,9.838,0,0,0,0,0,0,0,0,0
2059-09-08,9.838,0,0,0,0,0,0,0,0,0
2059-09-09,9.838,0,0,0,0,0,0,0,0,0
2059-09-10,9.838,0,0,0,0,0,0,0,0,0
2059-09-11,9.838,0,0,0,0,0,0,0,0,0
2059-09-12,9.838,0,0,0,0,0,0,0,0,0
2059-09-13,9.838,0,0,0,0,0,0,0,0,0
2059-09-14,9.838,0,0,0,0,0,0,0,0,0
2059-09-15,9.838,0,0,0,0,0,0,0,0,0
2059-09-16,9.838,0,0,0,0,0,0,0,0,0
2059-09-17,9.838,0,0,0,0,0,0,0,0,0
2059-09-18,9.838,0,0,0,0,0,0,0,0,0
2059-09-19,9.838,0,0,0,0,0,0,0,0,0
2059-09-20,9.838,0,0,0,0,0,0,0,0,0
2059-09-21,9.838,0,0,0,0,0,0,0,0,0
2059-09-22,9.838,0,0,0,0,0,0,0,0,0
2059-09-23,9.838,0,0,0,0,0,0,0,0,0
2059-09-24,9.838,0,0,0,0,0,0,0,0,0
2059-09-25,9.838,0,0,0,0,0,0,0,0,0
2059-09-26,9.838,0,0,0,0,0,0,0,0,0
2059-09-27,9.838,0,0,0,0,0,0,0,0,0
2059-09-28,9.838,0,0,0,0,0,0,0,0,0
2059-09-29,9.838,0,0,0,0,0,0,0,0,0
2059-09-30,9.838,0,0,0,0,0,0,0,0,0
2059-10-01,3.806,0,0,0,0,0,0,0,0,0
2059-10-02,3.806,0,0,0,0,0,0,0,0,0
2059-10-03,3.806,0,0,0,0,0,0,0,0,0
2059-10-04,3.806,0,0,0,0,0,0,0,0,0
2059-10-05,3.806,0,0,0,0,0,0,0,0,0
2059-10-06,3.806,0,0,0,0,0,0,0,0,0
2059-10-07,3.806,0,0,0,0,0,0,0,0,0
2059-10-08,3.806,0,0,0,0,0,0,0,0,0
2059-10-09,3.806,0,0,0,0,0,0,0,0,0
2059-10-10,3.806,0,0,0,0,0,0,0,0,0
2059-10-11,3.806,0,0,0,0,0,0,0,0,0
2059-10-12,3.806,0,0,0,0,0,0,0,0,0
2059-10-13,3.806,0,0,0,0,0,0,0,0,0
2059-10-14,3.806,0,0,0,0,0,0,0,0,0
2059-10-15,3.806,0,0,0,0,0,0,0,0,0
2059-10-16,3.806,0,0,0,0,0,0,0,0,0
2059-10-17,3.806,0,0,0,0,0,0,0,0,0
2059-10-18,3.806,0,0,0,0,0,0,0,0,0
2059-10-19,3.806,0,0,0,0,0,0,0,0,0
2059-10-20,3.806,0,0,0,0,0,0,0,0,0
2059-10-21,3.806,0,0,0,0,0,0,0,0,0
2059-10-22,3.806,0,0,0,0,0,0,0,0,0
2059-10-23,3.806,0,0,0,0,0,0,0,0,0
2059-10-24,3.806,0,0,0,0,0,0,0,0,0
2059-10-25,3.806,0,0,0,0,0,0,0,0,0
2059-10-26,3.806,0,0,0,0,0,0,0,0,0
2059-10-27,3.806,0,0,0,0,0,0,0,0,0
2059-10-28,3.806,0,0,0,0,0,0,0,0,0
2059-10-29,3.806,0,0,0,0,0,0,0,0,0
2059-10-30,3.806,0,0,0,0,0,0,0,0,0
2059-10-31,3.806,0,0,0,0,0,0,0,0,0
2059-11-01,6.803,0,0,0,0,0,0,0,0,0
2059-11-02,6.803,0,0,0,0,0,0,0,0,0
2059-11-03,6.803,0,0,0,0,0,0,0,0,0
2059-11-04,6.803,0,0,0,0,0,0,0,0,0
2059-11-05,6.803,0,0,0,0,0,0,0,0,0
2059-11-06,6.803,0,0,0,0,0,0,0,0,0
2059-11-07,6.803,0,0,0,0,0,0,0,0,0
2059-11-08,6.803,0,0,0,0,0,0,0,0,0
2059-11-09,6.803,0,0,0,0,0,0,0,0,0
2059-11-10,6.803,0,0,0,0,0,0,0,0,0
2059-11-11,6.803,0,0,0,0,0,0,0,0,0
2059-11-12,6.803,0,0,0,0,0,0,0,0,0
2059-11-13,6.803,0,0,0,0,0,0,0,0,0
2059-11-14,6.803,0,0,0,0,0,0,0,0,0
2059-11-15,6.803,0,0,0,0,0,0,0,0,0
2059-11-16,6.803,0,0,0,0,0,0,0,0,0
2059-11-17,6.803,0,0,0,0,0,0,0,0,0
2059-11-18,6.803,0,0,0,0,0,0,0,0,0
2059-11-19,6.803,0,0,0,0,0,0,0,0,0
2059-11-20,6.803,0,0,0,0,0,0,0,0,0
2059-11-21,6.803,0,0,0,0,0,0,0,0,0
2059-11-22,6.803,0,0,0,0,0,0,0,0,0
2059-11-23,6.803,0,0,0,0,0,0,0,0,0
2059-11-24,6.803,0,0,0,0,0,0,0,0,0
2059-11-25,6.803,0,0,0,0,0,0,0,0,0
2059-11-26,6.803,0,0,0,0,0,0,0,0,0
2059-11-27,6.803,0,0,0,0,0,0,0,0,0
2059-11-28,6.803,0,0,0,0,0,0,0,0,0
2059-11-29,6.803,0,0,0,0,0,0,0,0,0
2059-11-30,6.803,0,0,0,0,0,0,0,0,0
2059-12-01,6.249,0,0,0,0,0,0,0,0,0
2059-12-02,6.249,0,0,0,0,0,0,0,0,0
2059-12-03,6.249,0,0,0,0,0,0,0,0,0
2059-12-04,6.249,0,0,0,0,0,0,0,0,0
2059-12-05,6.249,0,0,0,0,0,0,0,0,0
2059-12-06,6.249,0,0,0,0,0,0,0,0,0
2059-12-07,6.249,0,0,0,0,0,0,0,0,0
2059-12-08,6.249,0,0,0,0,0,0,0,0,0
2059-12-09,6.249,0,0,0,0,0,0,0,0,0
2059-12-10,6.249,0,0,0,0,0,0,0,0,0
2059-12-11,6.249,0,0,0,0,0,0,0,0,0
2059-12-12,6.249,0,0,0,0,0,0,0,0,0
2059-12-13,6.249,0,0,0,0,0,0,0,0,0
2059-12-14,6.249,0,0,0,0,0,0,0,0,0
2059-12-15,6.249,0,0,0,0,0,0,0,0,0
2059-12-16,6.249,0,0,0,0,0,0,0,0,0
2059-12-17,6.249,0,0,0,0,0,0,0,0,0
2059-12-18,6.249,0,0,0,0,0,0,0,0,0
2059-12-19,6.249,0,0,0,0,0,0,0,0,0
2059-12-20,6.249,0,0,0,0,0,0,0,0,0
2059-12-21,6.249,0,0,0,0,0,0,0,0,0
2059-12-22,6.249,0,0,0,0,0,0,0,0,0
2059-12-23,6.249,0,0,0,0,0,0,0,0,0
2059-12-24,6.249,0,0,0,0,0,0,0,0,0
2059-12-25,6.249,0,0,0,0,0,0,0,0,0
2059-12-26,6.249,0,0,0,0,0,0,0,0,0
2059-12-27,6.249,0,0,0,0,0,0,0,0,0
2059-12-28,6.249,0,0,0,0,0,0,0,0,0
2059-12-29,6.249,0,0,0,0,0,0,0,0,0
2059-12-30,6.249,0,0,0,0,0,0,0,0,0
2059-12-31,6.249,0,0,0,0,0,0,0,0,0
2060-01-01,9.292,0,0,0,0,0,0,0,0,0
2060-01-02,9.292,0,0,0,0,0,0,0,0,0
2060-01-03,9.292,0,0,0,0,0,0,0,0,0
2060-01-04,9.292,0,0,0,0,0,0,0,0,0
2060-01-05,9.292,0,0,0,0,0,0,0,0,0
2060-01-06,9.292,0,0,0,0,0,0,0,0,0
2060-01-07,9.292,0,0,0,0,0,0,0,0,0
2060-01-08,9.292,0,0,0,0,0,0,0,0,0
2060-01-09,9.292,0,0,0,0,0,0,0,0,0
2060-01-10,9.292,0,0,0,0,0,0,0,0,0
2060-01-11,9.292,0,0,0,0,0,0,0,0,0
2060-01-12,9.292,0,0,0,0,0,0,0,0,0
2060-01-13,9.292,0,0,0,0,0,0,0,0,0
2060-01-14,9.292,0,0,0,0,0,0,0,0,0
2060-01-15,9.292,0,0,0,0,0,0,0,0,0
2060-01-16,9.292,0,0,0,0,0,0,0,0,0
2060-01-17,9.292,0,0,0,0,0,0,0,0,0
2060-01-18,9.292,0,0,0,0,0,0,0,0,0
2060-01-19,9.292,0,0,0,0,0,0,0,0,0
2060-01-20,9.292,0,0,0,0,0,0,0,0,0
2060-01-21,9.292,0,0,0,0,0,0,0,0,0
2060-01-22,9.292,0,0,0,0,0,0,0,0,0
2060-01-23,9.292,0,0,0,0,0,0,0,0,0
2060-01-24,9.292,0,0,0,0,0,0,0,0,0
2060-01-25,9.292,0,0,0,0,0,0,0,0,0
2060-01-26,9.292,0,0,0,0,0,0,0,0,0
2060-01-27,9.292,0,0,0,0,0,0,0,0,0
2060-01-28,9.292,0,0,0,0,0,0,0,0,0
2060-01-29,9.292,0,0,0,0,0,0,0,0,0
2060-01-30,9.292,0,0,0,0,0,0,0,0,0
2060-01-31,9.292,0,0,0,0,0,0,0,0,0
2060-02-01,5.627,0,0,0,0,0,0,0,0,0
2060-02-02,5.627,0,0,0,0,0,0,0,0,0
2060-02-03,5.627,0,0,0,0,0,0,0,0,0
2060-02-04,5.627,0,0,0,0,0,0,0,0,0
2060-02-05,5.627,0,0,0,0,0,0,0,0,0
2060-02-06,5.627,0,0,0,0,0,0,0,0,0
2060-02-07,5.627,0,0,0,0,0,0,0,0,0
2060-02-08,5.627,0,0,0,0,0,0,0,0,0
2060-02-09,5.627,0,0,0,0,0,0,0,0,0
2060-02-10,5.627,0,0,0,0,0,0,0,0,0
2060-02-11,5.627,0,0,0,0,0,0,0,0,0
2060-02-12,5.627,0,0,0,0,0,0,0,0,0
2060-02-13,5.627,0,0,0,0,0,0,0,0,0
2060-02-14,5.627,0,0,0,0,0,0,0,0,0
2060-02-15,5.627,0,0,0,0,0,0,0,0,0
2060-02-16,5.627,0,0,0,0,0,0,0,0,0
2060-02-17,5.627,0,0,0,0,0,0,0,0,0
2060-02-18,5.627,0,0,0,0,0,0,0,0,0
2060-02-19,5.627,0,0,0,0,0,0,0,0,0
2060-02-20,5.627,0,0,0,0,0,0,0,0,0
2060-02-21,5.627,0,0,0,0,0,0,0,0,0
2060-02-22,5.627,0,0,0,0,0,0,0,0,0
2060-02-23,5.627,0,0,0,0,0,0,0,0,0
2060-02-24,5.627,0,0,0,0,0,0,0,0,0
2060-02-25,5.627,0,0,0,0,0,0,0,0,0
2060-02-26,5.627,0,0,0,0,0,0,0,0,0
2060-02-27,5.627,0,0,0,0,0,0,0,0,0
2060-02-28,5.627,0,0,0,0,0,0,0,0,0
2060-03-01,9.947,0,0,0,0,0,0,0,0,0
2060-03-02,9.947,0,0,0,0,0,0,0,0,0
2060-03-03,9.947,0,0,0,0,0,0,0,0,0
2060-03-04,9.947,0,0,0,0,0,0,0,0,0
2060-03-05,9.947,0,0,0,0,0,0,0,0,0
2060-03-06,9.947,0,0,0,0,0,0,0,0,0
2060-03-07,9.947,0,0,0,0,0,0,0,0,0
2060-03-08,9.947,0,0,0,0,0,0,0,0,0
2060-03-09,9.947,0,0,0,0,0,0,0,0,0
2060-03-10,9.947,0,0,0,0,0,0,0,0,0
2060-03-11,9.947,0,0,0,0,0,0,0,0,0
2060-03-12,9.947,0,0,0,0,0,0,0,0,0
2060-03-13,9.947,0,0,0,0,0,0,0,0,0
2060-03-14,9.947,0,0,0,0,0,0,0,0,0
2060-03-15,9.947,0,0,0,0,0,0,0,0,0
2060-03-16,9.947,0,0,0,0,0,0,0,0,0
2060-03-17,9.947,0,0,0,0,0,0,0,0,0
2060-03-18,9.947,0,0,0,0,0,0,0,0,0
2060-03-19,9.947,0,0,0,0,0,0,0,0,0
2060-03-20,9.947,0,0,0,0,0,0,0,0,0
2060-03-21,9.947,0,0,0,0,0,0,0,0,0
2060-03-22,9.947,0,0,0,0,0,0,0,0,0
2060-03-23,9.947,0,0,0,0,0,0,0,0,0
2060-03-24,9.947,0,0,0,0,0,0,0,0,0
2060-03-25,9.947,0,0,0,0,0,0,0,0,0
2060-03-26,9.947,0,0,0,0,0,0,0,0,0
2060-03-27,9.947,0,0,0,0,0,0,0,0,0
2060-03-28,9.947,0,0,0,0,0,0,0,0,0
2060-03-29,9.947,0,0,0,0,0,0,0,0,0
2060-03-30,9.947,0,0,0,0,0,0,0,0,0
2060-03-31,9.947,0,0,0,0,0,0,0,0,0
2060-04-01,4.226,0,0,0,0,0,0,0,0,0
2060-04-02,4.226,0,0,0,0,0,0,0,0,0
2060-04-03,4.226,0,0,0,0,0,0,0,0,0
2060-04-04,4.226,0,0,0,0,0,0,0,0,0
2060-04-05,4.226,0,0,0,0,0,0,0,0,0
2060-04-06,4.226,0,0,0,0,0,0,0,0,0
2060-04-07,4.226,0,0,0,0,0,0,0,0,0
2060-04-08,4.226,0,0,0,0,0,0,0,0,0
2060-04-09,4.226,0,0,0,0,0,0,0,0,0
2060-04-10,4.226,0,0,0,0,0,0,0,0,0
2060-04-11,4.226,0,0,0,0,0,0,0,0,0
2060-04-12,4.226,0,0,0,0,0,0,0,0,0
2060-04-13,4.226,0,0,0,0,0,0,0,0,0
2060-04-14,4.226,0,0,0,0,0,0,0,0,0
2060-04-15,4.226,0,0,0,0,0,0,0,0,0
2060-04-16,4.226,0,0,0,0,0,0,0,0,0
2060-04-17,4.226,0,0,0,0,0,0,0,0,0
2060-04-18,4.226,0,0,0,0,0,0,0,0,0
2060-04-19,4.226,0,0,0,0,0,0,0,0,0
2060-04-20,4.226,0,0,0,0,0,0,0,0,0
2060-04-21,4.226,0,0,0,0,0,0,0,0,0
2060-04-22,4.226,0,0,0,0,0,0,0,0,0
2060-04-23,4.226,0,0,0,0,0,0,0,0,0
2060-04-24,4.226,0,0,0,0,0,0,0,0,0
2060-04-25,4.226,0,0,0,0,0,0,0,0,0
2060-04-26,4.226,0,0,0,0,0,0,0,0,0
2060-04-27,4.226,0,0,0,0,0,0,0,0,0
2060-04-28,4.226,0,0,0,0,0,0,0,0,0
2060-04-29,4.226,0,0,0,0,0,0,0,0,0
2060-04-30,4.226,0,0,0,0,0,0,0,0,0
2060-05-01,8.973,0,0,0,0,0,0,0,0,0
2060-05-02,8.973,0,0,0,0,0,0,0,0,0
2060-05-03,8.973,0,0,0,0,0,0,0,0,0
2060-05-04,8.973,0,0,0,0,0,0,0,0,0
2060-05-05,8.973,0,0,0,0,0,0,0,0,0
2060-05-06,8.973,0,0,0,0,0,0,0,0,0
2060-05-07,8.973,0,0,0,0,0,0,0,0,0
2060-05-08,8.973,0,0,0,0,0,0,0,0,0
2060-05-09,8.973,0,0,0,0,0,0,0,0,0
2060-05-10,8.973,0,0,0,0,0,0,0,0,0
2060-05-11,8.973,0,0,0,0,0,0,0,0,0
2060-05-12,8.973,0,0,0,0,0,0,0,0,0
2060-05-13,8.973,0,0,0,0,0,0,0,0,0
2060-05-14,8.973,0,0,0,0,0,0,0,0,0
2060-05-15,8.973,0,0,0,0,0,0,0,0,0
2060-05-16,8.973,0,0,0,0,0,0,0,0,0
2060-05-17,8.973,0,0,0,0,0,0,0,0,0
2060-05-18,8.973,0,0,0,0,0,0,0,0,0
2060-05-19,8.973,0,0,0,0,0,0,0,0,0
2060-05-20,8.973,0,0,0,0,0,0,0,0,0
2060-05-21,8.973,0,0,0,0,0,0,0,0,0
2060-05-22,8.973,0,0,0,0,0,0,0,0,0
2060-05-23,8.973,0,0,0,0,0,0,0,0,0
2060-05-24,8.973,0,0,0,0,0,0,0,0,0
2060-05-25,8.973,0,0,0,0,0,0,0,0,0
2060-05-26,8.973,0,0,0,0,0,0,0,0,0
2060-05-27,8.973,0,0,0,0,0,0,0,0,0
2060-05-28,8.973,0,0,0,0,0,0,0,0,0
2060-05-29,8.973,0,0,0,0,0,0,0,0,0
2060-05-30,8.973,0,0,0,0,0,0,0,0,0
2060-05-31,8.973,0,0,0,0,0,0,0,0,0
2060-06-01,17.951,0,0,0,0,0,0,0,0,0
2060-06-02,17.951,0,0,0,0,0,0,0,0,0
2060-06-03,17.951,0,0,0,0,0,0,0,0,0
2060-06-04,17.951,0,0,0,0,0,0,0,0,0
2060-06-05,17.951,0,0,0,0,0,0,0,0,0
2060-06-06,17.951,0,0,0,0,0,0,0,0,0
2060-06-07,17.951,0,0,0,0,0,0,0,0,0
2060-06-08,17.951,0,0,0,0,0,0,0,0,0
2060-06-09,17.951,0,0,0,0,0,0,0,0,0
2060-06-10,17.951,0,0,0,0,0,0,0,0,0
2060-06-11,17.951,0,0,0,0,0,0,0,0,0
2060-06-12,17.951,0,0,0,0,0,0,0,0,0
2060-06-13,17.951,0,0,0,0,0,0,0,0,0
2060-06-14,17.951,0,0,0,0,0,0,0,0,0
2060-06-15,17.951,0,0,0,0,0,0,0,0,0
2060-06-16,17.951,0,0,0,0,0,0,0,0,0
2060-06-17,17.951,0,0,0,0,0,0,0,0,0
2060-06-18,17.951,0,0,0,0,0,0,0,0,0
2060-06-19,17.951,0,0,0,0,0,0,0,0,0
2060-06-20,17.951,0,0,0,0,0,0,0,0,0
2060-06-21,17.951,0,0,0,0,0,0,0,0,0
2060-06-22,17.951,0,0,0,0,0,0,0,0,0
2060-06-23,17.951,0,0,0,0,0,0,0,0,0
2060-06-24,17.951,0,0,0,0,0,0,0,0,0
2060-06-25,17.951,0,0,0,0,0,0,0,0,0
2060-06-26,17.951,0,0,0,0,0,0,0,0,0
2060-06-27,17.951,0,0,0,0,0,0,0,0,0
2060-06-28,17.951,0,0,0,0,0,0,0,0,0
2060-06-29,17.951,0,0,0,0,0,0,0,0,0
2060-06-30,17.951,0,0,0,0,0,0,0,0,0
2060-07-01,16.268,0,0,0,0,0,0,0,0,0
2060-07-02,16.268,0,0,0,0,0,0,0,0,0
2060-07-03,16.268,0,0,0,0,0,0,0,0,0
2060-07-04,16.268,0,0,0,0,0,0,0,0,0
2060-07-05,16.268,0,0,0,0,0,0,0,0,0
2060-07-06,16.268,0,0,0,0,0,0,0,0,0
2060-07-07,16.268,0,0,0,0,0,0,0,0,0
2060-07-08,16.268,0,0,0,0,0,0,0,0,0
2060-07-09,16.268,0,0,0,0,0,0,0,0,0
2060-07-10,16.268,0,0,0,0,0,0,0,0,0
2060-07-11,16.268,0,0,0,0,0,0,0,0,0
2060-07-12,16.268,0,0,0,0,0,0,0,0,0
2060-07-13,16.268,0,0,0,0,0,0,0,0,0
2060-07-14,16.268,0,0,0,0,0,0,0,0,0
2060-07-15,16.268,0,0,0,0,0,0,0,0,0
2060-07-16,16.268,0,0,0,0,0,0,0,0,0
2060-07-17,16.268,0,0,0,0,0,0,0,0,0
2060-07-18,16.268,0,0,0,0,0,0,0,0,0
2060-07-19,16.268,0,0,0,0,0,0,0,0,0
2060-07-20,16.268,0,0,0,0,0,0,0,0,0
2060-07-21,16.268,0,0,0,0,0,0,0,0,0
2060-07-22,16.268,0,0,0,0,0,0,0,0,0
2060-07-23,16.268,0,0,0,0,0,0,0,0,0
2060-07-24,16.268,0,0,0,0,0,0,0,0,0
2060-07-25,16.268,0,0,0,0,0,0,0,0,0
2060-07-26,16.268,0,0,0,0,0,0,0,0,0
2060-07-27,16.268,0,0,0,0,0,0,0,0,0
2060-07-28,16.268,0,0,0,0,0,0,0,0,0
2060-07-29,16.268,0,0,0,0,0,0,0,0,0
2060-07-30,16.268,0,0,0,0,0,0,0,0,0
2060-07-31,16.268,0,0,0,0,0,0,0,0,0
2060-08-01,8.273,0,0,0,0,0,0,0,0,0
2060-08-02,8.273,0,0,0,0,0,0,0,0,0
2060-08-03,8.273,0,0,0,0,0,0,0,0,0
2060-08-04,8.273,0,0,0,0,0,0,0,0,0
2060-08-05,8.273,0,0,0,0,0,0,0,0,0
2060-08-06,8.273,0,0,0,0,0,0,0,0,0
2060-08-07,8.273,0,0,0,0,0,0,0,0,0
2060-08-08,8.273,0,0,0,0,0,0,0,0,0
2060-08-09,8.273,0,0,0,0,0,0,0,0,0
2060-08-10,8.273,0,0,0,0,0,0,0,0,0
2060-08-11,8.273,0,0,0,0,0,0,0,0,0
2060-08-12,8.273,0,0,0,0,0,0,0,0,0
2060-08-13,8.273,0,0,0,0,0,0,0,0,0
2060-08-14,8.273,0,0,0,0,0,0,0,0,0
2060-08-15,8.273,0,0,0,0,0,0,0,0,0
2060-08-16,8.273,0,0,0,0,0,0,0,0,0
2060-08-17,8.273,0,0,0,0,0,0,0,0,0
2060-08-18,8.273,0,0,0,0,0,0,0,0,0
2060-08-19,8.273,0,0,0,0,0,0,0,0,0
2060-08-20,8.273,0,0,0,0,0,0,0,0,0
2060-08-21,8.273,0,0,0,0,0,0,0,0,0
2060-08-22,8.273,0,0,0,0,0,0,0,0,0
2060-08-23,8.273,0,0,0,0,0,0,0,0,0
2060-08-24,8.273,0,0,0,0,0,0,0,0,0
2060-08-25,8.273,0,0,0,0,0,0,0,0,0
2060-08-26,8.273,0,0,0,0,0,0,0,0,0
2060-08-27,8.273,0,0,0,0,0,0,0,0,0
2060-08-28,8.273,0,0,0,0,0,0,0,0,0
2060-08-29,8.273,0,0,0,0,0,0,0,0,0
2060-08-30,8.273,0,0,0,0,0,0,0,0,0
2060-08-31,8.273,0,0,0,0,0,0,0,0,0
2060-09-01,9.838,0,0,0,0,0,0,0,0,0
2060-09-02,9.838,0,0,0,0,0,0,0,0,0
2060-09-03,9.838,0,0,0,0,0,0,0,0,0
2060-09-04,9.838,0,0,0,0,0,0,0,0,0
2060-09-05,9.838,0,0,0,0,0,0,0,0,0
2060-09-06,9.838,0,0,0,0,0,0,0,0,0
2060-09-07,9.838,0,0,0,0,0,0,0,0,0
2060-09-08,9.838,0,0,0,0,0,0,0,0,0
2060-09-09,9.838,0,0,0,0,0,0,0,0,0
2060-09-10,9.838,0,0,0,0,0,0,0,0,0
2060-09-11,9.838,0,0,0,0,0,0,0,0,0
2060-09-12,9.838,0,0,0,0,0,0,0,0,0
2060-09-13,9.838,0,0,0,0,0,0,0,0,0
2060-09-14,9.838,0,0,0,0,0,0,0,0,0
2060-09-15,9.838,0,0,0,0,0,0,0,0,0
2060-09-16,9.838,0,0,0,0,0,0,0,0,0
2060-09-17,9.838,0,0,0,0,0,0,0,0,0
2060-09-18,9.838,0,0,0,0,0,0,0,0,0
2060-09-19,9.838,0,0,0,0,0,0,0,0,0
2060-09-20,9.838,0,0,0,0,0,0,0,0,0
2060-09-21,9.838,0,0,0,0,0,0,0,0,0
2060-09-22,9.838,0,0,0,0,0,0,0,0,0
2060-09-23,9.838,0,0,0,0,0,0,0,0,0
2060-09-24,9.838,0,0,0,0,0,0,0,0,0
2060-09-25,9.838,0,0,0,0,0,0,0,0,0
2060-09-26,9.838,0,0,0,0,0,0,0,0,0
2060-09-27,9.838,0,0,0,0,0,0,0,0,0
2060-09-28,9.838,0,0,0,0,0,0,0,0,0
2060-09-29,9.838,0,0,0,0,0,0,0,0,0
2060-09-30,9.838,0,0,0,0,0,0,0,0,0
2060-10-01,3.806,0,0,0,0,0,0,0,0,0
2060-10-02,3.806,0,0,0,0,0,0,0,0,0
2060-10-03,3.806,0,0,0,0,0,0,0,0,0
2060-10-04,3.806,0,0,0,0,0,0,0,0,0
2060-10-05,3.806,0,0,0,0,0,0,0,0,0
2060-10-06,3.806,0,0,0,0,0,0,0,0,0
2060-10-07,3.806,0,0,0,0,0,0,0,0,0
2060-10-08,3.806,0,0,0,0,0,0,0,0,0
2060-10-09,3.806,0,0,0,0,0,0,0,0,0
2060-10-10,3.806,0,0,0,0,0,0,0,0,0
2060-10-11,3.806,0,0,0,0,0,0,0,0,0
2060-10-12,3.806,0,0,0,0,0,0,0,0,0
2060-10-13,3.806,0,0,0,0,0,0,0,0,0
2060-10-14,3.806,0,0,0,0,0,0,0,0,0
2060-10-15,3.806,0,0,0,0,0,0,0,0,0
2060-10-16,3.806,0,0,0,0,0,0,0,0,0
2060-10-17,3.806,0,0,0,0,0,0,0,0,0
2060-10-18,3.806,0,0,0,0,0,0,0,0,0
2060-10-19,3.806,0,0,0,0,0,0,0,0,0
2060-10-20,3.806,0,0,0,0,0,0,0,0,0
2060-10-21,3.806,0,0,0,0,0,0,0,0,0
2060-10-22,3.806,0,0,0,0,0,0,0,0,0
2060-10-23,3.806,0,0,0,0,0,0,0,0,0
2060-10-24,3.806,0,0,0,0,0,0,0,0,0
2060-10-25,3.806,0,0,0,0,0,0,0,0,0
2060-10-26,3.806,0,0,0,0,0,0,0,0,0
2060-10-27,3.806,0,0,0,0,0,0,0,0,0
2060-10-28,3.806,0,0,0,0,0,0,0,0,0
2060-10-29,3.806,0,0,0,0,0,0,0,0,0
2060-10-30,3.806,0,0,0,0,0,0,0,0,0
2060-10-31,3.806,0,0,0,0,0,0,0,0,0
2060-11-01,6.803,0,0,0,0,0,0,0,0,0
2060-11-02,6.803,0,0,0,0,0,0,0,0,0
2060-11-03,6.803,0,0,0,0,0,0,0,0,0
2060-11-04,6.803,0,0,0,0,0,0,0,0,0
2060-11-05,6.803,0,0,0,0,0,0,0,0,0
2060-11-06,6.803,0,0,0,0,0,0,0,0,0
2060-11-07,6.803,0,0,0,0,0,0,0,0,0
2060-11-08,6.803,0,0,0,0,0,0,0,0,0
2060-11-09,6.803,0,0,0,0,0,0,0,0,0
2060-11-10,6.803,0,0,0,0,0,0,0,0,0
2060-11-11,6.803,0,0,0,0,0,0,0,0,0
2060-11-12,6.803,0,0,0,0,0,0,0,0,0
2060-11-13,6.803,0,0,0,0,0,0,0,0,0
2060-11-14,6.803,0,0,0,0,0,0,0,0,0
2060-11-15,6.803,0,0,0,0,0,0,0,0,0
2060-11-16,6.803,0,0,0,0,0,0,0,0,0
2060-11-17,6.803,0,0,0,0,0,0,0,0,0
2060-11-18,6.803,0,0,0,0,0,0,0,0,0
2060-11-19,6.803,0,0,0,0,0,0,0,0,0
2060-11-20,6.803,0,0,0,0,0,0,0,0,0
2060-11-21,6.803,0,0,0,0,0,0,0,0,0
2060-11-22,6.803,0,0,0,0,0,0,0,0,0
2060-11-23,6.803,0,0,0,0,0,0,0,0,0
2060-11-24,6.803,0,0,0,0,0,0,0,0,0
2060-11-25,6.803,0,0,0,0,0,0,0,0,0
2060-11-26,6.803,0,0,0,0,0,0,0,0,0
2060-11-27,6.803,0,0,0,0,0,0,0,0,0
2060-11-28,6.803,0,0,0,0,0,0,0,0,0
2060-11-29,6.803,0,0,0,0,0,0,0,0,0
2060-11-30,6.803,0,0,0,0,0,0,0,0,0
2060-12-01,6.249,0,0,0,0,0,0,0,0,0
2060-12-02,6.249,0,0,0,0,0,0,0,0,0
2060-12-03,6.249,0,0,0,0,0,0,0,0,0
2060-12-04,6.249,0,0,0,0,0,0,0,0,0
2060-12-05,6.249,0,0,0,0,0,0,0,0,0
2060-12-06,6.249,0,0,0,0,0,0,0,0,0
2060-12-07,6.249,0,0,0,0,0,0,0,0,0
2060-12-08,6.249,0,0,0,0,0,0,0,0,0
2060-12-09,6.249,0,0,0,0,0,0,0,0,0
2060-12-10,6.249,0,0,0,0,0,0,0,0,0
2060-12-11,6.249,0,0,0,0,0,0,0,0,0
2060-12-12,6.249,0,0,0,0,0,0,0,0,0
2060-12-13,6.249,0,0,0,0,0,0,0,0,0
2060-12-14,6.249,0,0,0,0,0,0,0,0,0
2060-12-15,6.249,0,0,0,0,0,0,0,0,0
2060-12-16,6.249,0,0,0,0,0,0,0,0,0
2060-12-17,6.249,0,0,0,0,0,0,0,0,0
2060-12-18,6.249,0,0,0,0,0,0,0,0,0
2060-12-19,6.249,0,0,0,0,0,0,0,0,0
2060-12-20,6.249,0,0,0,0,0,0,0,0,0
2060-12-21,6.249,0,0,0,0,0,0,0,0,0
2060-12-22,6.249,0,0,0,0,0,0,0,0,0
2060-12-23,6.249,0,0,0,0,0,0,0,0,0
2060-12-24,6.249,0,0,0,0,0,0,0,0,0
2060-12-25,6.249,0,0,0,0,0,0,0,0,0
2060-12-26,6.249,0,0,0,0,0,0,0,0,0
2060-12-27,6.249,0,0,0,0,0,0,0,0,0
2060-12-28,6.249,0,0,0,0,0,0,0,0,0
2060-12-29,6.249,0,0,0,0,0,0,0,0,0
2060-12-30,6.249,0,0,0,0,0,0,0,0,0
2060-12-31,6.249,0,0,0,0,0,0,0,0,0
